timestamp,amcl_x,amcl_y,amcl_theta,dubins_x,dubins_y,dubins_v,dubins_theta,teleop_v,teleop_w
1775604983.127539,0.29279656843783103,0.006634515560461515,0.03718512142290971,2.7518180156512337,0.6595559655977753,0.06074780746287834,0.5243339538574219,0.07,0.0
1775604983.2275467,0.29279656843783103,0.006634515560461515,0.03718512142290971,2.758059142591851,0.6631730869510064,0.060807221879864946,0.5259166955947877,0.07,0.0
1775604983.3275242,0.29279656843783103,0.006634515560461515,0.03718512142290971,2.7644749135573363,0.6668926831985668,0.09174960722873159,0.5248048305511475,0.07,0.0
1775604983.4275122,0.29279656843783103,0.006634515560461515,0.03718512142290971,2.7693393068936634,0.66970524919612,0.05719792882894327,0.5243001580238342,0.07,0.0
1775604983.5276155,0.29279656843783103,0.006634515560461515,0.03718512142290971,2.7756502079406435,0.6733534008851733,0.05612565516765212,0.5235095620155334,0.07,0.0
1775604983.627542,0.29279656843783103,0.006634515560461515,0.03718512142290971,2.7821404395584963,0.6770959138615372,0.060275103144137816,0.5227001309394836,0.07,0.0
1775604983.7274733,0.29279656843783103,0.006634515560461515,0.03718512142290971,2.7884135769110374,0.6807082244275048,0.0851102308799068,0.5222442150115967,0.07,0.0
1775604983.8274443,0.29279656843783103,0.006634515560461515,0.03718512142290971,2.7935228581153773,0.6836534658952246,0.05836956734673554,0.5239291787147522,0.07,0.0
1775604983.9274144,0.29279656843783103,0.006634515560461515,0.03718512142290971,2.8000305169269604,0.6874164144932773,0.05976373159186154,0.5244071483612062,0.07,0.0
1775604984.027441,0.29279656843783103,0.006634515560461515,0.03718512142290971,2.8064474409352527,0.6911340213755907,0.08613673883392896,0.5253018140792846,0.07,0.0
1775604984.1275184,0.29279656843783103,0.006634515560461515,0.03718512142290971,2.8114618604441133,0.694041067769773,0.058659637343508195,0.5257099866867065,0.07,0.0
1775604984.227531,0.29279656843783103,0.006634515560461515,0.03718512142290971,2.8179640407147044,0.6978134752005327,0.0592957583349255,0.5256046056747437,0.07,0.0
1775604984.3276165,0.29279656843783103,0.006634515560461515,0.03718512142290971,2.824469818291274,0.7015796746594857,0.08968850295359272,0.524288535118103,0.07,0.0
1775604984.4275115,0.29279656843783103,0.006634515560461515,0.03718512142290971,2.8307803508214264,0.7052284639962828,0.08821186206670883,0.523981511592865,0.07,0.0
1775604984.5275168,0.29279656843783103,0.006634515560461515,0.03718512142290971,2.8358433729409733,0.7081525893046972,0.059762237968583896,0.5234202146530151,0.07,0.0
1775604984.6275215,0.29279656843783103,0.006634515560461515,0.03718512142290971,2.842136387865724,0.711781099007779,0.05779337549504589,0.5225316286087036,0.07,0.0
1775604984.7275038,0.29279656843783103,0.006634515560461515,0.03718512142290971,2.848473491166145,0.7154344875871139,0.08911971381424015,0.5233966112136841,0.07,0.0
1775604984.8274984,0.29279656843783103,0.006634515560461515,0.03718512142290971,2.8536019386828153,0.7183971565464318,0.05724885135805624,0.5241396427154542,0.07,0.0
1775604984.927549,0.29279656843783103,0.006634515560461515,0.03718512142290971,2.859976790117178,0.7220864011228842,0.057699538031967076,0.5252740979194641,0.07,0.0
1775604985.0274696,0.29279656843783103,0.006634515560461515,0.03718512142290971,2.8665689563665984,0.7259054506426597,0.06033150907949594,0.525203824043274,0.07,0.0
1775604985.127465,0.29279656843783103,0.006634515560461515,0.03718512142290971,2.8729395462418985,0.7296020495780856,0.09021402964524246,0.5258783102035521,0.07,0.0
1775604985.227484,0.29279656843783103,0.006634515560461515,0.03718512142290971,2.878063200577527,0.7325730001662928,0.0588131242618467,0.525092363357544,0.07,0.0
1775604985.3274453,0.29279656843783103,0.006634515560461515,0.03718512142290971,2.8843689725742507,0.7362300101399063,0.055219235280205316,0.5259532928466796,0.07,0.0
1775604985.4275465,0.29279656843783103,0.006634515560461515,0.03718512142290971,2.890739959465437,0.7399259247657106,0.08773418604286513,0.5252482295036316,0.07,0.0
1775604985.527588,0.29279656843783103,0.006634515560461515,0.03718512142290971,2.895713032451415,0.7428033556380378,0.05923040709902695,0.5239601731300355,0.07,0.0
1775604985.6276522,0.29279656843783103,0.006634515560461515,0.03718512142290971,2.9021117734850868,0.7465018498595146,0.059941585158147515,0.5247349739074707,0.07,0.0
1775604985.7276063,0.29279656843783103,0.006634515560461515,0.03718512142290971,2.9084653124659323,0.7501773900031162,0.05927863540936623,0.524161696434021,0.07,0.0
1775604985.827506,0.29279656843783103,0.006634515560461515,0.03718512142290971,2.914863771332976,0.7538763726111004,0.09167215614285024,0.5243279337882996,0.07,0.0
1775604985.9274745,0.29279656843783103,0.006634515560461515,0.03718512142290971,2.919989750517974,0.7568433100417409,0.06127216536826924,0.5253257751464843,0.07,0.0
1775604986.0276537,0.29279656843783103,0.006634515560461515,0.03718512142290971,2.9263592604836637,0.7605417688171355,0.060869421587459005,0.5266767144203186,0.07,0.0
1775604986.1275744,0.29279656843783103,0.006634515560461515,0.03718512142290971,2.932880244201907,0.7643321978865524,0.09014765380581956,0.526380181312561,0.07,-0.05
1775604986.2274292,0.29279656843783103,0.006634515560461515,0.03718512142290971,2.939072864320702,0.7679320505464101,0.08795458319747992,0.5268131494522096,0.07,-0.1
1775604986.3274653,0.29279656843783103,0.006634515560461515,0.03718512142290971,2.9442633558867075,0.7709391013751701,0.06070423726834998,0.5227841138839722,0.07,-0.1
1775604986.4274175,0.29279656843783103,0.006634515560461515,0.03718512142290971,2.9505474067046134,0.774532371127832,0.05978316985038926,0.5157223343849182,0.07,-0.1
1775604986.5274465,0.29279656843783103,0.006634515560461515,0.03718512142290971,2.95675687850737,0.7780003673395336,0.08589270288114628,0.5055245161056517,0.07,-0.1
1775604986.6275291,0.29279656843783103,0.006634515560461515,0.03718512142290971,2.963243001681235,0.7815433440390169,0.08761185590233254,0.4964656233787536,0.07,-0.1
1775604986.7274785,0.29279656843783103,0.006634515560461515,0.03718512142290971,2.9686416999326344,0.7844367408276924,0.060690403224405914,0.4868460297584533,0.07,-0.1
1775604986.8274636,0.29279656843783103,0.006634515560461515,0.03718512142290971,2.975252334172989,0.7879080856256364,0.058801835403450756,0.47950023412704473,0.07,-0.05
1775604986.927421,0.29279656843783103,0.006634515560461515,0.03718512142290971,2.981647933529992,0.791189362078899,0.08614787608980634,0.4704350233078003,0.07,0.0
1775604987.0275486,0.29279656843783103,0.006634515560461515,0.03718512142290971,2.98684334012259,0.7938155886256977,0.05635727503133399,0.4652845859527588,0.07,0.0
1775604987.127458,0.29279656843783103,0.006634515560461515,0.03718512142290971,2.993472397551257,0.79714021008542,0.056213679747281434,0.4638035297393799,0.07,0.0
1775604987.2274895,0.29279656843783103,0.006634515560461515,0.03718512142290971,3.000015675875346,0.800410016167716,0.05938816418693432,0.462474524974823,0.07,0.0
1775604987.327514,0.59549491183348,0.03132477831317756,0.030177700704713126,3.0066987507320424,0.8037397920793468,0.08916942070515789,0.46169257164001465,0.07,0.0
1775604987.4275625,0.59549491183348,0.03132477831317756,0.030177700704713126,3.012046654335666,0.8064007134446405,0.05927535937072315,0.4615759253501892,0.07,0.0
1775604987.5274858,0.59549491183348,0.03132477831317756,0.030177700704713126,3.018686314323382,0.8097041105690912,0.05829911935349789,0.4616647362709045,0.07,0.0
1775604987.6274054,0.59549491183348,0.03132477831317756,0.030177700704713126,3.0253466854860918,0.8130226976277635,0.09168304822837321,0.46270644664764404,0.07,0.0
1775604987.7276447,0.59549491183348,0.03132477831317756,0.030177700704713126,3.030621897028367,0.8156592376967249,0.05984937068701433,0.46456998586654663,0.07,0.0
1775604987.8274832,0.59549491183348,0.03132477831317756,0.030177700704713126,3.0373187722113,0.8190180134086317,0.061276380128835496,0.46497017145156855,0.07,0.0
1775604987.927585,0.59549491183348,0.03132477831317756,0.030177700704713126,3.044083374257727,0.822411123663369,0.09059490644252104,0.4648480415344239,0.07,0.0
1775604988.0274935,0.59549491183348,0.03132477831317756,0.030177700704713126,3.049513296191509,0.82513440924885,0.060331132037768506,0.46472227573394775,0.07500000000000001,0.0
1775604988.1274962,0.59549491183348,0.03132477831317756,0.030177700704713126,3.05602981477324,0.8284011308934239,0.06016963862904172,0.46477437019348145,0.08,0.0
1775604988.2275424,0.59549491183348,0.03132477831317756,0.030177700704713126,3.062591955157736,0.831689803393854,0.0869315865219392,0.46429312229156494,0.085,0.0
1775604988.327629,0.59549491183348,0.03132477831317756,0.030177700704713126,3.0680697369891337,0.834430571698038,0.06228778340450125,0.46412318944931036,0.09,0.0
1775604988.4275262,0.59549491183348,0.03132477831317756,0.030177700704713126,3.0753123441988133,0.8380562080894374,0.06342497813602092,0.4641607403755188,0.09,0.05
1775604988.5275803,0.59549491183348,0.03132477831317756,0.030177700704713126,3.0834806789775935,0.8421508324784427,0.07467509886874311,0.46559029817581177,0.09,0.1
1775604988.6275566,0.59549491183348,0.03132477831317756,0.030177700704713126,3.092018430249801,0.8464685361063158,0.1150220759988747,0.4705700278282165,0.09,0.15000000000000002
1775604988.7275128,0.59549491183348,0.03132477831317756,0.030177700704713126,3.098661242241508,0.8498778894991922,0.07352422882363727,0.4791677594184875,0.09,0.2
1775604988.8275566,0.59549491183348,0.03132477831317756,0.030177700704713126,3.1070636972107852,0.8542922829798253,0.07337295024558639,0.48970580101013184,0.09,0.25
1775604988.9274852,0.59549491183348,0.03132477831317756,0.030177700704713126,3.115127679603114,0.8586952174622287,0.10789872932008966,0.5076171755790712,0.09,0.3
1775604989.0275137,0.59549491183348,0.03132477831317756,0.030177700704713126,3.121834992703671,0.862516796995058,0.07807346362554635,0.5317285060882568,0.09,0.35000000000000003
1775604989.1275387,0.59549491183348,0.03132477831317756,0.030177700704713126,3.1298104755860225,0.8673276041390617,0.07206559767225715,0.561641275882721,0.09,0.4
1775604989.2274735,0.59549491183348,0.03132477831317756,0.030177700704713126,3.1379287044791817,0.8725785994690093,0.07511603603113576,0.5911295413970948,0.09,0.4
1775604989.327455,0.59549491183348,0.03132477831317756,0.030177700704713126,3.1457794078761614,0.8781342088073786,0.11876801580905678,0.6311309933662413,0.09,0.4
1775604989.4274693,0.59549491183348,0.03132477831317756,0.030177700704713126,3.153122530614293,0.8837810166430392,0.11169653594724707,0.6716729402542114,0.09,0.4
1775604989.5276496,0.59549491183348,0.03132477831317756,0.030177700704713126,3.1589246607372585,0.8885600657969533,0.0721053567177528,0.7107452154159545,0.09,0.4
1775604989.6276505,0.7464445559763017,0.05746899881202564,0.33660432962745296,3.1658200587238112,0.894669848725865,0.07518592061653026,0.742193579673767,0.09,0.4
1775604989.7275443,0.7464445559763017,0.05746899881202564,0.33660432962745296,3.172722037688477,0.9013312332417666,0.1187851376277914,0.7840009927749634,0.09,0.35000000000000003
1775604989.8276494,0.7464445559763017,0.05746899881202564,0.33660432962745296,3.1792181059137623,0.9081463098541575,0.1155315543157938,0.8251127004623412,0.09,0.30000000000000004
1775604989.9275508,0.7464445559763017,0.05746899881202564,0.33660432962745296,3.184135218256001,0.9136635470606773,0.07392330763287029,0.8627974987030029,0.09,0.30000000000000004
1775604990.0275745,0.7464445559763017,0.05746899881202564,0.33660432962745296,3.19035179833892,0.9211015518425529,0.07752605404432232,0.888471245765686,0.09,0.30000000000000004
1775604990.1275833,0.7464445559763017,0.05746899881202564,0.33660432962745296,3.1962914596871768,0.9286661536068437,0.11347817960030172,0.9162453413009642,0.09,0.30000000000000004
1775604990.2275558,0.7542749732522098,0.11000018898779197,0.6161219029202488,3.2018080397614384,0.936139322619158,0.11239491748750241,0.9474407434463501,0.09,0.30000000000000004
1775604990.3275936,0.7542749732522098,0.11000018898779197,0.6161219029202488,3.2062109173581383,0.9424492754331593,0.07908468329929189,0.9790925979614258,0.09,0.30000000000000004
1775604990.4275918,0.7542749732522098,0.11000018898779197,0.6161219029202488,3.211417979186718,0.95038475823317,0.07495501189876233,1.003978729248047,0.09,0.30000000000000004
1775604990.527564,0.7542749732522098,0.11000018898779197,0.6161219029202488,3.21637706787528,0.958507079054923,0.11309243554031101,1.0347703695297241,0.09,0.25000000000000006
1775604990.6274083,0.7542749732522098,0.11000018898779197,0.6161219029202488,3.2209017983670765,0.9664449804493306,0.11224693069534306,1.063841104507446,0.09,0.20000000000000007
1775604990.7274354,0.7542749732522098,0.11000018898779197,0.6161219029202488,3.2244638470364784,0.9730358247930965,0.07826942659871167,1.0882822275161745,0.09,0.20000000000000004
1775604990.8276584,0.7542749732522098,0.11000018898779197,0.6161219029202488,3.2288656642095,0.9816158384875171,0.07907255644146136,1.1070712804794312,0.09,0.20000000000000004
1775604990.927495,0.7542749732522098,0.11000018898779197,0.6161219029202488,3.233070134549966,0.9902942276564374,0.1072959498941103,1.1285357475280762,0.09,0.20000000000000004
1775604991.027645,0.8010857647161908,0.17566180612648863,0.8838524848884586,3.2363072737618137,0.9973023593823919,0.07860298444300115,1.149925947189331,0.09,0.20000000000000004
1775604991.1276455,0.8010857647161908,0.17566180612648863,0.8838524848884586,3.2401839656361875,1.0061321112074724,0.07693680363385566,1.165526628494263,0.09,0.20000000000000004
1775604991.2275069,0.8010857647161908,0.17566180612648863,0.8838524848884586,3.243757760529299,1.014760831208971,0.11052296183209978,1.185834527015686,0.09,0.25000000000000006
1775604991.3276465,0.8010857647161908,0.17566180612648863,0.8838524848884586,3.246475584122626,1.0216335958868494,0.07306374393924034,1.2052668333053589,0.09,0.30000000000000004
1775604991.4275675,0.8010857647161908,0.17566180612648863,0.8838524848884586,3.2496735520930136,1.0302466499611591,0.07369123221329091,1.2318818569183352,0.09,0.30000000000000004
1775604991.527643,0.8010857647161908,0.17566180612648863,0.8838524848884586,3.25272620091279,1.0392069501350192,0.07747185318512474,1.2563266754150393,0.09,0.30000000000000004
1775604991.6275108,0.8010857647161908,0.17566180612648863,0.8838524848884586,3.2555708692720233,1.0485532528941037,0.11744441513403459,1.2884917259216309,0.09,0.35000000000000003
1775604991.7275941,0.8010857647161908,0.17566180612648863,0.8838524848884586,3.257641017806846,1.0560950426435183,0.07906455731719189,1.3207025527954104,0.09,0.4
1775604991.8274877,0.8010857647161908,0.17566180612648863,0.8838524848884586,3.259860558306058,1.065271099340601,0.07707174432442525,1.3478063344955444,0.09,0.4
1775604991.927479,0.8010857647161908,0.17566180612648863,0.8838524848884586,3.2616894224285584,1.0743004302273982,0.1125230426066515,1.3862566947937014,0.09,0.35000000000000003
1775604992.0274782,0.8131782396882309,0.26765516597249267,1.2085436338947952,3.263228762201474,1.0839734067408022,0.11668148608442393,1.4291120767593384,0.09,0.30000000000000004
1775604992.1276057,0.8131782396882309,0.26765516597249267,1.2085436338947952,3.264189206630375,1.0917348078563527,0.07853234299065964,1.4696199893951416,0.09,0.25000000000000006
1775604992.227461,0.8131782396882309,0.26765516597249267,1.2085436338947952,3.2650046339908467,1.1011402127153662,0.11205884350984963,1.4960789680480957,0.09,0.20000000000000007
1775604992.3275301,0.8131782396882309,0.26765516597249267,1.2085436338947952,3.265549907174756,1.1103876717431136,0.1099953964617771,1.522166132926941,0.09,0.15000000000000008
1775604992.427601,0.8131782396882309,0.26765516597249267,1.2085436338947952,3.265839636096041,1.1179246109931962,0.07559199808494108,1.5404248237609863,0.09,0.10000000000000007
1775604992.5276444,0.8131782396882309,0.26765516597249267,1.2085436338947952,3.26606600809841,1.127438680359291,0.07706410544754222,1.554406762123108,0.09,0.10000000000000003
1775604992.6274846,0.8131782396882309,0.26765516597249267,1.2085436338947952,3.26613817851019,1.1370057889170233,0.11724718519550534,1.5687754154205322,0.09,0.10000000000000003
1775604992.7276437,0.8131782396882309,0.26765516597249267,1.2085436338947952,3.2661088402805456,1.1445989096358278,0.07346022731036954,1.579743146896362,0.09,0.05000000000000003
1775604992.8276505,0.8131782396882309,0.26765516597249267,1.2085436338947952,3.265990094951677,1.154064343528664,0.07232069725545613,1.587768316268921,0.09,2.7755575615628914e-17
1775604992.927452,0.8131782396882309,0.26765516597249267,1.2085436338947952,3.265818929746202,1.1634530461022716,0.07533326078380712,1.5903923511505127,0.095,2.7755575615628914e-17
1775604993.0275908,0.8131782396882309,0.26765516597249267,1.2085436338947952,3.2656371956942833,1.1728162363707622,0.11472840310398032,1.5895961523056028,0.09999999999999999,2.7755575615628914e-17
1775604993.1275043,0.8131782396882309,0.26765516597249267,1.2085436338947952,3.2654967854356913,1.1804587737001204,0.06409825231451964,1.5885977745056152,0.105,2.7755575615628914e-17
1775604993.227509,0.8131782396882309,0.26765516597249267,1.2085436338947952,3.265322790774989,1.190379036909158,0.08105305546896584,1.589141607284546,0.10999999999999999,2.7755575615628914e-17
1775604993.3274906,0.8131782396882309,0.26765516597249267,1.2085436338947952,3.2651240382762183,1.2008304601911586,0.12915999446729293,1.5904638767242432,0.11499999999999999,2.7755575615628914e-17
1775604993.4274762,0.8131782396882309,0.26765516597249267,1.2085436338947952,3.2649532597427164,1.2094090831218622,0.08663276668366936,1.590808629989624,0.11999999999999998,2.7755575615628914e-17
1775604993.5276496,0.8131782396882309,0.26765516597249267,1.2085436338947952,3.2647217026164217,1.2205940097986594,0.09044306894766402,1.5911282300949097,0.11999999999999998,2.7755575615628914e-17
1775604993.627457,0.8131782396882309,0.26765516597249267,1.2085436338947952,3.264470999993786,1.2323861241729321,0.14116586182109997,1.592611074447632,0.11999999999999998,2.7755575615628914e-17
1775604993.7274532,0.8131782396882309,0.26765516597249267,1.2085436338947952,3.264276353245049,1.2416984220622458,0.09274764687863934,1.5911170244216917,0.11999999999999998,2.7755575615628914e-17
1775604993.8274157,0.8131782396882309,0.26765516597249267,1.2085436338947952,3.2640360996152182,1.2532375929517061,0.09478470560804896,1.5930007696151731,0.11999999999999998,2.7755575615628914e-17
1775604993.927416,0.8131782396882309,0.26765516597249267,1.2085436338947952,3.263769101221676,1.2648268117843187,0.14268481256081816,1.5939459800720215,0.11999999999999998,0.05000000000000003
1775604994.0274112,0.8251982553797446,0.46026423369208347,1.4405472725640636,3.26349329523656,1.2764664601537725,0.15080739636279758,1.594608187675476,0.11999999999999998,0.10000000000000003
1775604994.1274993,0.8251982553797446,0.46026423369208347,1.4405472725640636,3.263274759357562,1.2853225038232672,0.08890276607567855,1.5961060523986819,0.11999999999999998,0.15000000000000002
1775604994.2274902,0.8251982553797446,0.46026423369208347,1.4405472725640636,3.2629586445448933,1.2968598344873874,0.08866129791534277,1.6021509170532227,0.11999999999999998,0.2
1775604994.3275142,0.8251982553797446,0.46026423369208347,1.4405472725640636,3.2625598874296666,1.3081413348399,0.13228999032446248,1.6099327802658079,0.11999999999999998,0.20000000000000004
1775604994.4274964,0.8251982553797446,0.46026423369208347,1.4405472725640636,3.2621024880324563,1.3174950075319798,0.09413478380535796,1.6288211345672607,0.11999999999999998,0.25000000000000006
1775604994.5275962,0.8251982553797446,0.46026423369208347,1.4405472725640636,3.261303599830027,1.329287853943682,0.09477669608322442,1.6534613370895386,0.11999999999999998,0.30000000000000004
1775604994.6275885,0.8251982553797446,0.46026423369208347,1.4405472725640636,3.2601510751906004,1.341229364220879,0.14298657747152138,1.6806174516677856,0.11999999999999998,0.30000000000000004
1775604994.7276225,0.8251982553797446,0.46026423369208347,1.4405472725640636,3.259037865866174,1.350374797734711,0.09334792205695441,1.7037366628646848,0.11999999999999998,0.30000000000000004
1775604994.8275394,0.8251982553797446,0.46026423369208347,1.4405472725640636,3.257361515124243,1.3618961005377754,0.09372804803014366,1.7328721284866333,0.11999999999999998,0.30000000000000004
1775604994.927453,0.8251982553797446,0.46026423369208347,1.4405472725640636,3.255314981495702,1.3734346412588117,0.14174517608549592,1.7579756975173952,0.11999999999999998,0.25000000000000006
1775604995.027484,0.8251982553797446,0.46026423369208347,1.4405472725640636,3.2529335161082606,1.3848569254043366,0.14235373087417597,1.7885152101516724,0.11999999999999998,0.20000000000000007
1775604995.1275008,0.8251982553797446,0.46026423369208347,1.4405472725640636,3.2508075893093134,1.3938991679594752,0.09356369111340845,1.8164652585983279,0.11999999999999998,0.15000000000000002
1775604995.2276006,0.8009243905622749,0.6020384325474376,1.7121022648084112,3.2479609395918216,1.4047965767739616,0.08753349969264754,1.8394731283187864,0.11999999999999998,0.10000000000000003
1775604995.3274603,0.8009243905622749,0.6020384325474376,1.7121022648084112,3.244930408335426,1.4155655499804238,0.08954574230522536,1.8526312112808228,0.11999999999999998,0.05000000000000003
1775604995.4275799,0.8009243905622749,0.6020384325474376,1.7121022648084112,3.2415934338510497,1.4267199443981962,0.1438477303278921,1.866649270057678,0.11999999999999998,2.7755575615628914e-17
1775604995.527562,0.8009243905622749,0.6020384325474376,1.7121022648084112,3.2388381962355277,1.4356174180132415,0.09619074091150423,1.87545907497406,0.11999999999999998,2.7755575615628914e-17
1775604995.627562,0.8009243905622749,0.6020384325474376,1.7121022648084112,3.235327238186699,1.4467183461001112,0.08860504176167738,1.878102421760559,0.11999999999999998,2.7755575615628914e-17
1775604995.7275412,0.8009243905622749,0.6020384325474376,1.7121022648084112,3.2317780960855584,1.457913382440298,0.09325456172161965,1.877006411552429,0.11999999999999998,2.7755575615628914e-17
1775604995.8276453,0.8009243905622749,0.6020384325474376,1.7121022648084112,3.228925503412567,1.4669395440226933,0.09470775630306162,1.87639582157135,0.11999999999999998,2.7755575615628914e-17
1775604995.9274204,0.8009243905622749,0.6020384325474376,1.7121022648084112,3.2254728136525546,1.4778996169846808,0.09316468847837495,1.8760133981704712,0.11999999999999998,-0.049999999999999975
1775604996.0276167,0.8009243905622749,0.6020384325474376,1.7121022648084112,3.2221122331694234,1.4885702637064167,0.08764162978058523,1.8755508661270144,0.11999999999999998,-0.09999999999999998
1775604996.1275208,0.8009243905622749,0.6020384325474376,1.7121022648084112,3.2186800720517423,1.4995632957255802,0.14021012024229276,1.8716918230056765,0.11999999999999998,-0.09999999999999998
1775604996.2276413,0.8009243905622749,0.6020384325474376,1.7121022648084112,3.2159691241088497,1.508394972639447,0.09343170651471404,1.8643392324447632,0.11999999999999998,-0.09999999999999998
1775604996.3275836,0.8009243905622749,0.6020384325474376,1.7121022648084112,3.212553008885007,1.5198427505772842,0.09472019339436513,1.8544245958328247,0.11999999999999998,-0.09999999999999998
1775604996.4275866,0.8009243905622749,0.6020384325474376,1.7121022648084112,3.209333484700446,1.5310579938380475,0.14102357979737498,1.8466676473617554,0.11999999999999998,-0.09999999999999998
1775604996.5275438,0.8009243905622749,0.6020384325474376,1.7121022648084112,3.20689367693703,1.5398633580296623,0.08864789736808541,1.836379647254944,0.11999999999999998,-0.09999999999999998
1775604996.6276429,0.8009243905622749,0.6020384325474376,1.7121022648084112,3.203882581291477,1.551110142025601,0.0907010789315978,1.8274706602096558,0.11999999999999998,-0.09999999999999998
1775604996.7275488,0.8009243905622749,0.6020384325474376,1.7121022648084112,3.200949366726294,1.5624297973926067,0.095263854213095,1.8199664354324339,0.11999999999999998,-0.049999999999999975
1775604996.8276465,0.8009243905622749,0.6020384325474376,1.7121022648084112,3.1980549493612056,1.5739683101918678,0.14391042511567287,1.8128873109817505,0.11999999999999998,2.7755575615628914e-17
1775604996.927508,0.8009243905622749,0.6020384325474376,1.7121022648084112,3.19595096254296,1.58257356787814,0.08967008264742476,1.809447407722473,0.11999999999999998,2.7755575615628914e-17
1775604997.0274894,0.8009243905622749,0.6020384325474376,1.7121022648084112,3.193259647020807,1.5936929288558712,0.09452143970616243,1.8063465356826782,0.11999999999999998,2.7755575615628914e-17
1775604997.127647,0.8009243905622749,0.6020384325474376,1.7121022648084112,3.1906714525683886,1.6045247041719461,0.08982758757278336,1.8045371770858762,0.11999999999999998,2.7755575615628914e-17
1775604997.2275038,0.8009243905622749,0.6020384325474376,1.7121022648084112,3.1880440053458634,1.6155292634150085,0.13714157126722398,1.805369257926941,0.11999999999999998,2.7755575615628914e-17
1775604997.3275824,0.8009243905622749,0.6020384325474376,1.7121022648084112,3.185301146858683,1.6269486309727133,0.13602874226306808,1.8072615861892698,0.11999999999999998,2.7755575615628914e-17
1775604997.427623,0.8009243905622749,0.6020384325474376,1.7121022648084112,3.1831698418642804,1.6357556361469483,0.09144721082657949,1.8086847066879275,0.11999999999999998,2.7755575615628914e-17
1775604997.5276077,0.8009243905622749,0.6020384325474376,1.7121022648084112,3.1804543140837747,1.6469733060731813,0.0953076787614047,1.8078583478927612,0.11999999999999998,0.05000000000000003
1775604997.6276004,0.7345413179587061,0.8667036519334144,1.7131121362294957,3.1777771808405033,1.6579919300892816,0.09239249292166786,1.8105298280715942,0.11999999999999998,0.10000000000000003
1775604997.7275927,0.7345413179587061,0.8667036519334144,1.7131121362294957,3.1751122704148544,1.6688832746028828,0.13347679745940064,1.8125089406967163,0.11999999999999998,0.15000000000000002
1775604997.827593,0.7345413179587061,0.8667036519334144,1.7131121362294957,3.172778067075353,1.678161566332664,0.09471357642487566,1.8235305547714233,0.11999999999999998,0.2
1775604997.9275713,0.7345413179587061,0.8667036519334144,1.7131121362294957,3.1698124032884176,1.689394188610539,0.0890526268541396,1.8384765386581423,0.11999999999999998,0.25000000000000006
1775604998.027511,0.7345413179587061,0.8667036519334144,1.7131121362294957,3.1667031207728358,1.700430213005726,0.09354791656982452,1.8532909154891968,0.11999999999999998,0.30000000000000004
1775604998.1274061,0.7345413179587061,0.8667036519334144,1.7131121362294957,3.1634078904033633,1.7112534053678454,0.13705204208402694,1.8754912614822388,0.11999999999999998,0.30000000000000004
1775604998.2275214,0.7345413179587061,0.8667036519334144,1.7131121362294957,3.1605615316855165,1.719935690034023,0.08802975979644942,1.9025918245315552,0.11999999999999998,0.30000000000000004
1775604998.3274927,0.7345413179587061,0.8667036519334144,1.7131121362294957,3.1565612312327875,1.7310847903394129,0.09505699825688634,1.93469512462616,0.11999999999999998,0.30000000000000004
1775604998.4275777,0.7345413179587061,0.8667036519334144,1.7131121362294957,3.1523894852488277,1.7416828975987029,0.09017340298378601,1.9585267305374146,0.11999999999999998,0.30000000000000004
1775604998.527641,0.7345413179587061,0.8667036519334144,1.7131121362294957,3.1476975165750822,1.752586628385892,0.14126278371801076,1.9890042543411255,0.11999999999999998,0.30000000000000004
1775604998.6274433,0.7345413179587061,0.8667036519334144,1.7131121362294957,3.143831253583035,1.7609768273725888,0.09567012182393266,2.018438935279846,0.11999999999999998,0.30000000000000004
1775604998.7274895,0.7345413179587061,0.8667036519334144,1.7131121362294957,3.1388345481835005,1.7711273342939895,0.08700370146032935,2.041281580924988,0.11999999999999998,0.30000000000000004
1775604998.8274796,0.6762486593815705,1.0164416577143345,1.9598564248337904,3.1334005613649003,1.7813380493869007,0.13737769407168895,2.073144316673279,0.11999999999999998,0.30000000000000004
1775604998.9274821,0.6762486593815705,1.0164416577143345,1.9598564248337904,3.127570312931241,1.7914740169013155,0.13701695396690072,2.106413960456848,0.11999999999999998,0.30000000000000004
1775604999.0275202,0.6762486593815705,1.0164416577143345,1.9598564248337904,3.122733066710672,1.7993741536498982,0.08906356951143642,2.137674927711487,0.11999999999999998,0.30000000000000004
1775604999.127534,0.6762486593815705,1.0164416577143345,1.9598564248337904,3.116298490634698,1.8092589280907305,0.09260452085297333,2.16043484210968,0.11999999999999998,0.25000000000000006
1775604999.2274475,0.6762486593815705,1.0164416577143345,1.9598564248337904,3.109801605463929,1.818613689996891,0.14028025482626838,2.1898900270462036,0.11999999999999998,0.20000000000000007
1775604999.3275056,0.6762486593815705,1.0164416577143345,1.9598564248337904,3.104266729842238,1.8261991037874994,0.09125993292828082,2.2158807516098022,0.11999999999999998,0.15000000000000008
1775604999.4274974,0.6762486593815705,1.0164416577143345,1.9598564248337904,3.0972194273783007,1.8353711245378646,0.09127231404247861,2.240075469017029,0.11999999999999998,0.10000000000000007
1775604999.5274615,0.6762486593815705,1.0164416577143345,1.9598564248337904,3.090145558435062,1.8442007629372277,0.08772429911742959,2.254917025566101,0.11999999999999998,0.05000000000000003
1775604999.6274705,0.632620390837012,1.0925906689105989,2.16025737779289,3.082977708010871,1.85292160702378,0.09345367800364397,2.2631529569625854,0.11999999999999998,2.7755575615628914e-17
1775604999.7274878,0.632620390837012,1.0925906689105989,2.16025737779289,3.075805510469549,1.8615073817376078,0.13459703040924026,2.2690504789352417,0.12499999999999999,2.7755575615628914e-17
1775604999.8275046,0.632620390837012,1.0925906689105989,2.16025737779289,3.068383519895489,1.8703130937690948,0.1269021242420071,2.2724579572677612,0.12999999999999998,2.7755575615628914e-17
1775604999.9275682,0.632620390837012,1.0925906689105989,2.16025737779289,3.062017714499116,1.8778242444709228,0.10284152897988659,2.2749234437942505,0.13499999999999998,2.7755575615628914e-17
1775605000.0274785,0.632620390837012,1.0925906689105989,2.16025737779289,3.0538207266430315,1.8874661884984194,0.10435341539783319,2.276227593421936,0.145,2.7755575615628914e-17
1775605000.12749,0.632620390837012,1.0925906689105989,2.16025737779289,3.045183898593204,1.897597939497824,0.16445781270286866,2.2767027616500854,0.15,2.7755575615628914e-17
1775605000.2274907,0.632620390837012,1.0925906689105989,2.16025737779289,3.037819355992792,1.9062533009752418,0.11542814668546682,2.274243950843811,0.15,0.05000000000000003
1775605000.3275328,0.632620390837012,1.0925906689105989,2.16025737779289,3.0281370193862958,1.9176556049693891,0.12757132442432775,2.2747381925582886,0.15,0.10000000000000003
1775605000.4274228,0.632620390837012,1.0925906689105989,2.16025737779289,3.0177852262031135,1.929784357293254,0.19353877883984336,2.277631402015686,0.15,0.15000000000000002
1775605000.5275898,0.632620390837012,1.0925906689105989,2.16025737779289,3.0092603585751223,1.939678688825482,0.13062043839075335,2.2853885889053345,0.15,0.2
1775605000.6274922,0.632620390837012,1.0925906689105989,2.16025737779289,2.998842626524557,1.9515494115365526,0.12629587445646065,2.2997323274612427,0.15,0.25
1775605000.727509,0.632620390837012,1.0925906689105989,2.16025737779289,2.988278813462955,1.963222115057706,0.13186571571222253,2.315334916114807,0.15,0.3
1775605000.827508,0.632620390837012,1.0925906689105989,2.16025737779289,2.977292113820672,1.9747784337187488,0.1897142520963703,2.341267466545105,0.15,0.35
1775605000.9276068,0.632620390837012,1.0925906689105989,2.16025737779289,2.9682169808825503,1.983886499630799,0.12924850128886095,2.370543360710144,0.15,0.39999999999999997
1775605001.027482,0.632620390837012,1.0925906689105989,2.16025737779289,2.9567754292992596,1.9947367167860164,0.12507081893931596,2.397873044013977,0.15,0.44999999999999996
1775605001.1275916,0.632620390837012,1.0925906689105989,2.16025737779289,2.94472874034252,2.0052982477415733,0.19293334676289028,2.438287854194641,0.15,0.49999999999999994
1775605001.2276268,0.632620390837012,1.0925906689105989,2.16025737779289,2.934705208705739,2.013430414900888,0.12709421516803182,2.4870482683181763,0.15,0.5499999999999999
1775605001.3275528,0.632620390837012,1.0925906689105989,2.16025737779289,2.921802305731018,2.0229696853878436,0.13062914989606475,2.525377869606018,0.15,0.6
1775605001.4275818,0.4801133609234887,1.2854966116874906,2.4504093113378422,2.909077783814,2.031394950864725,0.18498519416588247,2.579388976097107,0.15,0.65
1775605001.5274003,0.4801133609234887,1.2854966116874906,2.4504093113378422,2.895324637385001,2.0393600456950427,0.18721758701382993,2.643473505973816,0.15,0.75
1775605001.6273994,0.4801133609234887,1.2854966116874906,2.4504093113378422,2.8813786727434785,2.0462125729554526,0.205496559064653,2.7122563123703003,0.15,0.7999999999999999
1775605001.7274945,0.4801133609234887,1.2854966116874906,2.4504093113378422,2.869606698888474,2.051188844972907,0.13053887735338554,2.7701574563980103,0.15,0.7999999999999999
1775605001.8275812,0.4418320605572911,1.3189931067356824,2.701978245143901,2.866387859395735,2.0519409868067067,0.1916510896135553,2.850959245358603,0.15,0.7499999999999999
1775605001.9275732,0.4418320605572911,1.3189931067356824,2.701978245143901,2.854218721299135,2.055117985182795,0.11269093023358556,2.9291214386569426,0.15,0.7
1775605002.027493,0.4418320605572911,1.3189931067356824,2.701978245143901,2.838917859254165,2.0579659406290416,0.11949670336772665,3.0016614834414885,0.15,0.6499999999999999
1775605002.1275952,0.4418320605572911,1.3189931067356824,2.701978245143901,2.823126588314842,2.0597649356274204,0.1277768367149442,3.061279718075888,0.15,0.6
1775605002.2275722,0.39122907441892996,1.3387587124007292,2.975524646614382,2.807170225951136,2.0603993965642045,0.19564613586121168,3.12738293806185,0.15,0.5499999999999999
1775605002.327476,0.39122907441892996,1.3387587124007292,2.975524646614382,2.794719562077388,2.0602488136622763,0.12558091899906343,-3.098375678062439,0.15,0.45
1775605002.4275188,0.39122907441892996,1.3387587124007292,2.975524646614382,2.7790332964512503,2.0592656230768553,0.13262325078017093,-3.055125117301941,0.15,0.4
1775605002.527607,0.39122907441892996,1.3387587124007292,2.975524646614382,2.7632250346996914,2.0573896560672162,0.2288528396561356,-3.0037676095962524,0.15,0.35000000000000003
1775605002.6275487,0.3270995765128252,1.3474960738617128,-3.1192450391733737,2.747596963860657,2.054785273271663,0.1933680284046224,-2.960115075111389,0.15,0.30000000000000004
1775605002.7274694,0.3270995765128252,1.3474960738617128,-3.1192450391733737,2.735785754986858,2.052411625505996,0.12038884271837165,-2.92267644405365,0.15,0.25000000000000006
1775605002.827555,0.3270995765128252,1.3474960738617128,-3.1192450391733737,2.7201401349528083,2.0487344998390524,0.125493570300048,-2.895095705986023,0.15,0.20000000000000007
1775605002.9276676,0.3270995765128252,1.3474960738617128,-3.1192450391733737,2.7047917449129324,2.0446028605998583,0.19009659261636927,-2.8681291341781616,0.15,0.20000000000000004
1775605003.0274167,0.3270995765128252,1.3474960738617128,-3.1192450391733737,2.6898094800583827,2.0401975282721865,0.19128624977666336,-2.847931742668152,0.15,0.15000000000000002
1775605003.127422,0.3270995765128252,1.3474960738617128,-3.1192450391733737,2.677961077716776,2.0365330099692796,0.12690640166546857,-2.833032250404358,0.15,0.10000000000000003
1775605003.2274435,0.3270995765128252,1.3474960738617128,-3.1192450391733737,2.6626016578024285,2.031547944749289,0.13111729320049656,-2.820973753929138,0.15,0.05000000000000003
1775605003.3275347,0.3270995765128252,1.3474960738617128,-3.1192450391733737,2.6477034566889035,2.026459670262887,0.19495201439211163,-2.80691134929657,0.15,2.7755575615628914e-17
1775605003.427473,0.3270995765128252,1.3474960738617128,-3.1192450391733737,2.6355894306220717,2.022226022618912,0.1272752294161003,-2.8035260438919067,0.15,-0.049999999999999975
1775605003.527471,0.3270995765128252,1.3474960738617128,-3.1192450391733737,2.6205523970309894,2.0169199981775185,0.12884175522852906,-2.8008755445480347,0.15,-0.09999999999999998
1775605003.6274865,0.3270995765128252,1.3474960738617128,-3.1192450391733737,2.6053775113521445,2.011548273145195,0.1935934730727296,-2.802235722541809,0.155,-0.09999999999999998
1775605003.7274666,0.3270995765128252,1.3474960738617128,-3.1192450391733737,2.5934119733454124,2.007350119965098,0.13051845864596298,-2.8084887266159058,0.16,-0.09999999999999998
1775605003.8274505,0.3270995765128252,1.3474960738617128,-3.1192450391733737,2.5785460472732438,2.0022454983621603,0.12238174166664628,-2.8148781061172485,0.165,-0.09999999999999998
1775605003.9274135,0.3270995765128252,1.3474960738617128,-3.1192450391733737,2.5634063832757294,1.9971597964974945,0.13303611741777005,-2.8201335668563843,0.17,-0.09999999999999998
1775605004.027477,0.3270995765128252,1.3474960738617128,-3.1192450391733737,2.5470612319201864,1.99176875380029,0.2090839369498341,-2.8248215913772583,0.17500000000000002,-0.09999999999999998
1775605004.1274984,0.3270995765128252,1.3474960738617128,-3.1192450391733737,2.5338434629954096,1.9874819363733571,0.14190023914829047,-2.8316231966018677,0.18500000000000003,-0.09999999999999998
1775605004.2274122,0.3270995765128252,1.3474960738617128,-3.1192450391733737,2.516776780361172,1.9821018409256401,0.14887290543968165,-2.840717911720276,0.19000000000000003,-0.09999999999999998
1775605004.3274593,0.3270995765128252,1.3474960738617128,-3.1192450391733737,2.49919855809813,1.9768356663748656,0.2657096060506342,-2.856751561164856,0.19500000000000003,-0.09999999999999998
1775605004.4274783,0.07510167890087775,1.3210969992236106,-3.023422349001777,2.484121260583065,1.972484537706742,0.1574534829187402,-2.865854859352112,0.20000000000000004,-0.09999999999999998
1775605004.527471,0.07510167890087775,1.3210969992236106,-3.023422349001777,2.464861890594434,1.9671093047167516,0.1616799167668116,-2.8730558156967163,0.20500000000000004,-0.09999999999999998
1775605004.6276057,0.07510167890087775,1.3210969992236106,-3.023422349001777,2.4448653879031412,1.9617429012689243,0.24581831566582368,-2.8839884996414185,0.21000000000000005,-0.09999999999999998
1775605004.727476,0.07510167890087775,1.3210969992236106,-3.023422349001777,2.424704669312276,1.9565024225247343,0.24764740319186918,-2.889001965522766,0.21500000000000005,-0.09999999999999998
1775605004.8276293,0.07510167890087775,1.3210969992236106,-3.023422349001777,2.408192576939248,1.9522159383782571,0.16856392606634338,-2.8869510889053345,0.22,-0.09999999999999998
1775605004.9275584,0.07510167890087775,1.3210969992236106,-3.023422349001777,2.387152965701119,1.9467346898018159,0.1731229549222003,-2.88677179813385,0.22,-0.09999999999999998
1775605005.0276508,0.07510167890087775,1.3210969992236106,-3.023422349001777,2.366092874746086,1.941231684024208,0.26146996003113465,-2.885217070579529,0.22,-0.09999999999999998
1775605005.1275928,0.07510167890087775,1.3210969992236106,-3.023422349001777,2.349322350008265,1.936832881177332,0.1742856859237322,-2.8837329149246216,0.22,-0.09999999999999998
1775605005.227385,0.07510167890087775,1.3210969992236106,-3.023422349001777,2.3282339212483256,1.9312387120245733,0.1799431930558433,-2.8802539110183716,0.22,-0.09999999999999998
1775605005.327444,0.07510167890087775,1.3210969992236106,-3.023422349001777,2.307709028285736,1.9257905994367503,0.287674305778746,-2.883811354637146,0.22,-0.09999999999999998
1775605005.4274495,0.07510167890087775,1.3210969992236106,-3.023422349001777,2.2868508909094434,1.9203156985804795,0.34404787099391754,-2.8852676153182983,0.22,-0.09999999999999998
1775605005.5275803,0.07510167890087775,1.3210969992236106,-3.023422349001777,2.270368527074066,1.9160154792651305,0.1702884230757989,-2.8874179124832153,0.22,-0.09999999999999998
1775605005.6274996,0.07510167890087775,1.3210969992236106,-3.023422349001777,2.249803333660515,1.910721545580688,0.17182542327078507,-2.892079472541809,0.22,-0.09999999999999998
1775605005.7274585,0.07510167890087775,1.3210969992236106,-3.023422349001777,2.2292467696933356,1.9054959512981806,0.1757391133246213,-2.8926502466201782,0.22,-0.09999999999999998
1775605005.8275585,-0.18637761743014097,1.2940838078304202,-3.044248888333765,2.2081472053493245,1.9001462840393306,0.29958805075461714,-2.8934205770492554,0.22,-0.09999999999999998
1775605005.9276018,-0.18637761743014097,1.2940838078304202,-3.044248888333765,2.191156549623153,1.895892813673386,0.17643337336797446,-2.899271845817566,0.22,-0.09999999999999998
1775605006.0275786,-0.18637761743014097,1.2940838078304202,-3.044248888333765,2.1705991016226585,1.8908803717560194,0.17095246508301667,-2.9056369066238403,0.22,-0.09999999999999998
1775605006.1275,-0.18637761743014097,1.2940838078304202,-3.044248888333765,2.149578679733107,1.8858441063860487,0.18493208979811382,-2.9084264039993286,0.22,-0.09999999999999998
1775605006.2274306,-0.18637761743014097,1.2940838078304202,-3.044248888333765,2.1280082825222904,1.8808242305596734,0.33687611844724213,-2.9162381887435913,0.22,-0.09999999999999998
1775605006.3274484,-0.18637761743014097,1.2940838078304202,-3.044248888333765,2.1108574956161528,1.8769138502134068,0.18080464599267967,-2.919000506401062,0.22,-0.09999999999999998
1775605006.427431,-0.18637761743014097,1.2940838078304202,-3.044248888333765,2.0898399963902845,1.8722011758995305,0.18463008923091545,-2.924725651741028,0.22,-0.09999999999999998
1775605006.5274868,-0.18637761743014097,1.2940838078304202,-3.044248888333765,2.068289815089932,1.867553941736115,0.31575472432362756,-2.932393193244934,0.22,-0.09999999999999998
1775605006.627388,-0.18637761743014097,1.2940838078304202,-3.044248888333765,2.0512218269309965,1.8639756309831514,0.17998313651588504,-2.936907410621643,0.22,-0.09999999999999998
1775605006.727478,-0.18637761743014097,1.2940838078304202,-3.044248888333765,2.0299050914466457,1.859570253633795,0.19094306995245905,-2.9375280141830444,0.22,-0.09999999999999998
1775605006.827441,-0.18637761743014097,1.2940838078304202,-3.044248888333765,2.0082340666157803,1.8551285311719448,0.2629429777990074,-2.9407747983932495,0.22,-0.09999999999999998
1775605006.9275272,-0.18637761743014097,1.2940838078304202,-3.044248888333765,1.9910853288479078,1.8516920551376674,0.17481274136577687,-2.9457935094833374,0.22,-0.09999999999999998
1775605007.0274844,-0.18637761743014097,1.2940838078304202,-3.044248888333765,1.969782401535812,1.8474736842822106,0.17608224909717995,-2.945766568183899,0.22,-0.09999999999999998
1775605007.127436,-0.18637761743014097,1.2940838078304202,-3.044248888333765,1.9480037460188162,1.8431821227952128,0.2643402507182933,-2.949548125267029,0.22,-0.09999999999999998
1775605007.2275603,-0.45977798978964024,1.2678174348467495,-3.097532963120746,1.931150579483831,1.839948209006991,0.17381419574593282,-2.953771948814392,0.22,-0.09999999999999998
1775605007.3273773,-0.45977798978964024,1.2678174348467495,-3.097532963120746,1.9098443480325376,1.8358794048632345,0.1665518011055008,-2.9529892206192017,0.22,-0.09999999999999998
1775605007.4273655,-0.45977798978964024,1.2678174348467495,-3.097532963120746,1.8877615739084217,1.831694137361573,0.17747510100651645,-2.955757260322571,0.22,-0.09999999999999998
1775605007.5273468,-0.45977798978964024,1.2678174348467495,-3.097532963120746,1.8668278776237661,1.8278359291747723,0.2597326018770903,-2.9605313539505005,0.22,-0.09999999999999998
1775605007.6273694,-0.45977798978964024,1.2678174348467495,-3.097532963120746,1.8498413326016767,1.8247651316151774,0.1753907646586354,-2.9643486738204956,0.22,-0.09999999999999998
1775605007.7274182,-0.45977798978964024,1.2678174348467495,-3.097532963120746,1.82901315701133,1.8210339915379983,0.16668393406442888,-2.963293194770813,0.22,-0.09999999999999998
1775605007.8274033,-0.45977798978964024,1.2678174348467495,-3.097532963120746,1.807357487219058,1.8171855141015565,0.2634539071113244,-2.9678996801376343,0.22,-0.09999999999999998
1775605007.9274993,-0.45977798978964024,1.2678174348467495,-3.097532963120746,1.7865351276682453,1.813567086865089,0.25666723815687864,-2.970406651496887,0.22,-0.09999999999999998
1775605008.027573,-0.45977798978964024,1.2678174348467495,-3.097532963120746,1.7656862276260292,1.8099535486574203,0.25700615802251775,-2.9691356420516968,0.22,-0.09999999999999998
1775605008.127431,-0.45977798978964024,1.2678174348467495,-3.097532963120746,1.7486728799406102,1.8070349265306382,0.17768381856419083,-2.9739214181900024,0.22,-0.09999999999999998
1775605008.2274916,-0.45977798978964024,1.2678174348467495,-3.097532963120746,1.7270605237130876,1.8033810245003108,0.17604595789348043,-2.973567843437195,0.22,-0.09999999999999998
1775605008.3275392,-0.45977798978964024,1.2678174348467495,-3.097532963120746,1.7055041334719077,1.7996999401695903,0.25935544548530426,-2.9727238416671753,0.22,-0.09999999999999998
1775605008.4274976,-0.45977798978964024,1.2678174348467495,-3.097532963120746,1.6880846155375386,1.7967540917307132,0.17649074164007159,-2.976523995399475,0.22,-0.09999999999999998
1775605008.5274882,-0.45977798978964024,1.2678174348467495,-3.097532963120746,1.6663680384821646,1.7931094148113065,0.17763548551832575,-2.9747005701065063,0.22,-0.09999999999999998
1775605008.6273837,-0.7230025922173265,1.2423115804390699,-3.098840842370434,1.6451047729144963,1.7895163623723012,0.2556078830020802,-2.974329352378845,0.22,-0.09999999999999998
1775605008.727444,-0.7230025922173265,1.2423115804390699,-3.098840842370434,1.6282116619415377,1.7866453926103538,0.1676367433287395,-2.9730838537216187,0.22,-0.09999999999999998
1775605008.8274324,-0.7230025922173265,1.2423115804390699,-3.098840842370434,1.6071532271322473,1.7830556110546119,0.1732111806787017,-2.970354914665222,0.22,-0.09999999999999998
1775605008.9275115,-0.7230025922173265,1.2423115804390699,-3.098840842370434,1.5857052885970893,1.7793412479445785,0.1802096720938894,-2.9697190523147583,0.22,-0.09999999999999998
1775605009.0274599,-0.7230025922173265,1.2423115804390699,-3.098840842370434,1.5643604847228505,1.7756247133618146,0.26561892133900084,-2.969851851463318,0.22,-0.09999999999999998
1775605009.1275065,-0.7230025922173265,1.2423115804390699,-3.098840842370434,1.5475749658885887,1.7727252942458012,0.16405074868345995,-2.9707268476486206,0.22,-0.09999999999999998
1775605009.2274811,-0.7230025922173265,1.2423115804390699,-3.098840842370434,1.5263348199744173,1.7689981067586824,0.1677708461651115,-2.9654561281204224,0.22,-0.09999999999999998
1775605009.3274667,-0.7230025922173265,1.2423115804390699,-3.098840842370434,1.5048797100945819,1.7651782435776884,0.1766018388496703,-2.965798020362854,0.22,-0.09999999999999998
1775605009.4275818,-0.7230025922173265,1.2423115804390699,-3.098840842370434,1.4839374695145064,1.7615106491530583,0.25425713707010833,-2.9697974920272827,0.22,-0.09999999999999998
1775605009.527591,-0.7230025922173265,1.2423115804390699,-3.098840842370434,1.4665262952703784,1.7585158487904942,0.17233798194498895,-2.9719702005386353,0.22,-0.09999999999999998
1775605009.627445,-0.7230025922173265,1.2423115804390699,-3.098840842370434,1.4454948323322796,1.7549184676069998,0.16809344623861275,-2.9737292528152466,0.22,-0.049999999999999975
1775605009.7273922,-0.7230025922173265,1.2423115804390699,-3.098840842370434,1.4241783683799971,1.751336520943987,0.1830910926425432,-2.9772671461105347,0.22,2.7755575615628914e-17
1775605009.8273542,-0.7230025922173265,1.2423115804390699,-3.098840842370434,1.4030003202040306,1.7478479176679294,0.25672525960692555,-2.979394555091858,0.22,0.05000000000000003
1775605009.9274707,-0.7230025922173265,1.2423115804390699,-3.098840842370434,1.3812428675250095,1.7442951769439956,0.2740523653858654,-2.9813328981399536,0.22,0.10000000000000003
1775605010.0274107,-0.9754731555992564,1.2331147239158184,-3.095775194280443,1.3637514574722551,1.7414738891520265,0.17630105196691026,-2.982420325279236,0.22,0.15000000000000002
1775605010.1274025,-0.9754731555992564,1.2331147239158184,-3.095775194280443,1.3419500098860377,1.7380356142800382,0.32385587662358545,-2.986930251121521,0.22,0.2
1775605010.227364,-0.9754731555992564,1.2331147239158184,-3.095775194280443,1.3242182956288924,1.7352753162159882,0.19039586209705434,-2.985998511314392,0.22,0.20000000000000004
1775605010.327663,-0.9754731555992564,1.2331147239158184,-3.095775194280443,1.3024705094964935,1.7318217916605383,0.1729092405659526,-2.9820412397384644,0.22,0.25000000000000006
1775605010.4275746,-0.9754731555992564,1.2331147239158184,-3.095775194280443,1.2813697892805902,1.728331170677487,0.25285405003513356,-2.9744073152542114,0.22,0.30000000000000004
1775605010.52752,-0.9754731555992564,1.2331147239158184,-3.095775194280443,1.2643418963394815,1.7253488103685015,0.16992004163885946,-2.9604636430740356,0.22,0.35000000000000003
1775605010.6275942,-0.9754731555992564,1.2331147239158184,-3.095775194280443,1.244225405109521,1.7215274927117135,0.16304568056531432,-2.9463151693344116,0.22,0.4
1775605010.7275133,-0.9754731555992564,1.2331147239158184,-3.095775194280443,1.2239336467473874,1.7174162091444178,0.1674389716651709,-2.9348963499069214,0.22,0.45
1775605010.8275087,-0.9754731555992564,1.2331147239158184,-3.095775194280443,1.2039741203271546,1.712960830510902,0.25129799934992253,-2.9131489992141724,0.22,0.5
1775605010.9275198,-0.9754731555992564,1.2331147239158184,-3.095775194280443,1.188321103825073,1.7092042890666082,0.14299864058436926,-2.8972584009170532,0.22,0.55
1775605011.0274963,-0.9754731555992564,1.2331147239158184,-3.095775194280443,1.169129790611298,1.7042598987962356,0.1546213098640165,-2.876489281654358,0.22,0.6
1775605011.127416,-0.9754731555992564,1.2331147239158184,-3.095775194280443,1.149988487359767,1.6988398348262144,0.15865397384426486,-2.8535627126693726,0.22,0.65
1775605011.2276022,-0.9754731555992564,1.2331147239158184,-3.095775194280443,1.1316066270716516,1.6930869003674518,0.23352657053309767,-2.8286484479904175,0.22,0.7
1775605011.3275058,-0.9754731555992564,1.2331147239158184,-3.095775194280443,1.113683852042341,1.68698817872998,0.2295033490488501,-2.801939606666565,0.22,0.75
1775605011.427576,-1.1796759269116457,1.2208836665935727,-2.9066209105355085,1.0990850365924747,1.6815882183769844,0.15077852092196906,-2.767815947532654,0.22,0.7999999999999999
1775605011.5275652,-1.1796759269116457,1.2208836665935727,-2.9066209105355085,1.0813740556870357,1.6744131479587514,0.15385886598323747,-2.7415777444839478,0.22,0.7999999999999999
1775605011.627541,-1.1796759269116457,1.2208836665935727,-2.9066209105355085,1.0642984406254195,1.666780284084733,0.22839230037075514,-2.707085967063904,0.22,0.7999999999999999
1775605011.7276256,-1.1796759269116457,1.2208836665935727,-2.9066209105355085,1.0480605019513138,1.6587921710926066,0.22082967125883957,-2.670669436454773,0.22,0.7999999999999999
1775605011.8276448,-1.1796759269116457,1.2208836665935727,-2.9066209105355085,1.0345606153596667,1.651619833165741,0.15209911484672808,-2.6309765577316284,0.22,0.7999999999999999
1775605011.9275825,-1.1796759269116457,1.2208836665935727,-2.9066209105355085,1.0180310977364584,1.6420820895716473,0.1526290271383313,-2.604453444480896,0.22,0.7999999999999999
1775605012.0276148,-1.241629374052687,1.181117530852029,-2.7068829478014265,1.0019519731683983,1.6319933240894802,0.22566674838542738,-2.5652257204055786,0.22,0.7999999999999999
1775605012.1276474,-1.241629374052687,1.181117530852029,-2.7068829478014265,0.9892783585418378,1.6234002484337737,0.15260632865761406,-2.5235546827316284,0.22,0.7999999999999999
1775605012.2274497,-1.241629374052687,1.181117530852029,-2.7068829478014265,0.9743670085163915,1.6125330717625368,0.15158371256226622,-2.497860312461853,0.22,0.7999999999999999
1775605012.327638,-1.241629374052687,1.181117530852029,-2.7068829478014265,0.9600947363862581,1.6012844532986987,0.2213821937866992,-2.457872748374939,0.22,0.7999999999999999
1775605012.4275885,-1.241629374052687,1.181117530852029,-2.7068829478014265,0.9480942678753708,1.5911737784512585,0.15839294691272926,-2.4204899072647095,0.22,0.7999999999999999
1775605012.527524,-1.241629374052687,1.181117530852029,-2.7068829478014265,0.9340129098594394,1.5784439279332338,0.1504191372468473,-2.3891881704330444,0.22,0.7999999999999999
1775605012.627646,-1.2794780097264375,1.1326629252670186,-2.493447263573411,0.9207244826852934,1.5654617184711985,0.22804682347879693,-2.355172276496887,0.22,0.7999999999999999
1775605012.7276018,-1.2794780097264375,1.1326629252670186,-2.493447263573411,0.9105117440293102,1.5548468387433017,0.15053371234065765,-2.3154934644699097,0.22,0.7999999999999999
1775605012.8275309,-1.2794780097264375,1.1326629252670186,-2.493447263573411,0.8980978252052924,1.540992022062744,0.14924077492766133,-2.2819098234176636,0.22,0.7999999999999999
1775605012.9276028,-1.2794780097264375,1.1326629252670186,-2.493447263573411,0.886189547220844,1.5267660467655235,0.15113940523448846,-2.2521162033081055,0.22,0.7499999999999999
1775605013.027642,-1.2794780097264375,1.1326629252670186,-2.493447263573411,0.8747414266097566,1.5119431688534635,0.22845096929676423,-2.212770104408264,0.22,0.7
1775605013.127551,-1.2794780097264375,1.1326629252670186,-2.493447263573411,0.865770396412629,1.49950276466286,0.15376950340817389,-2.1761947870254517,0.22,0.6499999999999999
1775605013.2275276,-1.3195401501234876,1.0841021141870724,-2.3075644572726697,0.8550514612512331,1.4835914061057403,0.15787292567319178,-2.148969888687134,0.22,0.6
1775605013.3275008,-1.3195401501234876,1.0841021141870724,-2.3075644572726697,0.8448380404819987,1.4672020103229328,0.23028122189692674,-2.1129249334335327,0.22,0.5499999999999999
1775605013.4274814,-1.3195401501234876,1.0841021141870724,-2.3075644572726697,0.8367342390862949,1.4533227989146504,0.16172630161276588,-2.0831987857818604,0.22,0.5
1775605013.5275939,-1.3195401501234876,1.0841021141870724,-2.3075644572726697,0.8271553616631502,1.4359445546249243,0.15861807267083827,-2.0633256435394287,0.22,0.45
1775605013.62749,-1.3195401501234876,1.0841021141870724,-2.3075644572726697,0.8180333718361205,1.4182938951195432,0.2432278776725736,-2.0369735956192017,0.22,0.4
1775605013.7275355,-1.3195401501234876,1.0841021141870724,-2.3075644572726697,0.8092653536649931,1.4003799288734553,0.2374996688974305,-2.0192142724990845,0.22,0.35000000000000003
1775605013.8275137,-1.3195401501234876,1.0841021141870724,-2.3075644572726697,0.8023258024324712,1.3856310360812545,0.16401600638051997,-2.0010745525360107,0.22,0.30000000000000004
1775605013.927485,-1.3195401501234876,1.0841021141870724,-2.3075644572726697,0.7936183692224135,1.3664571319913856,0.1695584844185317,-1.9922972917556763,0.22,0.25000000000000006
1775605014.0275333,-1.3195401501234876,1.0841021141870724,-2.3075644572726697,0.7853220466140092,1.3475156358477998,0.2533243273641031,-1.9785512685775757,0.22,0.20000000000000007
1775605014.1275458,-1.3195401501234876,1.0841021141870724,-2.3075644572726697,0.7787421326060421,1.3319685865314612,0.16965107074457877,-1.964325428009033,0.22,0.20000000000000004
1775605014.2274747,-1.3195401501234876,1.0841021141870724,-2.3075644572726697,0.7706460649376539,1.3123094517482279,0.16637711254483467,-1.957558751106262,0.22,0.20000000000000004
1775605014.327514,-1.3195401501234876,1.0841021141870724,-2.3075644572726697,0.7627190505666066,1.2924997695804765,0.26243333920128353,-1.9477306604385378,0.22,0.15000000000000002
1775605014.4276214,-1.408668158064551,0.9091242661041156,-2.122596000835061,0.7565321968571037,1.2767648705481076,0.17402345019824286,-1.9416891336441042,0.22,0.10000000000000003
1775605014.527643,-1.408668158064551,0.9091242661041156,-2.122596000835061,0.7486475240415075,1.2562588496210505,0.17430876674658485,-1.934033989906311,0.22,0.10000000000000003
1775605014.6275313,-1.408668158064551,0.9091242661041156,-2.122596000835061,0.7410142362285556,1.2360903251397648,0.1734441587329941,-1.9330031871795657,0.22,0.15000000000000002
1775605014.727547,-1.408668158064551,0.9091242661041156,-2.122596000835061,0.7334618922155288,1.2161888648555663,0.2589633424223641,-1.933310627937317,0.22,0.2
1775605014.8274658,-1.408668158064551,0.9091242661041156,-2.122596000835061,0.7274736045137321,1.2002961541697619,0.17477546661160315,-1.9284287691116333,0.22,0.25000000000000006
1775605014.9276543,-1.408668158064551,0.9091242661041156,-2.122596000835061,0.7199303708161646,1.180093778479876,0.1764581491767783,-1.9262433052062988,0.22,0.30000000000000004
1775605015.0275269,-1.408668158064551,0.9091242661041156,-2.122596000835061,0.7126076821826678,1.1600797677243,0.24552027725994963,-1.9181089401245117,0.22,0.35000000000000003
1775605015.1275,-1.408668158064551,0.9091242661041156,-2.122596000835061,0.7069934813100174,1.144480882540535,0.1508650949066695,-1.906846284866333,0.22,0.4
1775605015.2275894,-1.408668158064551,0.9091242661041156,-2.122596000835061,0.7001732609110346,1.1245575290134906,0.16574516563618255,-1.893652319908142,0.22,0.45
1775605015.3276436,-1.408668158064551,0.9091242661041156,-2.122596000835061,0.6937177187352596,1.1046195129493475,0.2478776584038118,-1.876486897468567,0.22,0.5
1775605015.4275386,-1.408668158064551,0.9091242661041156,-2.122596000835061,0.6888528627995875,1.0887181409006461,0.14366909700418187,-1.8560651540756223,0.22,0.55
1775605015.5276463,-1.408668158064551,0.9091242661041156,-2.122596000835061,0.6833590853627737,1.069334576526866,0.1538181107577838,-1.8358314037323,0.22,0.6
1775605015.6275277,-1.408668158064551,0.9091242661041156,-2.122596000835061,0.6783131194589306,1.049620681183811,0.24069150530030897,-1.8116790056228638,0.22,0.65
1775605015.7274783,-1.408668158064551,0.9091242661041156,-2.122596000835061,0.6740178699680409,1.0307668547662667,0.23797675711152325,-1.7833801507949831,0.22,0.7
1775605015.827527,-1.4956194919159618,0.7037965430744028,-1.959963154985069,0.6709028407548512,1.0153094303614918,0.15620723435876194,-1.755553126335144,0.22,0.75
1775605015.9275045,-1.4956194919159618,0.7037965430744028,-1.959963154985069,0.6676666594162658,0.9967331058387904,0.14882902360020958,-1.7304033041000366,0.22,0.7999999999999999
1775605016.0275378,-1.4956194919159618,0.7037965430744028,-1.959963154985069,0.6650266209964052,0.9780630032574088,0.2235846324189523,-1.6972318887710574,0.22,0.85
1775605016.127583,-1.4956194919159618,0.7037965430744028,-1.959963154985069,0.6630413637522846,0.9593120611669372,0.23253500819774142,-1.6613565683364868,0.22,0.8999999999999999
1775605016.2275298,-1.4956194919159618,0.7037965430744028,-1.959963154985069,0.6619039961968644,0.9441687683933682,0.15152935951603205,-1.6299881935119627,0.22,0.8999999999999999
1775605016.3274956,-1.4956194919159618,0.7037965430744028,-1.959963154985069,0.6612601841178188,0.9253749149003224,0.22474939417452264,-1.5887060165405273,0.22,0.95
1775605016.4275389,-1.4894870163045317,0.5659332139286103,-1.7341804020002896,0.6614657771437285,0.9067739121268561,0.2280180479470618,-1.5417817831039429,0.22,0.9999999999999999
1775605016.5275755,-1.4894870163045317,0.5659332139286103,-1.7341804020002896,0.6621904062633802,0.8919858017871962,0.14397888152514907,-1.4977060556411743,0.22,1.0499999999999998
1775605016.6275253,-1.4894870163045317,0.5659332139286103,-1.7341804020002896,0.6637570873060096,0.8745670582439691,0.13745368944666628,-1.4630131721496582,0.22,1.0999999999999999
1775605016.7274554,-1.4894870163045317,0.5659332139286103,-1.7341804020002896,0.666258508190612,0.8566706725830009,0.21547469821938936,-1.4109219312667847,0.22,1.15
1775605016.827505,-1.4894870163045317,0.5659332139286103,-1.7341804020002896,0.668861256337556,0.8427131734563384,0.14133573931282437,-1.3590530753135681,0.22,1.2
1775605016.9275167,-1.4894870163045317,0.5659332139286103,-1.7341804020002896,0.672800010368098,0.8258555385875326,0.14059796762866553,-1.3187596797943115,0.22,1.2
1775605017.0276124,-1.455173104371109,0.48021591799776336,-1.4536636029141055,0.6777222457596348,0.8090217160252844,0.20955636917921944,-1.2635394930839539,0.22,1.25
1775605017.1276422,-1.455173104371109,0.48021591799776336,-1.4536636029141055,0.6822931107576511,0.7958205840156625,0.13911662970483507,-1.2062150835990906,0.22,1.3
1775605017.2274904,-1.455173104371109,0.48021591799776336,-1.4536636029141055,0.6886850483861128,0.7801419945400405,0.13481591129507314,-1.1542568802833557,0.22,1.3
1775605017.327643,-1.455173104371109,0.48021591799776336,-1.4536636029141055,0.6961582073192571,0.7648653689058731,0.20458368087810352,-1.0883814692497253,0.22,1.3
1775605017.4274676,-1.3736295939804835,0.38946814955925163,-1.1967871284272442,0.7026886356090962,0.7532075206898791,0.1309811222212891,-1.024374544620514,0.22,1.3
1775605017.527637,-1.3736295939804835,0.38946814955925163,-1.1967871284272442,0.7115616762568138,0.7393248009404321,0.13264431709809807,-0.9753464460372925,0.22,1.3
1775605017.6274886,-1.3736295939804835,0.38946814955925163,-1.1967871284272442,0.7215734634539279,0.7257341914639497,0.20338968250386685,-0.9117192029953003,0.22,1.3
1775605017.7274926,-1.3736295939804835,0.38946814955925163,-1.1967871284272442,0.731937129930978,0.713385951704331,0.19453524088942917,-0.8478186428546906,0.22,1.3
1775605017.8274963,-1.2732264211049418,0.3239840146688107,-0.9204605433777922,0.7407773768437251,0.7039124349399603,0.12725836711728053,-0.7860355973243714,0.22,1.3
1775605017.9274957,-1.2732264211049418,0.3239840146688107,-0.9204605433777922,0.7529269255819456,0.692265446096102,0.13632871508611558,-0.7381667196750641,0.22,1.3
1775605018.0274827,-1.2732264211049418,0.3239840146688107,-0.9204605433777922,0.7657577352515754,0.6814927803210334,0.20203886651884306,-0.6724302470684052,0.22,1.3
1775605018.127475,-1.2732264211049418,0.3239840146688107,-0.9204605433777922,0.7762068973300964,0.6736180920263911,0.13264252089737935,-0.6129338145256042,0.22,1.25
1775605018.2274947,-1.2732264211049418,0.3239840146688107,-0.9204605433777922,0.7899452985143818,0.6644322626478928,0.12804274864574036,-0.558723047375679,0.22,1.2
1775605018.327525,-1.1664951970411448,0.27025383573250955,-0.655777301547271,0.8047423038204898,0.6559470657030254,0.2046651504382882,-0.49395251274108887,0.22,1.15
1775605018.4275136,-1.1664951970411448,0.27025383573250955,-0.655777301547271,0.8171432088996405,0.6496810479828357,0.12054811069348233,-0.43541297316551214,0.22,1.0999999999999999
1775605018.5275788,-1.1664951970411448,0.27025383573250955,-0.655777301547271,0.8330326343798858,0.6426835221842846,0.13939872248289725,-0.3889341056346893,0.22,1.0999999999999999
1775605018.6275055,-1.1664951970411448,0.27025383573250955,-0.655777301547271,0.8494130907096211,0.6365580559825673,0.2069002794914701,-0.33776105754077435,0.22,1.0999999999999999
1775605018.7275066,-1.0493680779627248,0.23174843318916158,-0.39799898235877307,0.865830157893027,0.6313104744071694,0.2038922319498527,-0.28915257006883616,0.22,1.0999999999999999
1775605018.8274248,-1.0493680779627248,0.23174843318916158,-0.39799898235877307,0.8794579117988715,0.6276061967506693,0.14418697526247748,-0.23844992369413376,0.22,1.0999999999999999
1775605018.9274924,-1.0493680779627248,0.23174843318916158,-0.39799898235877307,0.8966483901633201,0.6237608067924132,0.14536527631441448,-0.19702440500259402,0.22,1.0499999999999998
1775605019.0275216,-1.0493680779627248,0.23174843318916158,-0.39799898235877307,0.9133729993688655,0.6209643524662088,0.2057848602981432,-0.1449555605649948,0.22,0.9999999999999999
1775605019.127621,-1.0493680779627248,0.23174843318916158,-0.39799898235877307,0.927544276530641,0.6192563843857445,0.1433428678931803,-0.08901205658912659,0.22,0.9999999999999999
1775605019.2275116,-1.0493680779627248,0.23174843318916158,-0.39799898235877307,0.9456453828643245,0.6179687172602578,0.14397107243510113,-0.04799538850784301,0.22,0.9499999999999998
1775605019.3274148,-0.8771507145483157,0.20446046474030746,-0.06727823624287631,0.9635101499946666,0.6176184512789212,0.21158660932443407,-0.0019699037075042725,0.22,0.8999999999999999
1775605019.4274652,-0.8771507145483157,0.20446046474030746,-0.06727823624287631,0.978136795449816,0.6178653745508162,0.1465585172870885,0.04107728600502014,0.22,0.8499999999999999
1775605019.527522,-0.8771507145483157,0.20446046474030746,-0.06727823624287631,0.9964523280347716,0.6189741797772895,0.15084027836044328,0.0872519016265869,0.22,0.7999999999999999
1775605019.6275403,-0.8771507145483157,0.20446046474030746,-0.06727823624287631,1.0151817402487866,0.620922839987664,0.15139529908874153,0.12086525559425353,0.22,0.7499999999999999
1775605019.727432,-0.8771507145483157,0.20446046474030746,-0.06727823624287631,1.0334503879403656,0.6235098249184636,0.22780475183650895,0.15357768535614014,0.22,0.6499999999999999
1775605019.8275113,-0.8771507145483157,0.20446046474030746,-0.06727823624287631,1.0515211513670721,0.6266963018719264,0.22985694237870874,0.18929779529571533,0.22,0.6
1775605019.9275854,-0.7285467968711921,0.20096380685558957,0.19348456488661356,1.066424554197702,0.629741923946576,0.15774990044333462,0.21463650465011594,0.22,0.5499999999999999
1775605020.0275881,-0.7285467968711921,0.20096380685558957,0.19348456488661356,1.0845112680735889,0.6338727641515823,0.14514079114616957,0.2376379370689392,0.22,0.5
1775605020.1274562,-0.7285467968711921,0.20096380685558957,0.19348456488661356,1.1040511036802316,0.6389844436378251,0.23982028467938435,0.26745206117630005,0.22,0.45
1775605020.2274835,-0.7285467968711921,0.20096380685558957,0.19348456488661356,1.1195802713049914,0.6434117825940578,0.15889254256753185,0.2903780937194824,0.22,0.4
1775605020.3275173,-0.7285467968711921,0.20096380685558957,0.19348456488661356,1.1390784418637983,0.6494108838347519,0.1651275257436817,0.3093161582946778,0.22,0.35000000000000003
1775605020.4276192,-0.7285467968711921,0.20096380685558957,0.19348456488661356,1.1588752123998252,0.6560518659099094,0.22850459519557587,0.33297765254974365,0.22,0.30000000000000004
1775605020.5274782,-0.7285467968711921,0.20096380685558957,0.19348456488661356,1.174677040526714,0.6616995221317985,0.16694778900613633,0.3538493514060974,0.22,0.25000000000000006
1775605020.6275766,-0.7285467968711921,0.20096380685558957,0.19348456488661356,1.1938099188650635,0.6688508622669526,0.15814181606694988,0.3616299629211426,0.22,0.20000000000000007
1775605020.7274966,-0.7285467968711921,0.20096380685558957,0.19348456488661356,1.2136758393656508,0.676496007938644,0.2564356055726522,0.3720971345901489,0.22,0.15000000000000008
1775605020.8273873,-0.7285467968711921,0.20096380685558957,0.19348456488661356,1.2296779725861053,0.6828329934210448,0.17464339709547014,0.3826202154159546,0.22,0.05000000000000007
1775605020.927511,-0.7285467968711921,0.20096380685558957,0.19348456488661356,1.2498925839334072,0.6910418766294426,0.1959073882723988,0.3873100876808167,0.22,6.938893903907228e-17
1775605021.027445,-0.7285467968711921,0.20096380685558957,0.19348456488661356,1.269600345092601,0.6991528348591382,0.3242034415051007,0.39246153831481934,0.22,-0.04999999999999993
1775605021.1276548,-0.46240258663635186,0.2749038008429269,0.44717198140302444,1.28597824135647,0.7059771142541376,0.1777235157970384,0.39675188064575195,0.22,-0.09999999999999994
1775605021.227509,-0.46240258663635186,0.2749038008429269,0.44717198140302444,1.306034765779338,0.7143702749298895,0.1658463675547645,0.397346556186676,0.22,-0.14999999999999994
1775605021.3275862,-0.46240258663635186,0.2749038008429269,0.44717198140302444,1.3265309738940991,0.7230237408770936,0.2678274087412881,0.4019758105278015,0.22,-0.19999999999999996
1775605021.427594,-0.46240258663635186,0.2749038008429269,0.44717198140302444,1.3432012628938215,0.7301318089542167,0.1790025990677422,0.4039367437362671,0.22,-0.24999999999999994
1775605021.5276196,-0.46240258663635186,0.2749038008429269,0.44717198140302444,1.3633002627626287,0.7386846885415445,0.17153839739636523,0.3999675512313842,0.22,-0.29999999999999993
1775605021.62756,-0.46240258663635186,0.2749038008429269,0.44717198140302444,1.3825852590337186,0.7468231608801484,0.2560594218228054,0.3972018361091613,0.22,-0.3499999999999999
1775605021.7275681,-0.46240258663635186,0.2749038008429269,0.44717198140302444,1.4016640263542453,0.7547330941002577,0.2544114125184143,0.3895267248153687,0.22,-0.3999999999999999
1775605021.827563,-0.46240258663635186,0.2749038008429269,0.44717198140302444,1.4174195024634104,0.7610733554295278,0.1704560827251198,0.37402725219726557,0.22,-0.4499999999999999
1775605021.9275455,-0.46240258663635186,0.2749038008429269,0.44717198140302444,1.4361491683348435,0.7682879913259637,0.16118283699170827,0.3550514578819275,0.22,-0.4999999999999999
1775605022.0275786,-0.46240258663635186,0.2749038008429269,0.44717198140302444,1.4556716111706813,0.7753327357576959,0.24535702670094095,0.33989042043685913,0.22,-0.5499999999999999
1775605022.1276467,-0.46240258663635186,0.2749038008429269,0.44717198140302444,1.4707908860825354,0.7804780448962889,0.1626193029309865,0.3181428909301758,0.22,-0.6
1775605022.2276514,-0.46240258663635186,0.2749038008429269,0.44717198140302444,1.4895355115842999,0.7864270511623395,0.15907557426950467,0.29212772846221924,0.22,-0.65
1775605022.3276458,-0.46240258663635186,0.2749038008429269,0.44717198140302444,1.5084408986720876,0.7918438477851982,0.23445220549985363,0.26935744285583496,0.22,-0.7
1775605022.4275184,-0.46240258663635186,0.2749038008429269,0.44717198140302444,1.5235336387291611,0.795753725624018,0.16006626514083716,0.239793062210083,0.22,-0.75
1775605022.5276124,-0.2014503732651882,0.3729115905482112,0.3285676336334937,1.5424866699476267,0.8001820702553174,0.1590097658811417,0.21296554803848272,0.22,-0.7999999999999999
1775605022.6275392,-0.2014503732651882,0.3729115905482112,0.3285676336334937,1.560718718476571,0.8038778233251349,0.15161661698039852,0.18310725688934323,0.22,-0.7999999999999999
1775605022.7274523,-0.2014503732651882,0.3729115905482112,0.3285676336334937,1.5787773231144133,0.8068346883230881,0.2226598541828628,0.15138471126556396,0.22,-0.7999999999999999
1775605022.8274024,-0.2014503732651882,0.3729115905482112,0.3285676336334937,1.5938829941441637,0.8088264194108995,0.1523853995790052,0.11530223488807678,0.22,-0.85
1775605022.9275744,-0.2014503732651882,0.3729115905482112,0.3285676336334937,1.6125443955750736,0.8106918795938289,0.15421609566148717,0.0775337517261505,0.22,-0.8999999999999999
1775605023.0274477,-0.2014503732651882,0.3729115905482112,0.3285676336334937,1.630859295064678,0.8118154516492809,0.14960272938471617,0.03686860203742981,0.22,-0.8999999999999999
1775605023.1275039,-0.06976379783099658,0.40847643216172813,0.1777162414148539,1.6491300417036086,0.8121425251443175,0.22324235050136287,0.0024728477001190186,0.22,-0.8999999999999999
1775605023.2274547,-0.06976379783099658,0.40847643216172813,0.1777162414148539,1.6636803749510216,0.8118666261152502,0.15168229828026072,-0.036675065755844116,0.22,-0.8999999999999999
1775605023.327482,-0.06976379783099658,0.40847643216172813,0.1777162414148539,1.6820544755529674,0.8108910399497065,0.1509420560665621,-0.07658109068870544,0.22,-0.8999999999999999
1775605023.4275062,-0.06976379783099658,0.40847643216172813,0.1777162414148539,1.7002948942413685,0.8091407446080319,0.21652079802531693,-0.11299657821655273,0.22,-0.8999999999999999
1775605023.5275097,-0.06976379783099658,0.40847643216172813,0.1777162414148539,1.7182930945194672,0.8066323991703918,0.2001360597124586,-0.1540001630783081,0.22,-0.8999999999999999
1775605023.6273766,-0.06976379783099658,0.40847643216172813,0.1777162414148539,1.7322657473871856,0.8041105099733828,0.14381270196853363,-0.1985917091369629,0.22,-0.8999999999999999
1775605023.7274895,0.007919044805194002,0.4169514870206988,-0.028451432695783277,1.7500981439884953,0.8002370525912765,0.15009185069640762,-0.23628810048103333,0.22,-0.8499999999999999
1775605023.827472,0.007919044805194002,0.4169514870206988,-0.028451432695783277,1.7678843720356985,0.7956229136559878,0.21588501577125652,-0.2683021873235702,0.22,-0.7999999999999999
1775605023.927467,0.007919044805194002,0.4169514870206988,-0.028451432695783277,1.785044564704999,0.79046312918927,0.21597197034738516,-0.30754388496279716,0.22,-0.7999999999999999
1775605024.027562,0.007919044805194002,0.4169514870206988,-0.028451432695783277,1.798899193777689,0.7857672314687109,0.14803552343243007,-0.34839034080505366,0.22,-0.7499999999999999
1775605024.1275704,0.007919044805194002,0.4169514870206988,-0.028451432695783277,1.8161687337573937,0.7792001243266597,0.15012906039597407,-0.38545848429203033,0.22,-0.7
1775605024.2275734,0.007919044805194002,0.4169514870206988,-0.028451432695783277,1.8340965453745293,0.7716227366406502,0.1583696931989265,-0.4156694859266281,0.22,-0.7
1775605024.327435,0.07869889700325432,0.39219320860782364,-0.24141607654409897,1.8512774676621857,0.763611085388699,0.23129491484118722,-0.44912984222173696,0.22,-0.7
1775605024.42753,0.07869889700325432,0.39219320860782364,-0.24141607654409897,1.8649662377596212,0.7567491371182714,0.1533747168629932,-0.4843164011836052,0.22,-0.7
1775605024.527463,0.07869889700325432,0.39219320860782364,-0.24141607654409897,1.8815912835514486,0.7477451401267875,0.15497374228357888,-0.5094636529684067,0.22,-0.7
1775605024.6275146,0.07869889700325432,0.39219320860782364,-0.24141607654409897,1.8985174357171426,0.7379327144491834,0.2324150711078466,-0.5367613583803177,0.22,-0.7
1775605024.7275305,0.07869889700325432,0.39219320860782364,-0.24141607654409897,1.9114878189074043,0.7299377201555795,0.1547534407758988,-0.5703918933868408,0.22,-0.7
1775605024.8274505,0.07869889700325432,0.39219320860782364,-0.24141607654409897,1.9273260646878967,0.7195200288990397,0.15486657724208475,-0.5977283120155334,0.22,-0.7
1775605024.9275808,0.07869889700325432,0.39219320860782364,-0.24141607654409897,1.9426867242158006,0.7085843232277718,0.23113853938731818,-0.6332391202449799,0.22,-0.6499999999999999
1775605025.027473,0.07869889700325432,0.39219320860782364,-0.24141607654409897,1.9551353070114426,0.699197491526062,0.1574436413777208,-0.6606263816356658,0.22,-0.5499999999999999
1775605025.1274567,0.12936473300415688,0.3178722417388351,-0.5334240468471017,1.9705361982514165,0.6869676909075446,0.15475907790222262,-0.683374524116516,0.22,-0.5
1775605025.2274501,0.12936473300415688,0.3178722417388351,-0.5334240468471017,1.9859058688994742,0.6739422618259551,0.24176016874627773,-0.7156595289707184,0.22,-0.45
1775605025.3274603,0.12936473300415688,0.3178722417388351,-0.5334240468471017,1.9975872083570179,0.6635778771857828,0.1535507223520393,-0.7370238304138184,0.22,-0.4
1775605025.427471,0.12936473300415688,0.3178722417388351,-0.5334240468471017,2.0123669027139863,0.6499606305183465,0.15871919832438589,-0.755210041999817,0.22,-0.35000000000000003
1775605025.5274322,0.12936473300415688,0.3178722417388351,-0.5334240468471017,2.0271202286721013,0.6358712463299215,0.1583472663555892,-0.7701171040534973,0.22,-0.25000000000000006
1775605025.6274776,0.12936473300415688,0.3178722417388351,-0.5334240468471017,2.0412841601404073,0.6217936487314828,0.2895031216978461,-0.7909425795078276,0.22,-0.20000000000000007
1775605025.727385,0.12936473300415688,0.3178722417388351,-0.5334240468471017,2.0526273935719446,0.6101939893752238,0.16781093981643713,-0.8019723892211914,0.22,-0.15000000000000008
1775605025.8276532,0.12936473300415688,0.3178722417388351,-0.5334240468471017,2.067210022764636,0.5950367800434017,0.17249528467330325,-0.8067368566989898,0.22,-0.10000000000000007
1775605025.9275568,0.12936473300415688,0.3178722417388351,-0.5334240468471017,2.082230827700965,0.5792828735749234,0.2629495622574147,-0.8105971515178682,0.22,-0.05000000000000007
1775605026.0274413,0.12936473300415688,0.3178722417388351,-0.5334240468471017,2.0968676543401585,0.5638274901168271,0.26151624080356867,-0.8146979808807374,0.22,0.04999999999999993
1775605026.1274588,0.12936473300415688,0.3178722417388351,-0.5334240468471017,2.1086409776812576,0.5513424349518479,0.16820525236456804,-0.8142317235469818,0.22,0.09999999999999994
1775605026.2275417,0.12936473300415688,0.3178722417388351,-0.5334240468471017,2.123669514143155,0.5354562377117409,0.18695995980789862,-0.8116568624973296,0.22,0.14999999999999994
1775605026.327513,0.12936473300415688,0.3178722417388351,-0.5334240468471017,2.138165930512781,0.520181620129386,0.2525333396649206,-0.8108907938003539,0.22,0.19999999999999996
1775605026.4275565,0.12936473300415688,0.3178722417388351,-0.5334240468471017,2.153667633601768,0.5039770287864168,0.2692460002926561,-0.8049322366714478,0.22,0.24999999999999994
1775605026.527456,0.12936473300415688,0.3178722417388351,-0.5334240468471017,2.165731159434499,0.4915243327299655,0.17645980361362223,-0.7953815758228301,0.22,0.3499999999999999
1775605026.6274803,0.12936473300415688,0.3178722417388351,-0.5334240468471017,2.1804244729944156,0.47665184840348584,0.15980824894153361,-0.7849728167057036,0.22,0.3999999999999999
1775605026.727536,0.12936473300415688,0.3178722417388351,-0.5334240468471017,2.195423103722005,0.4619424827427713,0.25077067692409877,-0.7696534097194673,0.22,0.4
1775605026.8276544,0.12936473300415688,0.3178722417388351,-0.5334240468471017,2.207599233035876,0.4503218231769626,0.16600509740686564,-0.7526450157165527,0.22,0.4
1775605026.9275553,0.25487298610995834,0.1513909621885001,-0.6715369079218784,2.2227896422321427,0.43625376190566956,0.1638975000301123,-0.7425811588764191,0.22,0.4
1775605027.0274327,0.25487298610995834,0.1513909621885001,-0.6715369079218784,2.238091918707131,0.42242051091411437,0.24850137247801585,-0.72926265001297,0.22,0.4
1775605027.127366,0.25487298610995834,0.1513909621885001,-0.6715369079218784,2.2501757496607255,0.41182362839376163,0.16477716146642254,-0.7108283042907715,0.22,0.4
1775605027.2275977,0.25487298610995834,0.1513909621885001,-0.6715369079218784,2.2655683510700264,0.3987854649838437,0.15752117351606304,-0.6919408142566682,0.22,0.4
1775605027.3274734,0.25487298610995834,0.1513909621885001,-0.6715369079218784,2.281623320009025,0.38571291925270423,0.2505473829189937,-0.6742726862430573,0.22,0.4
1775605027.4274209,0.25487298610995834,0.1513909621885001,-0.6715369079218784,2.294861559902758,0.3753183123302565,0.1681936809420545,-0.6590066254138947,0.22,0.45
1775605027.527524,0.25487298610995834,0.1513909621885001,-0.6715369079218784,2.311495449694916,0.3626119424929098,0.16817439316575222,-0.6416943371295929,0.22,0.5
1775605027.6274915,0.25487298610995834,0.1513909621885001,-0.6715369079218784,2.3279116568582325,0.3505863994560415,0.2448307447473015,-0.6231994926929474,0.22,0.55
1775605027.7274508,0.25487298610995834,0.1513909621885001,-0.6715369079218784,2.341171800851033,0.3413267151455597,0.16060762676374996,-0.5986471772193909,0.22,0.65
1775605027.8273842,0.25487298610995834,0.1513909621885001,-0.6715369079218784,2.3576496460132637,0.3303161508561314,0.1571002282424385,-0.5762155652046204,0.22,0.7
1775605027.9274511,0.25487298610995834,0.1513909621885001,-0.6715369079218784,2.374309659199298,0.3197239255465228,0.2372589968451334,-0.5571178197860718,0.22,0.75
1775605028.0276058,0.25487298610995834,0.1513909621885001,-0.6715369079218784,2.387439052483054,0.31184398393314683,0.15643660262599932,-0.5279540866613388,0.22,0.7999999999999999
1775605028.127506,0.27726820146792525,0.03736661760820728,-0.48169406083485056,2.403840071914343,0.30254046864374695,0.1441266443797468,-0.4992501884698868,0.22,0.85
1775605028.2276573,0.27726820146792525,0.03736661760820728,-0.48169406083485056,2.420893099680382,0.2936415759669675,0.22903115877667538,-0.461151622235775,0.22,0.8999999999999999
1775605028.3276489,0.27726820146792525,0.03736661760820728,-0.48169406083485056,2.4374373211569558,0.28576310436701735,0.22186014631972506,-0.42821723222732544,0.22,0.8999999999999999
1775605028.427464,0.27726820146792525,0.03736661760820728,-0.48169406083485056,2.4509875163837287,0.2799223289914218,0.15272398963835424,-0.3889749776571989,0.22,0.8499999999999999
1775605028.527615,0.27726820146792525,0.03736661760820728,-0.48169406083485056,2.467946766302765,0.27325449476573005,0.14895222379559128,-0.35238224687054753,0.22,0.7999999999999999
1775605028.6274962,0.27726820146792525,0.03736661760820728,-0.48169406083485056,2.4853866025608173,0.26715382947566396,0.1531340818606721,-0.31684301421046257,0.22,0.7499999999999999
1775605028.7275007,0.17340927037986434,-0.04133891070541414,-0.3597942289917845,2.502535503534935,0.261956121252005,0.21810543063199866,-0.2812637090682984,0.22,0.7
1775605028.8274906,0.17340927037986434,-0.04133891070541414,-0.3597942289917845,2.51694515592782,0.25803842163880225,0.14940434230486946,-0.24619077146053314,0.22,0.6499999999999999
1775605028.9274352,0.17340927037986434,-0.04133891070541414,-0.3597942289917845,2.5356834673330684,0.2535817388914653,0.15213294365907257,-0.21896289288997653,0.22,0.6
1775605029.0274975,0.17340927037986434,-0.04133891070541414,-0.3597942289917845,2.555047052157476,0.2496076158898493,0.23664292136875878,-0.1914636343717575,0.22,0.5499999999999999
1775605029.1275172,0.17340927037986434,-0.04133891070541414,-0.3597942289917845,2.569944263770376,0.24693324981720574,0.1545170791564422,-0.16131997108459473,0.22,0.45
1775605029.2274182,0.17340927037986434,-0.04133891070541414,-0.3597942289917845,2.5893592833363,0.24396357090100848,0.16033081970221114,-0.1400613486766815,0.22,0.4
1775605029.3275232,0.17340927037986434,-0.04133891070541414,-0.3597942289917845,2.6091667180057083,0.24142154246629513,0.23751943824244717,-0.1198829710483551,0.22,0.35000000000000003
1775605029.4275403,0.17340927037986434,-0.04133891070541414,-0.3597942289917845,2.625544391817209,0.2396148211972499,0.1649968468367237,-0.09878772497177124,0.22,0.30000000000000004
1775605029.5274873,0.15738521604849717,-0.11971991324076943,-0.20858689457537993,2.6457572122375463,0.23774644262127956,0.15848027259794453,-0.08144402503967287,0.22,0.25000000000000006
1775605029.627595,0.15738521604849717,-0.11971991324076943,-0.20858689457537993,2.6660497880266956,0.23622275951886218,0.16091516186466193,-0.06907740235328674,0.22,0.20000000000000007
1775605029.7274795,0.15738521604849717,-0.11971991324076943,-0.20858689457537993,2.6870628112136044,0.23484006048878323,0.25169047799062616,-0.06281298398971558,0.22,0.20000000000000004
1775605029.8274794,0.15738521604849717,-0.11971991324076943,-0.20858689457537993,2.7039147426614534,0.23382950462939292,0.1714662867094148,-0.056114882230758674,0.22,0.20000000000000004
1775605029.9274857,0.15738521604849717,-0.11971991324076943,-0.20858689457537993,2.7257530610932745,0.23268308681219882,0.17715289427003866,-0.047915816307067864,0.22,0.20000000000000004
1775605030.0274858,0.15738521604849717,-0.11971991324076943,-0.20858689457537993,2.746766844966766,0.23178090530507267,0.24413801537380359,-0.04009532928466797,0.22,0.15000000000000002
1775605030.127558,0.15738521604849717,-0.11971991324076943,-0.20858689457537993,2.7640922716653007,0.231126331649736,0.1756816748151689,-0.03233644366264344,0.22,0.10000000000000003
1775605030.227493,0.15738521604849717,-0.11971991324076943,-0.20858689457537993,2.785697965364096,0.23048178407207598,0.1744588130510027,-0.02673336863517761,0.22,0.10000000000000003
1775605030.3276381,0.15738521604849717,-0.11971991324076943,-0.20858689457537993,2.8066242779226576,0.22999744733322564,0.25323412262059214,-0.020955532789230347,0.22,0.10000000000000003
1775605030.4274933,0.15738521604849717,-0.11971991324076943,-0.20858689457537993,2.8285389603656435,0.22955977196759264,0.24565444700915232,-0.019295006990432743,0.22,0.15000000000000002
1775605030.5274923,0.15738521604849717,-0.11971991324076943,-0.20858689457537993,2.845520161506276,0.22928360492316546,0.17023455113676228,-0.012585729360580444,0.22,0.2
1775605030.6274037,0.15738521604849717,-0.11971991324076943,-0.20858689457537993,2.8676657309190183,0.22904601479702774,0.17581724008086205,-0.009407639503479002,0.22,0.20000000000000004
1775605030.7274728,0.15738521604849717,-0.11971991324076943,-0.20858689457537993,2.8892552142035175,0.22889591934448367,0.2578090061297619,-0.005398452281951903,0.22,0.20000000000000004
1775605030.8275518,0.15738521604849717,-0.11971991324076943,-0.20858689457537993,2.9063905048784164,0.22888116192050054,0.17459782159199103,0.0029855966567993164,0.22,0.20000000000000004
1775605030.92765,0.1680028682670037,-0.17969111898398937,-0.13238820967803086,2.9278285002526907,0.22896187578225008,0.17734799549841088,0.0054766833782196045,0.22,0.20000000000000004
1775605031.0275874,0.1680028682670037,-0.17969111898398937,-0.13238820967803086,2.948279144930568,0.2290880305550172,0.24713462252056712,0.006619662046432495,0.22,0.20000000000000004
1775605031.127537,0.1680028682670037,-0.17969111898398937,-0.13238820967803086,2.9698931393439922,0.22932486398007979,0.25868077626498903,0.013881117105484009,0.22,0.20000000000000004
1775605031.2274902,0.1680028682670037,-0.17969111898398937,-0.13238820967803086,2.986747853124209,0.22959618102524487,0.16876415005834422,0.020001053810119625,0.22,0.20000000000000004
1775605031.32762,0.1680028682670037,-0.17969111898398937,-0.13238820967803086,3.0076232252885977,0.23009100230415042,0.1691373399114914,0.031306862831115716,0.22,0.20000000000000004
1775605031.427416,0.1680028682670037,-0.17969111898398937,-0.13238820967803086,3.029046517926033,0.23088773939620882,0.2530419229494149,0.03995007276535034,0.22,0.20000000000000004
1775605031.5274668,0.1680028682670037,-0.17969111898398937,-0.13238820967803086,3.0503088212448586,0.23189559406138158,0.22627878632654683,0.05306631326675415,0.22,0.15000000000000002
1775605031.6275673,0.1680028682670037,-0.17969111898398937,-0.13238820967803086,3.0676437514117354,0.23288416620907593,0.1733554598582729,0.061158835887908936,0.22,0.10000000000000003
1775605031.7274942,0.1680028682670037,-0.17969111898398937,-0.13238820967803086,3.088710706972548,0.23421736826527395,0.25001479802242826,0.06581470370292664,0.22,0.10000000000000003
1775605031.8275638,0.1680028682670037,-0.17969111898398937,-0.13238820967803086,3.1105283067135994,0.2357074257357278,0.24447560063250742,0.06969821453094482,0.22,0.10000000000000003
1775605031.927644,0.1680028682670037,-0.17969111898398937,-0.13238820967803086,3.127066743976019,0.2368592635964023,0.16593076979054827,0.06892105937004088,0.22,0.10000000000000003
1775605032.0275743,0.1680028682670037,-0.17969111898398937,-0.13238820967803086,3.149108460409979,0.23841036439529117,0.17796701125433348,0.07131081819534303,0.22,0.10000000000000003
1775605032.1276474,0.1680028682670037,-0.17969111898398937,-0.13238820967803086,3.1701856885336968,0.239964079831571,0.25709835109626317,0.0744532346725464,0.22,0.10000000000000003
1775605032.2274868,0.1680028682670037,-0.17969111898398937,-0.13238820967803086,3.191741014592545,0.24157350080118156,0.23418283988996816,0.07496297359466554,0.22,0.10000000000000003
1775605032.3276515,0.1680028682670037,-0.17969111898398937,-0.13238820967803086,3.209128140824387,0.2429182996309709,0.17379640155130588,0.0787491500377655,0.22,0.10000000000000003
1775605032.4274921,0.1680028682670037,-0.17969111898398937,-0.13238820967803086,3.2307993199673337,0.24467007805253319,0.16639705371322674,0.08334162831306458,0.22,0.10000000000000003
1775605032.5275445,0.2215034225766,-0.18760458229476515,0.11486745934977569,3.2523133788935206,0.24647950571288055,0.2637873184948141,0.0838773250579834,0.22,0.15000000000000002
1775605032.62752,0.2215034225766,-0.18760458229476515,0.11486745934977569,3.27334387548602,0.24829953153639533,0.25559895854574216,0.08748406171798706,0.22,0.2
1775605032.7275147,0.2215034225766,-0.18760458229476515,0.11486745934977569,3.2904359064649378,0.24983249159860896,0.1643230491623206,0.09124210476875305,0.22,0.25000000000000006
1775605032.8274975,0.2215034225766,-0.18760458229476515,0.11486745934977569,3.311429739871269,0.25177809449588395,0.17289350850145124,0.09449371695518494,0.22,0.30000000000000004
1775605032.9275868,0.2215034225766,-0.18760458229476515,0.11486745934977569,3.33284078377041,0.25388089821845516,0.2587581932057341,0.10107192397117615,0.22,0.35000000000000003
1775605033.0274947,0.2215034225766,-0.18760458229476515,0.11486745934977569,3.3492709521517687,0.2556744268214175,0.1722152524489729,0.11556434631347656,0.22,0.4
1775605033.1275382,0.2215034225766,-0.18760458229476515,0.11486745934977569,3.3696661220566817,0.2582096339524643,0.1657380370983149,0.13076981902122498,0.22,0.45
1775605033.2274466,0.2215034225766,-0.18760458229476515,0.11486745934977569,3.389272697223182,0.2609182730756701,0.1577176890000701,0.14756900072097776,0.22,0.5
1775605033.3274875,0.2215034225766,-0.18760458229476515,0.11486745934977569,3.409719819233295,0.2641693369172804,0.24456642333725861,0.16433650255203247,0.22,0.5
1775605033.427545,0.2215034225766,-0.18760458229476515,0.11486745934977569,3.429204521883367,0.26764740942441606,0.23640329524172868,0.1854581832885742,0.22,0.55
1775605033.5276353,0.2215034225766,-0.18760458229476515,0.11486745934977569,3.4450086385468706,0.27083600722635787,0.16426273644589737,0.2113373279571533,0.22,0.6
1775605033.6274414,0.2215034225766,-0.18760458229476515,0.11486745934977569,3.4647205500785887,0.27535278394880686,0.24348652377676308,0.2389243841171265,0.22,0.65
1775605033.7274356,0.2215034225766,-0.18760458229476515,0.11486745934977569,3.4835296155849886,0.2801575778647086,0.2367425460514413,0.2590627670288086,0.22,0.7
1775605033.827483,0.2215034225766,-0.18760458229476515,0.11486745934977569,3.4984861125983158,0.2843772113914822,0.15563309232902334,0.2885856032371521,0.22,0.75
1775605033.9274826,0.2801289004063784,-0.1214313223391322,0.7012139184780662,3.5163303297740978,0.2898981325142848,0.14903471838084337,0.3188028335571289,0.22,0.7999999999999999
1775605034.0274446,0.2801289004063784,-0.1214313223391322,0.7012139184780662,3.534582196540867,0.296207737174792,0.2193398276138571,0.3435186147689819,0.22,0.85
1775605034.1275,0.2801289004063784,-0.1214313223391322,0.7012139184780662,3.5486895514844403,0.30154900248487876,0.1509369429266872,0.37679362297058105,0.22,0.8999999999999999
1775605034.227473,0.2801289004063784,-0.1214313223391322,0.7012139184780662,3.5659170598411785,0.30870091170014885,0.15044016403461843,0.417078971862793,0.22,0.95
1775605034.3274174,0.2801289004063784,-0.1214313223391322,0.7012139184780662,3.582752225509313,0.3165556416700278,0.2245325257003583,0.4512828588485718,0.22,0.9999999999999999
1775605034.427595,0.2801289004063784,-0.1214313223391322,0.7012139184780662,3.598915274888963,0.3249162761448832,0.22055437796618305,0.4944297671318054,0.22,0.9999999999999999
1775605034.5275328,0.9238863896564404,1.4290294006271307,1.9365353520812634,3.6118516812586496,0.3322722001565874,0.15010298861928284,0.5440232753753662,0.22,1.0499999999999998
1775605034.6276474,0.9238863896564404,1.4290294006271307,1.9365353520812634,3.6272396110219534,0.341985348942378,0.1396959565458311,0.5932860970497131,0.22,1.0999999999999999
1775605034.7274735,0.9238863896564404,1.4290294006271307,1.9365353520812634,3.641443624379467,0.3520140604167831,0.20443457418126265,0.6329795718193054,0.22,1.15
1775605034.8273787,0.9238863896564404,1.4290294006271307,1.9365353520812634,3.6524009998786204,0.3605164847591169,0.14297776227529516,0.681869387626648,0.22,1.2
1775605034.9274616,0.9238863896564404,1.4290294006271307,1.9365353520812634,3.66587980262481,0.3720127933217694,0.14113059892225108,0.7410492897033691,0.22,1.2
1775605035.0274649,0.9238863896564404,1.4290294006271307,1.9365353520812634,3.678540584334639,0.3841509465572688,0.20880268937026217,0.7827237844467162,0.22,1.25
1775605035.1275463,0.8583030877469178,1.5178664828557693,2.272154595534458,3.687753723357218,0.3938301825700005,0.13730841488025058,0.8329063653945923,0.22,1.3
1775605035.2274313,0.8583030877469178,1.5178664828557693,2.272154595534458,3.6989640777314907,0.4068537679694044,0.13742390344924035,0.8963462114334106,0.22,1.35
1775605035.3274667,0.8583030877469178,1.5178664828557693,2.272154595534458,3.7088715473674223,0.4200490838685206,0.19297368654942493,0.9568263292312621,0.22,1.4000000000000001
1775605035.427544,0.8583030877469178,1.5178664828557693,2.272154595534458,3.7162916282266374,0.4311928883166083,0.13357632873023598,1.0109318494796753,0.22,1.4000000000000001
1775605035.527535,0.8179070982202317,1.5526305630146084,2.5231682178102774,3.724578783183609,0.4454902280062503,0.12860754493979232,1.0810956954956055,0.22,1.4000000000000001
1775605035.6275609,0.8179070982202317,1.5526305630146084,2.5231682178102774,3.7318433410199554,0.46005120078340483,0.12487886438483728,1.149106740951538,0.22,1.4000000000000001
1775605035.7275946,0.8179070982202317,1.5526305630146084,2.5231682178102774,3.7379708563696243,0.4749080660765792,0.19317501984450644,1.203351378440857,0.22,1.4000000000000001
1775605035.827542,0.8179070982202317,1.5526305630146084,2.5231682178102774,3.7421174543663116,0.4870769114631008,0.13189883421460358,1.2720229625701904,0.22,1.35
1775605035.9276469,0.7724759933609888,1.5791055736523862,2.790518777627726,3.746245521611865,0.502214785935302,0.12345704068880711,1.3371480703353884,0.22,1.3
1775605036.0274854,0.7724759933609888,1.5791055736523862,2.790518777627726,3.7496130978340254,0.5179802868713972,0.1270639326785947,1.397517800331116,0.22,1.25
1775605036.1274505,0.7724759933609888,1.5791055736523862,2.790518777627726,3.7520214820524416,0.5341771625803674,0.19970344695658437,1.4441999197006226,0.22,1.2
1775605036.2274928,0.7724759933609888,1.5791055736523862,2.790518777627726,3.753491362293563,0.5502567761858908,0.1956115549145698,1.5010913610458374,0.22,1.15
1775605036.3274813,0.7108735246959983,1.5980775908619818,3.0224239512807065,3.7540079262963624,0.5635841312985632,0.13675286299784753,1.558426856994629,0.22,1.0499999999999998
1775605036.4275947,0.7108735246959983,1.5980775908619818,3.0224239512807065,3.753829571837937,0.5808941748302402,0.14562150124485415,1.6128041744232178,0.22,0.9999999999999999
1775605036.5274606,0.7108735246959983,1.5980775908619818,3.0224239512807065,3.752618766202296,0.5988989835587913,0.2176851815165628,1.6567713022232056,0.22,0.9499999999999998
1775605036.62757,0.7108735246959983,1.5980775908619818,3.0224239512807065,3.7510773943749194,0.6126568916499878,0.1343661329339206,1.7039567232131958,0.22,0.8999999999999999
1775605036.7275891,0.7108735246959983,1.5980775908619818,3.0224239512807065,3.748413615863581,0.6302487057610339,0.14653265096142187,1.7484012842178347,0.22,0.8499999999999999
1775605036.827444,0.7108735246959983,1.5980775908619818,3.0224239512807065,3.744830035818647,0.6481933498285862,0.2199554115411422,1.7830041646957397,0.22,0.7999999999999999
1775605036.9274223,0.614156849131691,1.6058629802065587,-3.0038812245879662,3.741420201106365,0.6625493480589644,0.14707081645116543,1.8229540586471558,0.22,0.7499999999999999
1775605037.0274913,0.614156849131691,1.6058629802065587,-3.0038812245879662,3.736541317611865,0.6804484378213702,0.14483484557818113,1.8564611673355103,0.22,0.7
1775605037.1274064,0.614156849131691,1.6058629802065587,-3.0038812245879662,3.730974057599793,0.6983574356565749,0.16929544420365558,1.8950618505477905,0.22,0.6499999999999999
1775605037.2273617,0.614156849131691,1.6058629802065587,-3.0038812245879662,3.7246024257811174,0.7164267671946551,0.23091379032730203,1.9206269979476926,0.22,0.6
1775605037.3274922,0.614156849131691,1.6058629802065587,-3.0038812245879662,3.7192074808558515,0.7304866676555629,0.1547312134951395,1.9510403871536255,0.22,0.6
1775605037.4274862,0.614156849131691,1.6058629802065587,-3.0038812245879662,3.7117766065153424,0.7483660285614465,0.15752317101883875,1.9834457635879517,0.22,0.5499999999999999
1775605037.5274363,0.614156849131691,1.6058629802065587,-3.0038812245879662,3.703912940586175,0.7658655894218657,0.16093317313694952,2.006146788597107,0.22,0.5
1775605037.6275048,0.614156849131691,1.6058629802065587,-3.0038812245879662,3.6953495913946743,0.7837098835459401,0.2428939667906566,2.0282615423202515,0.22,0.45
1775605037.7276025,0.48431386573025237,1.5771457579467105,-2.7631895437285836,3.688330425936433,0.7974897135149085,0.1538868494476107,2.0521780252456665,0.22,0.4
1775605037.8276386,0.48431386573025237,1.5771457579467105,-2.7631895437285836,3.679002977404428,0.8150616287464895,0.16407063297586352,2.067559599876404,0.22,0.35000000000000003
1775605037.927485,0.48431386573025237,1.5771457579467105,-2.7631895437285836,3.669284527622539,0.8326808923644651,0.16570999059674232,2.0856178998947144,0.22,0.30000000000000004
1775605038.0275798,0.48431386573025237,1.5771457579467105,-2.7631895437285836,3.659146836986427,0.8501501676171246,0.2416426102378212,2.103615164756775,0.22,0.25000000000000006
1775605038.127589,0.48431386573025237,1.5771457579467105,-2.7631895437285836,3.648575320743004,0.8677750311218572,0.2515525673858445,2.115146517753601,0.22,0.20000000000000007
1775605038.227577,0.48431386573025237,1.5771457579467105,-2.7631895437285836,3.6401834089626033,0.8814824096684297,0.16148990467204696,2.1261709928512573,0.22,0.15000000000000008
1775605038.3274722,0.48431386573025237,1.5771457579467105,-2.7631895437285836,3.6289442363367126,0.8994999963670781,0.17576436038315424,2.1324344873428345,0.22,0.05000000000000007
1775605038.427584,0.48431386573025237,1.5771457579467105,-2.7631895437285836,3.617702514790818,0.9172768939796315,0.17621959295214137,2.135720133781433,0.22,6.938893903907228e-17
1775605038.5273511,0.48431386573025237,1.5771457579467105,-2.7631895437285836,3.6061574028123093,0.9355207703548037,0.2566507200104733,2.133550763130188,0.22,-0.049999999999999975
1775605038.6273818,0.48431386573025237,1.5771457579467105,-2.7631895437285836,3.5966737428786097,0.9505462696007033,0.17497950559409722,2.132867932319641,0.22,-0.09999999999999998
1775605038.7273777,0.48431386573025237,1.5771457579467105,-2.7631895437285836,3.584844700038155,0.9693890613179138,0.1766671032756716,2.128360629081726,0.22,-0.09999999999999998
1775605038.8275394,0.48431386573025237,1.5771457579467105,-2.7631895437285836,3.57357012688507,0.9875932728057929,0.2628860627626191,2.1243873834609985,0.22,-0.14999999999999997
1775605038.9275358,0.48431386573025237,1.5771457579467105,-2.7631895437285836,3.5623756695697377,1.0057279983367942,0.2593935240645068,2.1228843927383423,0.22,-0.19999999999999996
1775605039.0274909,0.48431386573025237,1.5771457579467105,-2.7631895437285836,3.5530871409645606,1.0209341874716502,0.1774096843173821,2.112984538078308,0.22,-0.24999999999999994
1775605039.1274955,0.48431386573025237,1.5771457579467105,-2.7631895437285836,3.542373741636232,1.0388871081895852,0.16955583292675608,2.102744460105896,0.22,-0.29999999999999993
1775605039.2274806,0.48431386573025237,1.5771457579467105,-2.7631895437285836,3.5317711645580028,1.0571109991839127,0.2589066512839196,2.0943609476089478,0.22,-0.35
1775605039.32745,0.2122048233681896,1.4476013422967102,-2.715326071424354,3.5217124859143194,1.07477183224403,0.2454131905285652,2.084318995475769,0.22,-0.39999999999999997
1775605039.4275856,0.2122048233681896,1.4476013422967102,-2.715326071424354,3.5138200245880546,1.0890046367246813,0.15607317558600106,2.0677937269210815,0.22,-0.44999999999999996
1775605039.5273814,0.2122048233681896,1.4476013422967102,-2.715326071424354,3.5041607022276104,1.1070020035242396,0.1655888315003876,2.0578683614730835,0.22,-0.5499999999999999
1775605039.6275907,0.2122048233681896,1.4476013422967102,-2.715326071424354,3.4946415898227214,1.125444825408608,0.24714425226370745,2.039253830909729,0.22,-0.6
1775605039.7274256,0.2122048233681896,1.4476013422967102,-2.715326071424354,3.487670601458024,1.1396730385971294,0.16276837716808365,2.012616991996765,0.22,-0.65
1775605039.8274755,0.2122048233681896,1.4476013422967102,-2.715326071424354,3.4795971225160454,1.1572161385726605,0.14994177586940793,1.9874392747879028,0.22,-0.7
1775605039.927388,0.2122048233681896,1.4476013422967102,-2.715326071424354,3.471930512123263,1.1750236449652074,0.16666120875760063,1.9665971994400024,0.22,-0.75
1775605040.0276163,0.2122048233681896,1.4476013422967102,-2.715326071424354,3.4647254785988735,1.1930772985778775,0.23659504223870445,1.9429911375045779,0.22,-0.7999999999999999
1775605040.1275141,0.2122048233681896,1.4476013422967102,-2.715326071424354,3.4594832929114028,1.2070867860534014,0.1536000483232361,1.9114152193069458,0.22,-0.85
1775605040.2275794,0.2122048233681896,1.4476013422967102,-2.715326071424354,3.453494406709117,1.2247792002605224,0.15279716444872957,1.8753248453140259,0.22,-0.8999999999999999
1775605040.327531,0.06117649882878236,1.3602500497850742,-2.970578835062696,3.4481666474747,1.2426027808873565,0.1517497140676768,1.844582200050354,0.22,-0.95
1775605040.4274888,0.06117649882878236,1.3602500497850742,-2.970578835062696,3.4434640685562745,1.2610454060252192,0.22833391221673383,1.8046468496322634,0.22,-0.9999999999999999
1775605040.5274534,0.06117649882878236,1.3602500497850742,-2.970578835062696,3.4403627546202777,1.2752897723142416,0.13987983689863254,1.7605267763137817,0.22,-1.0499999999999998
1775605040.6275973,0.06117649882878236,1.3602500497850742,-2.970578835062696,3.437301451411429,1.2926886790591867,0.1350715874147905,1.7241584062576294,0.22,-1.0999999999999999
1775605040.727474,0.06117649882878236,1.3602500497850742,-2.970578835062696,3.435078831703521,1.3105965175662408,0.21642845088039092,1.6755572557449343,0.22,-1.15
1775605040.8274822,0.06117649882878236,1.3602500497850742,-2.970578835062696,3.4338967642547713,1.3245423439228563,0.13364547579487399,1.6282706260681152,0.22,-1.2
1775605040.9274833,-0.03838525597553075,1.3677980168839639,3.05449833902838,3.433251892922608,1.3425758661723701,0.14529964663146558,1.5762345790863037,0.22,-1.25
1775605041.0275617,-0.03838525597553075,1.3677980168839639,3.05449833902838,3.4335077677709274,1.3594044658866424,0.13216436352875574,1.5302332639694214,0.22,-1.3
1775605041.1276298,-0.03838525597553075,1.3677980168839639,3.05449833902838,3.4347769367078427,1.376008574045966,0.19769735425534987,1.468934416770935,0.22,-1.25
1775605041.2276375,-0.03838525597553075,1.3677980168839639,3.05449833902838,3.4365474333766,1.3895084548929781,0.13710300737581405,1.4064007997512817,0.22,-1.2
1775605041.3275893,-0.10876329827095285,1.393784634266906,2.854911496787845,3.439665432018058,1.406073337447704,0.1350785043575899,1.3589559793472288,0.22,-1.15
1775605041.427578,-0.10876329827095285,1.393784634266906,2.854911496787845,3.4438305438538555,1.4226669404760646,0.20588260857660381,1.3018876314163208,0.22,-1.0999999999999999
1775605041.5274596,-0.10876329827095285,1.393784634266906,2.854911496787845,3.447734554474918,1.4356584352134354,0.13859665402121807,1.250427961349487,0.22,-1.0499999999999998
1775605041.6276488,-0.10876329827095285,1.393784634266906,2.854911496787845,3.453596898259535,1.4521347564920604,0.13948707521124273,1.1967675685882568,0.22,-0.9999999999999999
1775605041.7274654,-0.17574660003102216,1.4099627425473573,2.659024928796431,3.4604161829364672,1.4682665690417278,0.21263696762549383,1.1517502069473267,0.22,-0.9999999999999999
1775605041.8276162,-0.17574660003102216,1.4099627425473573,2.659024928796431,3.4664142932951867,1.4808559642413006,0.14014637829882295,1.1055313348770142,0.22,-0.9499999999999998
1775605041.927599,-0.17574660003102216,1.4099627425473573,2.659024928796431,3.474627085836184,1.4964966185488426,0.14106458592943932,1.060522198677063,0.22,-0.8999999999999999
1775605042.0276513,-0.17574660003102216,1.4099627425473573,2.659024928796431,3.483935467110743,1.5125151259286385,0.14970318467683205,1.0244661569595337,0.22,-0.8499999999999999
1775605042.127643,-0.17574660003102216,1.4099627425473573,2.659024928796431,3.493827068420839,1.5279399753117413,0.2197788670143025,0.9836633205413818,0.22,-0.7999999999999999
1775605042.227594,-0.17574660003102216,1.4099627425473573,2.659024928796431,3.502072419556534,1.5398702110972415,0.1403970919269628,0.9433473348617554,0.22,-0.7499999999999999
1775605042.327425,-0.2742785800787392,1.439700864630326,2.436638964204179,3.513348737433573,1.5549826885125138,0.15251946543766312,0.9099901914596558,0.22,-0.6499999999999999
1775605042.4275656,-0.2742785800787392,1.439700864630326,2.436638964204179,3.5252727307402707,1.5698828018665587,0.28037971098622233,0.884568691253662,0.22,-0.6
1775605042.5274777,-0.2742785800787392,1.439700864630326,2.436638964204179,3.53763103875352,1.5844245250861475,0.22522668818837588,0.8548780679702759,0.22,-0.5499999999999999
1775605042.627444,-0.2742785800787392,1.439700864630326,2.436638964204179,3.547826604902752,1.5958152427062557,0.14938356807589787,0.8235095739364624,0.0,0.0
1775605042.7275693,-0.2742785800787392,1.439700864630326,2.436638964204179,3.5614486241072183,1.6102094630746002,0.15919441768906167,0.80218505859375,0.0,0.0
1775605042.8274868,-0.2742785800787392,1.439700864630326,2.436638964204179,3.570206751720778,1.6190974994035132,0.11479794292855004,0.78548526763916,0.0,0.0
1775605042.927635,-0.2742785800787392,1.439700864630326,2.436638964204179,3.5716578299150146,1.6205457916176687,0.010652378057141311,0.7836159467697145,0.0,0.0
1775605043.0275135,-0.2742785800787392,1.439700864630326,2.436638964204179,3.5718729751317557,1.620760182329366,0.0015233377539372848,0.7836624383926392,0.0,0.0
1775605043.1278033,-0.2742785800787392,1.439700864630326,2.436638964204179,3.5719088323303088,1.6207959144534068,0.0,0.7836576700210571,0.0,0.05
1775605043.2274847,-0.2742785800787392,1.439700864630326,2.436638964204179,3.571926760900833,1.62081378054428,0.0,0.7836683988571167,0.0,0.1
1775605043.3275166,-0.2742785800787392,1.439700864630326,2.436638964204179,3.571908834563548,1.6207959122126374,-0.0005066353187599393,0.7838850021362305,0.0,0.15000000000000002
1775605043.4273806,-0.2742785800787392,1.439700864630326,2.436638964204179,3.572033919830768,1.620921389399664,0.00253623596345591,0.790148138999939,0.0,0.2
1775605043.5274653,-0.2742785800787392,1.439700864630326,2.436638964204179,3.572211169628809,1.6211020688927456,0.0019266250815598155,0.8017152547836304,0.0,0.25
1775605043.6274683,-0.2742785800787392,1.439700864630326,2.436638964204179,3.5722463573924332,1.6211384630755388,-0.0004517263341938445,0.8216989040374756,0.0,0.3
1775605043.7275035,-0.2742785800787392,1.439700864630326,2.436638964204179,3.572263281391405,1.6211572835192911,0.0005084264296105539,0.84617018699646,0.0,0.35
1775605043.8274636,-0.2742785800787392,1.439700864630326,2.436638964204179,3.572196923599248,1.6210808217563604,-0.0005062948559335011,0.872604489326477,0.0,0.39999999999999997
1775605043.9274874,-0.2742785800787392,1.439700864630326,2.436638964204179,3.5722287185873935,1.621120209802341,0.0004707701751595008,0.9064942598342894,0.0,0.45
1775605044.0275457,-0.2742785800787392,1.439700864630326,2.436638964204179,3.572229128554632,1.6211199032224222,-0.0005067663458105658,0.9469460248947142,0.0,0.5
1775605044.1275575,-0.2742785800787392,1.439700864630326,2.436638964204179,3.5722003357897534,1.6210782714422347,-0.0005060081563721786,0.9898606538772583,0.0,0.55
1775605044.227438,-0.2742785800787392,1.439700864630326,2.436638964204179,3.5721597603180726,1.6210140935206239,-0.0005065070961934181,1.0294915437698364,0.0,0.6
1775605044.3274388,-0.2742785800787392,1.439700864630326,2.436638964204179,3.5721222770787597,1.6209480652252632,-0.0005046319583348691,1.083911895751953,0.0,0.65
1775605044.4275956,-0.2742785800787392,1.439700864630326,2.436638964204179,3.5721452179071678,1.6209931899609265,3.7513061743269144e-14,1.1411325931549072,0.0,0.7
1775605044.527369,-0.34764573723556086,1.505866054767463,2.7044496347571783,3.5721357301737964,1.620969724800375,-0.0005062311314720864,1.2064290046691895,0.0,0.75
1775605044.6273735,-0.34764573723556086,1.505866054767463,2.7044496347571783,3.5721344346768324,1.6209701789495425,0.0010134906061374108,1.260668396949768,0.0,0.7999999999999999
1775605044.7274485,-0.34764573723556086,1.505866054767463,2.7044496347571783,3.5721416259326046,1.6209944465552042,0.0,1.3352310657501218,0.0,0.7999999999999999
1775605044.8276181,-0.34764573723556086,1.505866054767463,2.7044496347571783,3.572139626583334,1.6209948506661715,0.0010131820927779154,1.4158262014389038,0.0,0.85
1775605044.9275928,-0.3315460813770931,1.5042874974884923,2.961533062828497,3.5721589339703264,1.6211454640691711,0.0010136523317337098,1.4815735816955569,0.0,0.8999999999999999
1775605045.0275931,-0.3315460813770931,1.5042874974884923,2.961533062828497,3.5721626224184204,1.6212212908042014,0.0005082483878519061,1.5677642822265625,0.0,0.95
1775605045.1274922,-0.3315460813770931,1.5042874974884923,2.961533062828497,3.572161486102742,1.6212972143603888,0.0,1.6609240770339966,0.0,0.9999999999999999
1775605045.227488,-0.3315460813770931,1.5042874974884923,2.961533062828497,3.5721550663653816,1.6213474177604303,0.0005066450138803021,1.7370887994766235,0.0,0.9999999999999999
1775605045.327643,-0.33431344642678207,1.5091652095358277,-2.974397671730755,3.5721724841051348,1.6212735339952085,-0.0010126723794707882,1.841469883918762,0.0,0.9999999999999999
1775605045.427539,-0.33431344642678207,1.5091652095358277,-2.974397671730755,3.5721811768562013,1.6212497628588658,-0.0005074290502669186,1.9428516626358032,0.0,0.9999999999999999
1775605045.5276117,-0.33431344642678207,1.5091652095358277,-2.974397671730755,3.5722410753654126,1.6211102417118521,-0.0010131178538217546,2.0253950357437134,0.0,0.9999999999999999
1775605045.6275432,-0.33431344642678207,1.5091652095358277,-2.974397671730755,3.5722539789850214,1.6210884672441177,-0.0005069690198309108,2.1256271600723267,0.0,0.9999999999999999
1775605045.7275817,-0.3209862996043074,1.508142331174083,-2.5879960159536055,3.5722237283037916,1.6211290556619442,0.0010136176240333602,2.232773184776306,0.0,0.9999999999999999
1775605045.8275614,-0.3209862996043074,1.508142331174083,-2.5879960159536055,3.572159922922904,1.6212076620667486,-3.7590398080568e-14,2.338188052177429,0.0,0.9999999999999999
1775605045.9274797,-0.3209862996043074,1.508142331174083,-2.5879960159536055,3.57210539191279,1.6212604810277893,0.0005067385259327833,2.4211419820785522,0.005,0.8999999999999999
1775605046.0275223,-0.3209862996043074,1.508142331174083,-2.5879960159536055,3.5720655590023607,1.6212916935309238,0.0004608356550455414,2.522415280342102,0.01,0.8499999999999999
1775605046.1274736,-0.33420430754189484,1.5058000363977069,-2.2260298590218293,3.572086436174936,1.6212773835865004,0.0,2.618313193321228,0.015,0.7999999999999999
1775605046.2274435,-0.33420430754189484,1.5058000363977069,-2.2260298590218293,3.5716604301179196,1.6215003554003475,0.0060893278152413305,2.690524697303772,0.02,0.7499999999999999
1775605046.327587,-0.33420430754189484,1.5058000363977069,-2.2260298590218293,3.570775083321961,1.621875713847319,0.012652303339044555,2.7711161375045776,0.02,0.7
1775605046.4275422,-0.33420430754189484,1.5058000363977069,-2.2260298590218293,3.570575209936021,1.6219171807841022,0.014699451431951022,2.8539103905307215,0.02,0.6499999999999999
1775605046.52757,-0.35911365268999407,1.4986156532937513,-1.929849637414396,3.568447104034399,1.622482021175996,0.018211919810864872,2.9138242642032073,0.02,0.6
1775605046.6273723,-0.35911365268999407,1.4986156532937513,-1.929849637414396,3.566259055293837,1.6228969199740708,0.02682310672971419,2.9811608234988616,0.0,0.0
1775605046.7273874,-0.35911365268999407,1.4986156532937513,-1.929849637414396,3.564199193974823,1.6231490119682996,0.02423296222233393,3.0437173287021086,0.0,0.0
1775605046.8274124,-0.35911365268999407,1.4986156532937513,-1.929849637414396,3.5630896793354396,1.6232449146021548,0.008607546304456653,3.067409698163168,0.005,0.0
1775605046.9273713,-0.35911365268999407,1.4986156532937513,-1.929849637414396,3.5628120078743892,1.6232652832532084,0.0005059651364924415,3.069897834454672,0.01,0.0
1775605047.0275235,-0.35911365268999407,1.4986156532937513,-1.929849637414396,3.5628120084097525,1.6232652907440843,-0.0005063711074234902,3.070491258298056,0.015,0.0
1775605047.1276233,-0.35911365268999407,1.4986156532937513,-1.929849637414396,3.562812006756893,1.6232652673249703,0.0005060268718006218,3.0723463932620447,0.02,0.0
1775605047.2274833,-0.35911365268999407,1.4986156532937513,-1.929849637414396,3.562483703226935,1.6232872484431897,0.003040013815925844,3.0782610813723967,0.025,0.0
1775605047.3274558,-0.35911365268999407,1.4986156532937513,-1.929849637414396,3.561397383704361,1.6233538468628275,0.011630842679597426,3.0819012562381194,0.034999999999999996,0.0
1775605047.4274397,-0.35911365268999407,1.4986156532937513,-1.929849637414396,3.5594265844143167,1.6234702425150513,0.026322086203135784,3.0830103794681,0.039999999999999994,0.0
1775605047.5274453,-0.35911365268999407,1.4986156532937513,-1.929849637414396,3.5573040774352327,1.6235937547607737,0.02227719869732842,3.083560411130087,0.04499999999999999,0.0
1775605047.6275074,-0.35911365268999407,1.4986156532937513,-1.929849637414396,3.5543225146948396,1.6237681882832284,0.024143791246996435,3.0826475063907073,0.04999999999999999,0.0
1775605047.727444,-0.35911365268999407,1.4986156532937513,-1.929849637414396,3.5509367769205378,1.6239680561296335,0.04197863612505021,3.082736436520712,0.054999999999999986,0.0
1775605047.8276412,-0.35911365268999407,1.4986156532937513,-1.929849637414396,3.5478795033948436,1.624148485430803,0.031883810152056054,3.082457009946005,0.059999999999999984,0.0
1775605047.927652,-0.35911365268999407,1.4986156532937513,-1.929849637414396,3.5433062170409255,1.6244182239192406,0.03893702488938166,3.082808438931601,0.060000000000000005,0.0
1775605048.0274327,-0.35911365268999407,1.4986156532937513,-1.929849637414396,3.5382275563035197,1.6247171079776686,0.039952825391849245,3.082477752362387,0.065,0.0
1775605048.1276343,-0.35911365268999407,1.4986156532937513,-1.929849637414396,3.532618327345873,1.625047866232859,0.06872570135981534,3.082498971615927,0.07,0.0
1775605048.2275941,-0.35911365268999407,1.4986156532937513,-1.929849637414396,3.527590353145175,1.625346357441864,0.0504544311221469,3.081940356885092,0.07500000000000001,0.0
1775605048.327603,-0.35911365268999407,1.4986156532937513,-1.929849637414396,3.520945392055311,1.6257416873779527,0.0560808125443642,3.0826110283481047,0.08,0.0
1775605048.4274895,-0.35911365268999407,1.4986156532937513,-1.929849637414396,3.513845226548032,1.6261570146151834,0.056857614353484826,3.0839132706271575,0.085,0.0
1775605048.5274642,-0.35911365268999407,1.4986156532937513,-1.929849637414396,3.506239023506616,1.6265899897160268,0.09439358356722986,3.084843818341391,0.09,0.0
1775605048.6274695,-0.35911365268999407,1.4986156532937513,-1.929849637414396,3.4980769175169,1.627055178686103,0.0958079898093779,3.08453625837435,0.095,0.0
1775605048.727524,-0.35911365268999407,1.4986156532937513,-1.929849637414396,3.490773924474283,1.627470415189478,0.07294992540961762,3.084551040326254,0.09999999999999999,0.0
1775605048.827501,-0.35911365268999407,1.4986156532937513,-1.929849637414396,3.481146157875209,1.6280187985175387,0.0776847925166716,3.084512893353598,0.105,0.0
1775605048.9274635,-0.35911365268999407,1.4986156532937513,-1.929849637414396,3.470887462652484,1.6286172861262513,0.1246262963842721,3.083207790051596,0.10999999999999999,0.0
1775605049.0274835,-0.35911365268999407,1.4986156532937513,-1.929849637414396,3.462448207460231,1.629112448661652,0.08468392804626709,3.082942430173056,0.11499999999999999,0.0
1775605049.1275089,-0.35911365268999407,1.4986156532937513,-1.929849637414396,3.4515575421892897,1.629743012757546,0.0880335835021031,3.0848152081118987,0.11999999999999998,0.0
1775605049.2275856,-0.35911365268999407,1.4986156532937513,-1.929849637414396,3.442510760420967,1.6302544264680592,0.09167242213061351,3.085996810589926,0.12499999999999999,0.0
1775605049.3274438,-0.35911365268999407,1.4986156532937513,-1.929849637414396,3.431011906389319,1.6308892080207364,0.09524416842672545,3.087046090756552,0.12999999999999998,0.0
1775605049.4275746,-0.35911365268999407,1.4986156532937513,-1.929849637414396,3.4191337384457454,1.6315407289064976,0.0952567809614166,3.087238494549887,0.13499999999999998,0.0
1775605049.5276475,-0.35911365268999407,1.4986156532937513,-1.929849637414396,3.406194106929021,1.6322502837880255,0.1553118148342444,3.087334338818686,0.13999999999999999,0.0
1775605049.6274698,-0.35911365268999407,1.4986156532937513,-1.929849637414396,3.395528652913495,1.6328283707487485,0.11263698064358416,3.0884816090213225,0.145,0.0
1775605049.727478,-0.35911365268999407,1.4986156532937513,-1.929849637414396,3.3816517269464472,1.6335477965991072,0.11817959591031289,3.0917918125735686,0.15,0.0
1775605049.8275504,-0.35911365268999407,1.4986156532937513,-1.929849637414396,3.367191493804709,1.6342589916782206,0.12287336193087815,3.0930780808078215,0.155,0.0
1775605049.9275029,-0.35911365268999407,1.4986156532937513,-1.929849637414396,3.351921701799717,1.6349977938988627,0.18948695340988353,3.0937067906009124,0.16,0.0
1775605050.0275762,-0.35911365268999407,1.4986156532937513,-1.929849637414396,3.3396600133036616,1.6355836816317004,0.12535024957753976,3.097293321286337,0.165,0.0
1775605050.1274865,-0.35911365268999407,1.4986156532937513,-1.929849637414396,3.3235018158228913,1.6362876181330186,0.1318091783164927,3.100422088299887,0.17,0.0
1775605050.2275624,-0.35911365268999407,1.4986156532937513,-1.929849637414396,3.3068603442332685,1.6369443873975853,0.13457141152355467,3.103615228329794,0.17500000000000002,0.0
1775605050.3274858,-0.35911365268999407,1.4986156532937513,-1.929849637414396,3.289634012502743,1.6375381463575716,0.21009292949120179,3.1091703812228606,0.18000000000000002,0.0
1775605050.4274864,-0.4128130719412145,1.2451638761072492,-1.7352379160217186,3.271900531756031,1.6381128433306018,0.21046698735662767,3.110232535992758,0.18000000000000002,0.0
1775605050.527497,-0.4128130719412145,1.2451638761072492,-1.7352379160217186,3.2572275844199554,1.6385741673167709,0.14989533011736886,3.1112009922610686,0.18000000000000002,0.0
1775605050.627492,-0.4128130719412145,1.2451638761072492,-1.7352379160217186,3.2380750643073033,1.6391158896528313,0.15844309038022736,3.115304891263144,0.18500000000000003,0.0
1775605050.727442,-0.4128130719412145,1.2451638761072492,-1.7352379160217186,3.219250777005952,1.6396242158955385,0.1550141206086039,3.1138255039798186,0.19000000000000003,0.0
1775605050.8274796,-0.4128130719412145,1.2451638761072492,-1.7352379160217186,3.2002740893928667,1.640114158130245,0.23232017072672856,3.1163253227816985,0.19500000000000003,0.0
1775605050.9275033,-0.4128130719412145,1.2451638761072492,-1.7352379160217186,3.18481284212873,1.6404458764654664,0.158379033634167,3.123378936444418,0.20000000000000004,0.0
1775605051.0275555,-0.4128130719412145,1.2451638761072492,-1.7352379160217186,3.1646176924720133,1.6407802838791952,0.16421802422311965,3.127340976391928,0.20500000000000004,0.0
1775605051.1275172,-0.4128130719412145,1.2451638761072492,-1.7352379160217186,3.144067648762716,1.6410832738839523,0.24202517879249388,3.1269497315036223,0.21000000000000005,0.0
1775605051.2274635,-0.4128130719412145,1.2451638761072492,-1.7352379160217186,3.1232642459818867,1.6413702622194004,0.24609042557190355,3.1287176052676604,0.21500000000000005,0.0
1775605051.3274956,-0.4128130719412145,1.2451638761072492,-1.7352379160217186,3.1060539617758702,1.6415530850091895,0.178167783199242,3.133343640957968,0.22,0.0
1775605051.4275076,-0.4128130719412145,1.2451638761072492,-1.7352379160217186,3.0847176304738837,1.6417095821982897,0.14008830755216845,3.1356408039676116,0.22,0.0
1775605051.5273893,-0.4128130719412145,1.2451638761072492,-1.7352379160217186,3.063077256563324,1.6418155572981412,0.1665832088584689,3.13794464269747,0.22,0.0
1775605051.6274827,-0.4128130719412145,1.2451638761072492,-1.7352379160217186,3.0403230187975603,1.6418689513498974,0.2623483605295663,3.141064588223593,0.22,0.0
1775605051.7275808,-0.4128130719412145,1.2451638761072492,-1.7352379160217186,3.0229852065756564,1.6418855043151146,0.16797340848074227,3.140810910855429,0.22,0.0
1775605051.8274906,-0.4537496836278432,0.9955327571865804,-1.6822684114925106,3.000534631975618,1.6418883830473945,0.18303624186703402,-3.1399394273757935,0.22,0.0
1775605051.9275513,-0.4537496836278432,0.9955327571865804,-1.6822684114925106,2.9776792699728705,1.6417985848063898,0.2721035287169318,-3.1358731985092163,0.22,0.0
1775605052.02765,-0.4537496836278432,0.9955327571865804,-1.6822684114925106,2.9596838043579137,1.6416743222854662,0.18223527253743846,-3.1334270238876343,0.22,0.0
1775605052.1274471,-0.4537496836278432,0.9955327571865804,-1.6822684114925106,2.9371834870871867,1.641475162646392,0.18055774868063318,-3.1319369077682495,0.22,0.0
1775605052.2275393,-0.4537496836278432,0.9955327571865804,-1.6822684114925106,2.9148103539816135,1.6412153662242508,0.26758842547902206,-3.1291249990463257,0.22,0.0
1775605052.3275294,-0.4537496836278432,0.9955327571865804,-1.6822684114925106,2.89744880167637,1.6409814773987024,0.17137123965882944,-3.126705288887024,0.22,0.0
1775605052.4274852,-0.4537496836278432,0.9955327571865804,-1.6822684114925106,2.8747736838410525,1.6405979255207224,0.1842102510091557,-3.1222671270370483,0.22,0.0
1775605052.5274749,-0.4537496836278432,0.9955327571865804,-1.6822684114925106,2.852276766105675,1.6401589479311331,0.2728217422114204,-3.1221424341201782,0.22,0.0
1775605052.6276429,-0.4537496836278432,0.9955327571865804,-1.6822684114925106,2.834638724130109,1.6398073904069548,0.18063990652412665,-3.119738459587097,0.22,0.0
1775605052.7275028,-0.4537496836278432,0.9955327571865804,-1.6822684114925106,2.8128268530646485,1.6392987691155065,0.1696249581628957,-3.115575671195984,0.22,0.0
1775605052.8276072,-0.4537496836278432,0.9955327571865804,-1.6822684114925106,2.7911433365191853,1.6387194683596538,0.17501274314057647,-3.1128934621810913,0.22,0.0
1775605052.9275653,-0.4537496836278432,0.9955327571865804,-1.6822684114925106,2.768500911475179,1.6380254595580346,0.2718820978334466,-3.1099785566329956,0.22,0.0
1775605053.0276594,-0.4618777861697957,0.7381112239570937,-1.6244751503071488,2.75104537466842,1.6374699817521656,0.17551910400029538,-3.1088541746139526,0.22,0.0
1775605053.1275177,-0.4618777861697957,0.7381112239570937,-1.6244751503071488,2.728785008570995,1.636708242387273,0.1736185683186257,-3.1052647829055786,0.22,0.0
1775605053.2274778,-0.4618777861697957,0.7381112239570937,-1.6244751503071488,2.706224050602047,1.635853918968213,0.18146430219684123,-3.1026657819747925,0.22,0.0
1775605053.3274693,-0.4618777861697957,0.7381112239570937,-1.6244751503071488,2.684575797973491,1.6349786027442246,0.2691216721189326,-3.0995858907699585,0.22,0.0
1775605053.4276156,-0.4618777861697957,0.7381112239570937,-1.6244751503071488,2.666826092110591,1.634171021190435,0.17298266079902122,-3.0917967557907104,0.22,0.0
1775605053.527613,-0.4618777861697957,0.7381112239570937,-1.6244751503071488,2.6441763957192994,1.6330308813949714,0.18063636397606045,-3.090870976448059,0.22,0.0
1775605053.627549,-0.4618777861697957,0.7381112239570937,-1.6244751503071488,2.6223623867910306,1.6319036097412667,0.2668062956420221,-3.087805151939392,0.22,0.0
1775605053.7274923,-0.4618777861697957,0.7381112239570937,-1.6244751503071488,2.6043194781984145,1.6308818103119265,0.1799669790767284,-3.08328378200531,0.22,0.0
1775605053.827501,-0.4618777861697957,0.7381112239570937,-1.6244751503071488,2.5818067835210794,1.629553945387335,0.17744931914225734,-3.0827609300613403,0.22,0.0
1775605053.9275746,-0.4618777861697957,0.7381112239570937,-1.6244751503071488,2.5593693288366532,1.6282400836163176,0.26613051170600766,-3.082452178001404,0.22,0.0
1775605054.0274613,-0.4618777861697957,0.7381112239570937,-1.6244751503071488,2.541278610261945,1.6271681119841597,0.177152578977406,-3.081363558769226,0.22,0.0
1775605054.1274571,-0.4618777861697957,0.7381112239570937,-1.6244751503071488,2.5189723080741957,1.625782021589013,0.18007978588641918,-3.0774577856063843,0.22,0.0
1775605054.2275202,-0.47905240626338574,0.5016647720136318,-1.591998696061231,2.496873677365463,1.624321458009698,0.26249160615736666,-3.0744658708572388,0.22,0.0
1775605054.3274586,-0.47905240626338574,0.5016647720136318,-1.591998696061231,2.4794498854239335,1.623131666675522,0.17861655129640627,-3.071099877357483,0.22,0.0
1775605054.4275985,-0.47905240626338574,0.5016647720136318,-1.591998696061231,2.4572364623999507,1.6214986022292404,0.17206816699804506,-3.0640443563461304,0.22,0.0
1775605054.5276344,-0.47905240626338574,0.5016647720136318,-1.591998696061231,2.4348017562858213,1.6197700416511513,0.17977005827783843,-3.065318465232849,0.22,0.0
1775605054.6274164,-0.47905240626338574,0.5016647720136318,-1.591998696061231,2.4129244011600175,1.6180565005970964,0.25953502201423606,-3.062278151512146,0.22,0.0
1775605054.727519,-0.47905240626338574,0.5016647720136318,-1.591998696061231,2.3952405848269636,1.6166111400404426,0.18300644650996667,-3.05900776386261,0.22,0.0
1775605054.8275857,-0.47905240626338574,0.5016647720136318,-1.591998696061231,2.372967058728525,1.6147718896640098,0.17938628935670606,-3.0597254037857056,0.22,0.0
1775605054.9276164,-0.47905240626338574,0.5016647720136318,-1.591998696061231,2.351378426815517,1.6129433354167502,0.2623022487393109,-3.0549341440200806,0.22,0.0
1775605055.0276318,-0.47905240626338574,0.5016647720136318,-1.591998696061231,2.3286133536682097,1.6109118260717903,0.2727062300234045,-3.0506736040115356,0.22,0.0
1775605055.1274748,-0.47905240626338574,0.5016647720136318,-1.591998696061231,2.3111710958797054,1.60931724696974,0.16518754876015626,-3.0499767065048218,0.22,0.0
1775605055.227462,-0.47905240626338574,0.5016647720136318,-1.591998696061231,2.289549582526823,1.607287676029058,0.1779029288818685,-3.046390414237976,0.22,0.0
1775605055.3275728,-0.47905240626338574,0.5016647720136318,-1.591998696061231,2.2669039162248152,1.6050669249744154,0.27090525281717387,-3.042183995246887,0.22,0.0
1775605055.4274807,-0.4713583796366432,0.2606747165087318,-1.5515695583203768,2.2490989985550685,1.603277085792879,0.18000580744841063,-3.0403231382369995,0.22,0.0
1775605055.5274808,-0.4713583796366432,0.2606747165087318,-1.5515695583203768,2.2266919718135783,1.6009600674579962,0.18150703155931414,-3.037347674369812,0.22,0.0
1775605055.6275408,-0.4713583796366432,0.2606747165087318,-1.5515695583203768,2.204541801064664,1.5986203455959114,0.2614657047425317,-3.0350180864334106,0.22,0.0
1775605055.727434,-0.4713583796366432,0.2606747165087318,-1.5515695583203768,2.1872821295844234,1.5967277859478801,0.17887393002241433,-3.031222939491272,0.22,0.0
1775605055.827629,-0.4713583796366432,0.2606747165087318,-1.5515695583203768,2.1652233033135992,1.5942507478939896,0.18457687002527795,-3.02847158908844,0.22,0.0
1775605055.9276097,-0.4713583796366432,0.2606747165087318,-1.5515695583203768,2.142817143117699,1.59169172871203,0.27273013592338036,-3.027051329612732,0.22,0.0
1775605056.0276535,-0.4713583796366432,0.2606747165087318,-1.5515695583203768,2.124616561776837,1.5895605374815165,0.18432099884881314,-3.0241540670394897,0.22,0.0
1775605056.127497,-0.4713583796366432,0.2606747165087318,-1.5515695583203768,2.1025742458124173,1.5869406272387143,0.17601442288188685,-3.021992325782776,0.22,0.0
1775605056.227645,-0.4713583796366432,0.2606747165087318,-1.5515695583203768,2.0804906350513175,1.584240350448171,0.26805539236882814,-3.018825650215149,0.22,0.0
1775605056.3276436,-0.4713583796366432,0.2606747165087318,-1.5515695583203768,2.062532890537423,1.5819985489162056,0.18065750632181427,-3.0153931379318237,0.22,0.0
1775605056.4276133,-0.4713583796366432,0.2606747165087318,-1.5515695583203768,2.0402884438208875,1.5791565636016494,0.17783730153626068,-3.011935591697693,0.22,0.0
1775605056.5275316,-0.4713583796366432,0.2606747165087318,-1.5515695583203768,2.017725650816695,1.5762105729873668,0.2717505093687373,-3.011966824531555,0.22,0.0
1775605056.6275744,-0.4713583796366432,0.2606747165087318,-1.5515695583203768,2.0004592115144937,1.573950315939965,0.17483124625551968,-3.00993549823761,0.22,0.0
1775605056.7275097,-0.4713583796366432,0.2606747165087318,-1.5515695583203768,1.9791342141309594,1.5711042363656054,0.17150016802601584,-3.008012890815735,0.22,0.0
1775605056.8275778,-0.4660918325491627,-0.008840762492737722,-1.5112073579508807,1.9569145624490176,1.5680744639926314,0.17439268716692247,-3.0053709745407104,0.22,0.0
1775605056.9275844,-0.4660918325491627,-0.008840762492737722,-1.5112073579508807,1.9351008836232984,1.565064999784052,0.2614244367286021,-3.0044065713882446,0.22,0.0
1775605057.0275934,-0.4660918325491627,-0.008840762492737722,-1.5112073579508807,1.9133381097560767,1.5620569561198907,0.2699214052722116,-3.00444757938385,0.22,0.0
1775605057.1275742,-0.4660918325491627,-0.008840762492737722,-1.5112073579508807,1.8960658639994887,1.5596506571329203,0.16711478527633625,-3.0014840364456177,0.22,0.0
1775605057.2275076,-0.4660918325491627,-0.008840762492737722,-1.5112073579508807,1.8743869269197675,1.556591296048961,0.17761632666552016,-3.000888705253601,0.22,0.0
1775605057.3275943,-0.4660918325491627,-0.008840762492737722,-1.5112073579508807,1.8525619789432368,1.5534799664307517,0.27000093325882263,-2.9990440607070923,0.22,0.0
1775605057.4273818,-0.4660918325491627,-0.008840762492737722,-1.5112073579508807,1.830398402510894,1.5502344229166225,0.2715454846955945,-2.9952982664108276,0.22,0.0
1775605057.5275912,-0.4660918325491627,-0.008840762492737722,-1.5112073579508807,1.813071964494684,1.547671301594922,0.18204538260636371,-2.9948819875717163,0.22,0.0
1775605057.6274526,-0.4660918325491627,-0.008840762492737722,-1.5112073579508807,1.7912666064469207,1.5444255152745225,0.19046561420588728,-2.9935072660446167,0.22,0.0
1775605057.7275734,-0.4660918325491627,-0.008840762492737722,-1.5112073579508807,1.7691989090086528,1.541052373645306,0.2699472875694811,-2.9884735345840454,0.22,-0.05
1775605057.8275113,-0.4660918325491627,-0.008840762492737722,-1.5112073579508807,1.7515918836419115,1.538313855541118,0.18128329002629814,-2.9865580797195435,0.22,-0.15000000000000002
1775605057.9275753,-0.4660918325491627,-0.008840762492737722,-1.5112073579508807,1.7299808693266252,1.53496839016206,0.17474896715596588,-2.989705204963684,0.22,-0.2
1775605058.0274508,-0.4660918325491627,-0.008840762492737722,-1.5112073579508807,1.708209952478317,1.5316638127849322,0.17847652178762824,-2.9935580492019653,0.22,-0.25
1775605058.12752,-0.4660918325491627,-0.008840762492737722,-1.5112073579508807,1.6867414022619036,1.528563831931326,0.2612553941041462,-3.0023034811019897,0.22,-0.3
1775605058.2274044,-0.46001824746846254,-0.30125880580543823,-1.5209238336960904,1.6703851489760497,1.52637194542259,0.1668321467148115,-3.016326069831848,0.22,-0.35000000000000003
1775605058.3273585,-0.46001824746846254,-0.30125880580543823,-1.5209238336960904,1.6494262810070914,1.5238586454229908,0.1665449718843228,-3.028295397758484,0.22,-0.4
1775605058.427367,-0.46001824746846254,-0.30125880580543823,-1.5209238336960904,1.6280823150936576,1.521597991100874,0.25764222732406733,-3.0414246320724487,0.22,-0.4
1775605058.5275676,-0.46001824746846254,-0.30125880580543823,-1.5209238336960904,1.6074096259844148,1.5197568607003098,0.2521610016352033,-3.0614932775497437,0.22,-0.45
1775605058.6274736,-0.46001824746846254,-0.30125880580543823,-1.5209238336960904,1.5908761398845193,1.5185374832930234,0.16545058859641054,-3.07597815990448,0.22,-0.5
1775605058.7275245,-0.46001824746846254,-0.30125880580543823,-1.5209238336960904,1.570635943502245,1.517372940558775,0.16311235640605526,-3.0936115980148315,0.22,-0.55
1775605058.8274934,-0.46001824746846254,-0.30125880580543823,-1.5209238336960904,1.550423469006439,1.5167261224298823,0.2366052965223251,-3.1198986768722534,0.22,-0.6
1775605058.9274995,-0.46001824746846254,-0.30125880580543823,-1.5209238336960904,1.5349092083896385,1.516561093812299,0.14057252023615666,3.13790220419039,0.22,-0.65
1775605059.0274522,-0.46001824746846254,-0.30125880580543823,-1.5209238336960904,1.5151694536285552,1.5168512726722017,0.15847335844667224,3.11041778722872,0.22,-0.7
1775605059.1274943,-0.46001824746846254,-0.30125880580543823,-1.5209238336960904,1.4954959216883255,1.5176897712261672,0.15998880004475963,3.0871476570712493,0.22,-0.75
1775605059.2274885,-0.48371748772923967,-0.4353968386908614,-1.7225744564037349,1.476641461657113,1.5190904377736587,0.22562409361060326,3.052879993115561,0.22,-0.7999999999999999
1775605059.327498,-0.48371748772923967,-0.4353968386908614,-1.7225744564037349,1.457853579075655,1.5212021928932136,0.23017369242824232,3.013062183056967,0.22,-0.85
1775605059.427482,-0.48371748772923967,-0.4353968386908614,-1.7225744564037349,1.4434019710495556,1.5233045774589897,0.1471150355324344,2.978861276303427,0.22,-0.8999999999999999
1775605059.5274022,-0.48371748772923967,-0.4353968386908614,-1.7225744564037349,1.424891707103624,1.526622299071895,0.15206738629868416,2.946387950574057,0.22,-0.95
1775605059.6273792,-0.48371748772923967,-0.4353968386908614,-1.7225744564037349,1.406587767186567,1.530707486902559,0.2499122235543324,2.905763808880941,0.22,-0.9999999999999999
1775605059.7274227,-0.48371748772923967,-0.4353968386908614,-1.7225744564037349,1.3885264432138291,1.5355661798998217,0.2247257403034124,2.8602303902255457,0.22,-0.9999999999999999
1775605059.8274758,-0.5237016989894989,-0.5282007796659787,-1.9550146675090074,1.37442782522129,1.5400029453648711,0.15258763964360073,2.809547607098715,0.22,-1.0499999999999998
1775605059.9274745,-0.5237016989894989,-0.5282007796659787,-1.9550146675090074,1.3713974506035183,1.5409285062943445,0.14682853043941604,2.7701109647750854,0.22,-1.0999999999999999
1775605060.0275276,-0.5237016989894989,-0.5282007796659787,-1.9550146675090074,1.3543677396530507,1.5481579688298124,0.22029466680890677,2.719915986061096,0.22,-1.15
1775605060.1274633,-0.5237016989894989,-0.5282007796659787,-1.9550146675090074,1.3415378768002013,1.5542977192664817,0.14317880073384928,2.665464997291565,0.22,-1.2
1775605060.2275681,-0.5237016989894989,-0.5282007796659787,-1.9550146675090074,1.3260022337841837,1.5627073478994002,0.142083036682095,2.619355082511902,0.22,-1.25
1775605060.3276117,-0.5237016989894989,-0.5282007796659787,-1.9550146675090074,1.3113603038584163,1.5718464810224249,0.2083109267497717,2.5599652528762817,0.22,-1.3
1775605060.427576,-0.5735934009253094,-0.5946215256094011,-2.259034438649424,1.299874159737115,1.5797990947657379,0.14108583627939764,2.5127381086349487,0.22,-1.35
1775605060.5275812,-0.5735934009253094,-0.5946215256094011,-2.259034438649424,1.2862893991820732,1.5904869527464438,0.20675073422627407,2.449782967567444,0.22,-1.4000000000000001
1775605060.6274934,-0.5735934009253094,-0.5946215256094011,-2.259034438649424,1.2761653022593709,1.5994002914473888,0.13794386500033456,2.382654547691345,0.22,-1.4500000000000002
1775605060.7275436,-0.5735934009253094,-0.5946215256094011,-2.259034438649424,1.2643983368445169,1.6111481089624204,0.13404112922838934,2.325135350227356,0.22,-1.5000000000000002
1775605060.827539,-0.6310256951560832,-0.6401300161552242,-2.506748732628252,1.253778382046814,1.6235101658951216,0.19578335478059106,2.2503243684768677,0.22,-1.5500000000000003
1775605060.9275227,-0.6310256951560832,-0.6401300161552242,-2.506748732628252,1.2444396415784094,1.636181059949758,0.1868523778401641,2.1743937730789185,0.22,-1.6000000000000003
1775605061.0274765,-0.6310256951560832,-0.6401300161552242,-2.506748732628252,1.2377022407888234,1.646651334480676,0.12090683474726911,2.099408268928528,0.22,-1.6500000000000004
1775605061.1274216,-0.6310256951560832,-0.6401300161552242,-2.506748732628252,1.2302754164648946,1.660185306119762,0.12396509576854345,2.0383893251419067,0.22,-1.7000000000000004
1775605061.22766,-0.6869249764115455,-0.6658668303574437,-2.8062834329168798,1.2240733159679715,1.6741551096759764,0.18719629708622715,1.9574095010757446,0.22,-1.7000000000000004
1775605061.3273988,-0.6869249764115455,-0.6658668303574437,-2.8062834329168798,1.219931316896008,1.6858959277191177,0.12376289801574253,1.8719917535781863,0.22,-1.7500000000000004
1775605061.427591,-0.6869249764115455,-0.6658668303574437,-2.8062834329168798,1.216026563401352,1.7001488995580802,0.11756403942711588,1.7860056161880493,0.22,-1.8000000000000005
1775605061.5276089,-0.6869249764115455,-0.6658668303574437,-2.8062834329168798,1.2133137389936839,1.7150359527080914,0.11870597669625885,1.6969300508499146,0.22,-1.8000000000000005
1775605061.6275535,-0.7361684851478797,-0.6688552110582875,-3.1341358121362783,1.2120871411884098,1.7291037907003481,0.1704196799362197,1.6255465745925903,0.22,-1.7500000000000004
1775605061.7273958,-0.7361684851478797,-0.6688552110582875,-3.1341358121362783,1.2120453380499838,1.740768821918603,0.11529433335030573,1.5330330133438108,0.22,-1.7000000000000004
1775605061.8275826,-0.7361684851478797,-0.6688552110582875,-3.1341358121362783,1.213100223542782,1.7552300596554207,0.11235532700947579,1.4446349143981936,0.22,-1.6500000000000004
1775605061.9276223,-0.7361684851478797,-0.6688552110582875,-3.1341358121362783,1.2154926351507465,1.7701474557338726,0.12155066718058095,1.3710672855377197,0.22,-1.6000000000000003
1775605062.0274932,-0.798592417690335,-0.6632765418037876,2.8093353976772537,1.2193635213144949,1.7852472056694562,0.18674849018162254,1.2862446308135989,0.22,-1.5500000000000003
1775605062.1274793,-0.798592417690335,-0.6632765418037876,2.8093353976772537,1.223246311182826,1.796970164526552,0.1208486257971116,1.2078486680984497,0.22,-1.5000000000000002
1775605062.2275383,-0.798592417690335,-0.6632765418037876,2.8093353976772537,1.2292514765180838,1.8112192570580419,0.18266229824687621,1.1421946287155154,0.22,-1.4500000000000002
1775605062.327474,-0.798592417690335,-0.6632765418037876,2.8093353976772537,1.2365732434373602,1.8254954050358316,0.19174755497052662,1.0664727687835693,0.22,-1.4000000000000001
1775605062.4276087,-0.8529947894310017,-0.6623581151875522,2.5491706407455488,1.2429845540369309,1.8362276494324907,0.1275416875681615,0.9941971302032472,0.22,-1.35
1775605062.527537,-0.8529947894310017,-0.6623581151875522,2.5491706407455488,1.2520305608190672,1.8493571229161183,0.1229058541299534,0.9348355531692504,0.22,-1.3
1775605062.6275055,-0.8529947894310017,-0.6623581151875522,2.5491706407455488,1.2621354063131154,1.86198270743063,0.19150232428996208,0.8683570623397826,0.22,-1.25
1775605062.7274034,-0.8529947894310017,-0.6623581151875522,2.5491706407455488,1.271240755206157,1.8720711608368144,0.13693515546711604,0.8000863790512085,0.22,-1.2
1775605062.8276205,-0.8930416024454892,-0.6149262681259586,2.267981107023386,1.2833230357463006,1.8838954021605514,0.13758222257347696,0.736078143119812,0.22,-1.2
1775605062.9276164,-0.8930416024454892,-0.6149262681259586,2.267981107023386,1.2963165340167553,1.8951417513204951,0.13504681156687814,0.6851358413696289,0.22,-1.15
1775605063.0276277,-0.8930416024454892,-0.6149262681259586,2.267981107023386,1.3100533098284188,1.9055503657632848,0.20991011510815447,0.6262723803520203,0.22,-1.0999999999999999
1775605063.1275861,-0.8930416024454892,-0.6149262681259586,2.267981107023386,1.3216216040995226,1.9134721040724474,0.13705567691033638,0.5688706636428833,0.22,-1.0499999999999998
1775605063.227469,-0.9200009724966675,-0.5652924788726994,2.052888317332305,1.3364612568313332,1.9225332594183566,0.13123092483038268,0.522921860218048,0.22,-0.9999999999999999
1775605063.3275259,-0.9200009724966675,-0.5652924788726994,2.052888317332305,1.3523723760679982,1.9310995311179426,0.21728955707815245,0.47428679466247564,0.22,-0.9499999999999998
1775605063.427599,-0.9200009724966675,-0.5652924788726994,2.052888317332305,1.3651169612656957,1.9373001393681268,0.1384655328449586,0.42552262544631964,0.22,-0.8999999999999999
1775605063.5275388,-0.9200009724966675,-0.5652924788726994,2.052888317332305,1.3820422792330973,1.9446461728097515,0.1489645147766999,0.3892819285392761,0.22,-0.8499999999999999
1775605063.6274137,-0.9200009724966675,-0.5652924788726994,2.052888317332305,1.399074919069965,1.9511236652295159,0.22322636011172814,0.34755939245224,0.22,-0.7999999999999999
1775605063.7275047,-0.9200009724966675,-0.5652924788726994,2.052888317332305,1.4129298697176915,1.9558181397828434,0.15484627217080638,0.30274856090545654,0.22,-0.7499999999999999
1775605063.8274903,-0.9500256264490825,-0.46575911776062356,1.7853490672846162,1.430934825392771,1.9611569652391767,0.15417599788067435,0.2673195004463196,0.22,-0.7
1775605063.927493,-0.9500256264490825,-0.46575911776062356,1.7853490672846162,1.4491929543967244,1.965866889984301,0.15374374981493288,0.23425841331481934,0.22,-0.7
1775605064.0275104,-0.9500256264490825,-0.46575911776062356,1.7853490672846162,1.4677792220591028,1.9698464832723033,0.2322599772135937,0.19691824913024902,0.22,-0.6499999999999999
1775605064.1275134,-0.9500256264490825,-0.46575911776062356,1.7853490672846162,1.4825192103546199,1.9725358337489214,0.15108569033986746,0.16091465950012204,0.22,-0.6
1775605064.2274966,-0.9500256264490825,-0.46575911776062356,1.7853490672846162,1.5020181455968975,1.975457575521314,0.15868266356084645,0.13473400473594666,0.22,-0.5499999999999999
1775605064.3275387,-0.9500256264490825,-0.46575911776062356,1.7853490672846162,1.5216936921098523,1.9778283169749515,0.2373918241460535,0.10855740308761597,0.22,-0.5
1775605064.4275045,-0.9500256264490825,-0.46575911776062356,1.7853490672846162,1.541835374362513,1.9796360200737477,0.24279996944340945,0.07714879512786865,0.22,-0.45
1775605064.5274625,-0.9500256264490825,-0.46575911776062356,1.7853490672846162,1.5580242625012377,1.9807021861870402,0.1616624295323386,0.05768477916717529,0.22,-0.4
1775605064.6274183,-0.9504876077528388,-0.31805594868044296,1.511859998305443,1.5785822922704644,1.9815903354489675,0.24664033315117068,0.03279849886894226,0.22,-0.35000000000000003
1775605064.7275956,-0.9504876077528388,-0.31805594868044296,1.511859998305443,1.5949793887254997,1.9819499665255973,0.16487192956108587,0.009218394756317139,0.22,-0.30000000000000004
1775605064.827584,-0.9504876077528388,-0.31805594868044296,1.511859998305443,1.615683327212805,1.9819585444232184,0.16582708094670665,-0.00877147912979126,0.22,-0.30000000000000004
1775605064.9275703,-0.9504876077528388,-0.31805594868044296,1.511859998305443,1.636840153061566,1.981613165768945,0.25579678419101043,-0.02064153552055359,0.22,-0.25000000000000006
1775605065.0275953,-0.9504876077528388,-0.31805594868044296,1.511859998305443,1.6539189792202003,1.9811673030918344,0.17285489141272709,-0.031948477029800415,0.22,-0.20000000000000007
1775605065.1275046,-0.9504876077528388,-0.31805594868044296,1.511859998305443,1.6753926992273025,1.9803654871097371,0.17225218809470702,-0.04364714026451111,0.22,-0.15000000000000002
1775605065.227585,-0.9504876077528388,-0.31805594868044296,1.511859998305443,1.6968005898563863,1.9792292038798835,0.25859584955419923,-0.05766966938972474,0.22,-0.10000000000000003
1775605065.327533,-0.9504876077528388,-0.31805594868044296,1.511859998305443,1.7136767997399844,1.9782007539092719,0.1652930067715147,-0.0638788342475891,0.22,-0.05000000000000003
1775605065.4275925,-0.9504876077528388,-0.31805594868044296,1.511859998305443,1.7355496745772467,1.9767787593343322,0.17055947755784506,-0.06667444109916688,0.22,-2.7755575615628914e-17
1775605065.5275972,-0.9504876077528388,-0.31805594868044296,1.511859998305443,1.757138284484957,1.9752792848371776,0.25434995087950435,-0.07150167226791382,0.22,-2.7755575615628914e-17
1775605065.6275795,-0.9504876077528388,-0.31805594868044296,1.511859998305443,1.7790754194481597,1.9736850824926941,0.26115284616922013,-0.07290434837341307,0.22,0.049999999999999975
1775605065.7275517,-0.9504876077528388,-0.31805594868044296,1.511859998305443,1.797073791742394,1.972367723596649,0.1798007504362211,-0.07394188642501831,0.22,0.09999999999999998
1775605065.8276389,-0.9504876077528388,-0.31805594868044296,1.511859998305443,1.8185766481918748,1.9707357464652722,0.16471155456191197,-0.07728976011276245,0.22,0.14999999999999997
1775605065.927646,-0.9504876077528388,-0.31805594868044296,1.511859998305443,1.840607995864628,1.9690437036952309,0.2663329423557888,-0.07591044902801514,0.22,0.19999999999999996
1775605066.0274522,-0.9087554483676433,-0.04636754464140613,1.4081124100897382,1.8578488041717334,1.967778438235644,0.17630021917483693,-0.06906828284263611,0.22,0.25
1775605066.1275535,-0.9087554483676433,-0.04636754464140613,1.4081124100897382,1.8795683138082324,1.9663388972125995,0.17249825986144912,-0.06257486343383789,0.22,0.3
1775605066.2274423,-0.9087554483676433,-0.04636754464140613,1.4081124100897382,1.9003623630117548,1.965104321749942,0.17001939995222062,-0.0558357834815979,0.22,0.35
1775605066.3273597,-0.9087554483676433,-0.04636754464140613,1.4081124100897382,1.9217497124485132,1.9640615261677166,0.2556040442805964,-0.0444001853466034,0.22,0.39999999999999997
1775605066.4273522,-0.9087554483676433,-0.04636754464140613,1.4081124100897382,1.9382397302308985,1.9634198249328103,0.1595590014640422,-0.032851725816726685,0.22,0.4
1775605066.5274904,-0.9087554483676433,-0.04636754464140613,1.4081124100897382,1.95888358792241,1.962789396675566,0.17108557777888683,-0.02500993013381958,0.22,0.45
1775605066.6274726,-0.9087554483676433,-0.04636754464140613,1.4081124100897382,1.9796361542454435,1.9625043695326136,0.25240304432823085,-0.005346328020095825,0.22,0.5
1775605066.7275858,-0.9087554483676433,-0.04636754464140613,1.4081124100897382,1.9961889524065644,1.962578258176348,0.16244870169537395,0.015550374984741211,0.22,0.55
1775605066.827449,-0.9087554483676433,-0.04636754464140613,1.4081124100897382,2.0163566724580724,1.9630166647935066,0.16135892336776622,0.03034520149230957,0.22,0.6
1775605066.927422,-0.9087554483676433,-0.04636754464140613,1.4081124100897382,2.0361043815650386,1.9638977272083475,0.23283811815986982,0.0524396002292633,0.22,0.65
1775605067.0274854,-0.9087554483676433,-0.04636754464140613,1.4081124100897382,2.052289479536819,1.9650166569931053,0.1607052219661733,0.08123669028282166,0.22,0.7
1775605067.1275988,-0.9087554483676433,-0.04636754464140613,1.4081124100897382,2.0714451200894684,1.9667712275602907,0.1526774147212461,0.1039087176322937,0.22,0.7
1775605067.227585,-0.9087554483676433,-0.04636754464140613,1.4081124100897382,2.09049092817598,1.9690782014434862,0.25989420631061844,0.13275241851806643,0.22,0.7
1775605067.3274903,-0.9087554483676433,-0.04636754464140613,1.4081124100897382,2.1092991009211786,1.9719941105672536,0.22463894459872608,0.16929745674133298,0.22,0.7
1775605067.4275036,-0.8741452745616349,0.22234725982925665,1.6434159045434733,2.1239072320879853,1.9747015624662592,0.14612003366524845,0.20086944103240967,0.22,0.6499999999999999
1775605067.527504,-0.8741452745616349,0.22234725982925665,1.6434159045434733,2.1431089451763836,1.9788309166580411,0.15786762037353944,0.22644656896591187,0.22,0.6
1775605067.6274405,-0.8741452745616349,0.22234725982925665,1.6434159045434733,2.161903628442101,1.9835875980593696,0.23699032874273496,0.2617824077606201,0.22,0.5499999999999999
1775605067.7276404,-0.8741452745616349,0.22234725982925665,1.6434159045434733,2.177159960503312,1.9878633409076611,0.1599551849534368,0.28729009628295904,0.22,0.5
1775605067.8274586,-0.8741452745616349,0.22234725982925665,1.6434159045434733,2.1955560541239314,1.9934848713160538,0.14883596662070353,0.3091907501220703,0.22,0.45
1775605067.9276404,-0.8741452745616349,0.22234725982925665,1.6434159045434733,2.2145986459225098,1.9999067390229535,0.23298763120824623,0.3349156975746155,0.22,0.4
1775605068.0275838,-0.8741452745616349,0.22234725982925665,1.6434159045434733,2.229475395409777,2.0052099868687576,0.15295236717913704,0.3512641191482544,0.22,0.35000000000000003
1775605068.1275005,-0.8741452745616349,0.22234725982925665,1.6434159045434733,2.248798847093015,2.0124295098406546,0.16670513003835818,0.36621683835983276,0.22,0.30000000000000004
1775605068.227531,-0.8741452745616349,0.22234725982925665,1.6434159045434733,2.2676500384201184,2.019889737282385,0.23887192870397292,0.3829723596572876,0.22,0.25000000000000006
1775605068.3274784,-0.8741452745616349,0.22234725982925665,1.6434159045434733,2.2871480772450274,2.0279115375864327,0.25273124118818413,0.39505624771118164,0.22,0.20000000000000007
1775605068.4275591,-0.8995475811729065,0.36920848489048036,1.8629171610981903,2.3023972795359557,2.0343511035088104,0.17114975618995823,0.4055452346801758,0.22,0.20000000000000004
1775605068.5274827,-0.8995475811729065,0.36920848489048036,1.8629171610981903,2.321798780104491,2.042795804772958,0.17470926235960108,0.41628754138946533,0.22,0.20000000000000004
1775605068.627425,-0.8995475811729065,0.36920848489048036,1.8629171610981903,2.341471621507091,2.05156645435427,0.25903626974255484,0.420589804649353,0.22,0.20000000000000004
1775605068.7274926,-0.8995475811729065,0.36920848489048036,1.8629171610981903,2.357402232064699,2.0587232416153185,0.17526187536979249,0.42510288953781133,0.22,0.25000000000000006
1775605068.827411,-0.8995475811729065,0.36920848489048036,1.8629171610981903,2.376884029332125,2.0676096607983627,0.16772000023846512,0.4307597875595093,0.22,0.30000000000000004
1775605068.9273877,-0.8995475811729065,0.36920848489048036,1.8629171610981903,2.3959493936688823,2.0764924831754037,0.24694947698586717,0.4394525289535522,0.22,0.30000000000000004
1775605069.0275166,-0.8995475811729065,0.36920848489048036,1.8629171610981903,2.4143548502040475,2.0852909635099377,0.24601527096132508,0.45000314712524414,0.22,0.35000000000000003
1775605069.127572,-0.8995475811729065,0.36920848489048036,1.8629171610981903,2.4288223612866022,2.0924068413956,0.16363337850824192,0.4647698998451233,0.22,0.4
1775605069.2274895,-0.8995475811729065,0.36920848489048036,1.8629171610981903,2.4471257850517003,2.101698574895047,0.15864870310137233,0.47852963209152216,0.22,0.4
1775605069.3274899,-0.8995475811729065,0.36920848489048036,1.8629171610981903,2.4649386136381404,2.1110577144972527,0.16503533955528735,0.4918624758720398,0.22,0.4
1775605069.427488,-0.8995475811729065,0.36920848489048036,1.8629171610981903,2.48326963506278,2.1211102598090643,0.25164227520746035,0.5082539319992065,0.22,0.35000000000000003
1775605069.5275822,-0.8995475811729065,0.36920848489048036,1.8629171610981903,2.497807697432978,2.1293893426523933,0.1615670372342661,0.5276875495910645,0.22,0.30000000000000004
1775605069.6276944,-0.8995475811729065,0.36920848489048036,1.8629171610981903,2.515725502217247,2.140062591449629,0.23639013934297198,0.5440532565116882,0.22,0.25000000000000006
1775605069.7275841,-0.8995475811729065,0.36920848489048036,1.8629171610981903,2.53344694181062,2.151010763736951,0.2244640465165568,0.559144139289856,0.22,0.20000000000000007
1775605069.827397,-0.8995475811729065,0.36920848489048036,1.8629171610981903,2.5477111792408667,2.160040690209417,0.1674635316652506,0.5685444474220276,0.22,0.15000000000000002
1775605069.9275553,-0.8995475811729065,0.36920848489048036,1.8629171610981903,2.5651421288018614,2.1712131251949214,0.16170459469042528,0.5711013674736024,0.22,0.10000000000000003
1775605070.0274553,-0.9881629150839383,0.6563470419123134,2.012095147175494,2.583462002402684,2.183062102661689,0.26183663869594725,0.5766201615333557,0.22,0.05000000000000003
1775605070.1275685,-0.9881629150839383,0.6563470419123134,2.012095147175494,2.598035087078717,2.192548043550588,0.17464707864878337,0.5778235197067262,0.22,2.7755575615628914e-17
1775605070.227417,-0.9881629150839383,0.6563470419123134,2.012095147175494,2.61630075760207,2.204526645572138,0.17522704602665462,0.5814031958580017,0.22,-0.049999999999999975
1775605070.3275945,-0.9881629150839383,0.6563470419123134,2.012095147175494,2.6347934980094774,2.21666670537242,0.2651080733820204,0.5804447531700134,0.22,-0.09999999999999998
1775605070.4274182,-0.9881629150839383,0.6563470419123134,2.012095147175494,2.649847005602315,2.2265279554759254,0.1795839668377065,0.5806047916412354,0.22,-0.14999999999999997
1775605070.5274599,-0.9881629150839383,0.6563470419123134,2.012095147175494,2.667954863901567,2.2383779555993204,0.18379912900927112,0.578469455242157,0.22,-0.19999999999999996
1775605070.6273904,-0.9881629150839383,0.6563470419123134,2.012095147175494,2.686631289106382,2.250560885127456,0.2663654649464435,0.5772244334220885,0.22,-0.24999999999999994
1775605070.7274811,-0.9881629150839383,0.6563470419123134,2.012095147175494,2.701412796025408,2.2601441221610585,0.17226686399407978,0.5723951458930969,0.22,-0.29999999999999993
1775605070.827462,-0.9881629150839383,0.6563470419123134,2.012095147175494,2.7195513969018283,2.271713175777182,0.17184639578869468,0.5604758262634278,0.22,-0.3499999999999999
1775605070.927571,-0.9881629150839383,0.6563470419123134,2.012095147175494,2.7375445386720867,2.282847723269305,0.25396025591991334,0.5498378276824951,0.22,-0.3999999999999999
1775605071.027463,-0.9881629150839383,0.6563470419123134,2.012095147175494,2.7517222214863057,2.2914406141339034,0.16879885524320778,0.538558602333069,0.22,-0.4499999999999999
1775605071.1275747,-0.9881629150839383,0.6563470419123134,2.012095147175494,2.7694483597830106,2.3018912995088234,0.15837552815012795,0.5254230499267578,0.22,-0.4999999999999999
1775605071.2275615,-0.9881629150839383,0.6563470419123134,2.012095147175494,2.7873621502379535,2.3119650150113493,0.24520650714470418,0.5032650232315063,0.22,-0.5499999999999999
1775605071.3274808,-0.9881629150839383,0.6563470419123134,2.012095147175494,2.8015073410982447,2.319595586469092,0.15793465557045736,0.4834659695625305,0.22,-0.6
1775605071.4275284,-0.9881629150839383,0.6563470419123134,2.012095147175494,2.8192498599985716,2.3287054603411868,0.15304290939583362,0.4637904167175293,0.22,-0.65
1775605071.527648,-0.9881629150839383,0.6563470419123134,2.012095147175494,2.8369016836687853,2.3371426843584886,0.23029575650991257,0.43303304910659784,0.22,-0.7
1775605071.6275344,-1.1044414596334586,0.9368551240409384,1.8656803070569448,2.8546041731627794,2.3449861410755766,0.21797207480744366,0.40708708763122564,0.22,-0.75
1775605071.7274878,-1.1044414596334586,0.9368551240409384,1.8656803070569448,2.868671193832497,2.350840457753937,0.14569311043862695,0.3770280480384826,0.22,-0.7999999999999999
1775605071.8275752,-1.1044414596334586,0.9368551240409384,1.8656803070569448,2.886522733512938,2.3576583333283776,0.14710752819476539,0.3509550094604492,0.22,-0.85
1775605071.9276462,-1.1044414596334586,0.9368551240409384,1.8656803070569448,2.904596869441984,2.363861014425772,0.2277533596340199,0.31529331207275396,0.22,-0.8999999999999999
1775605072.027457,-1.1044414596334586,0.9368551240409384,1.8656803070569448,2.918855605107794,2.3682099025803955,0.1500874316740603,0.2737917900085449,0.22,-0.95
1775605072.1274922,-1.1044414596334586,0.9368551240409384,1.8656803070569448,2.9365555354421864,2.3729532514041485,0.14955505183867857,0.24534273147583005,0.22,-0.9999999999999999
1775605072.2274382,-1.1233815771902476,1.0152447012163481,1.6868480202228442,2.9541402939378543,2.3768907609075356,0.23542097118491292,0.20226484537124634,0.22,-1.0499999999999998
1775605072.3276064,-1.1233815771902476,1.0152447012163481,1.6868480202228442,2.972306073526982,2.380119082209894,0.2197434833383017,0.15813338756561282,0.22,-1.0999999999999999
1775605072.427465,-1.1233815771902476,1.0152447012163481,1.6868480202228442,2.9861968287358547,2.382026326122737,0.1424406252425325,0.10938125848770142,0.22,-1.15
1775605072.5274777,-1.1233815771902476,1.0152447012163481,1.6868480202228442,3.003739506191087,2.3836243591941475,0.14324100643025797,0.06737613677978516,0.22,-1.2
1775605072.6276243,-1.1233815771902476,1.0152447012163481,1.6868480202228442,3.0213671433824665,2.3842902726632946,0.23842168140845682,0.01733151078224182,0.22,-1.2
1775605072.727481,-1.1233815771902476,1.0152447012163481,1.6868480202228442,3.035337059031243,2.3841978013315157,0.13896511083161822,-0.03675562143325806,0.22,-1.25
1775605072.8275898,-1.1152908352172823,1.1168846661396963,1.3907984304200183,3.052363370763128,2.383166711368303,0.14018318757339054,-0.0974050760269165,0.22,-1.3
1775605072.9274976,-1.1152908352172823,1.1168846661396963,1.3907984304200183,3.068771660883524,2.3811927498476604,0.13488098645321023,-0.1480281949043274,0.22,-1.35
1775605073.0274677,-1.1152908352172823,1.1168846661396963,1.3907984304200183,3.0845882454501075,2.3782085710008,0.19627574426439887,-0.21189332008361816,0.22,-1.4000000000000001
1775605073.1274357,-1.1152908352172823,1.1168846661396963,1.3907984304200183,3.1001660608795896,2.3742599091743872,0.19568766926693779,-0.2732924297451973,0.22,-1.4500000000000002
1775605073.2276347,-1.1001575198128855,1.140584318028202,1.1707623856695037,3.1128452977540433,2.3702899308590424,0.13150650285366156,-0.3406768776476383,0.22,-1.5000000000000002
1775605073.3275366,-1.1001575198128855,1.140584318028202,1.1707623856695037,3.1279176655447274,2.364498927847812,0.13251116421991346,-0.39864674955606466,0.22,-1.4500000000000002
1775605073.4274602,-1.1001575198128855,1.140584318028202,1.1707623856695037,3.142479829982242,2.3575848864270705,0.19279248778910563,-0.4735085293650627,0.22,-1.4000000000000001
1775605073.527469,-1.1001575198128855,1.140584318028202,1.1707623856695037,3.153708836110141,2.3513260097369275,0.12951540873851566,-0.5494901388883592,0.22,-1.35
1775605073.6274834,-1.0759486759828942,1.1690569651801759,0.9221399939912732,3.1672990169620485,2.342513532469,0.12990826213595583,-0.6055967509746552,0.22,-1.3
1775605073.727546,-1.0759486759828942,1.1690569651801759,0.9221399939912732,3.180289493062703,2.3327135016250558,0.1969507554579044,-0.6744935512542725,0.22,-1.25
1775605073.8274772,-1.0759486759828942,1.1690569651801759,0.9221399939912732,3.190591247552579,2.3240056065735697,0.1330141942214435,-0.7356944680213928,0.22,-1.2
1775605073.9275763,-1.0759486759828942,1.1690569651801759,0.9221399939912732,3.202546763179702,2.3127053915061238,0.1342540248324802,-0.7834845185279846,0.22,-1.15
1775605074.027417,-1.0381944284399105,1.2025705690153379,0.6952178172081387,3.214029724408625,2.300436074249571,0.1984070734693817,-0.8413101136684418,0.22,-1.0999999999999999
1775605074.1274407,-1.0381944284399105,1.2025705690153379,0.6952178172081387,3.2230259480196333,2.289847501307355,0.1391460117955871,-0.8965790271759033,0.22,-1.0499999999999998
1775605074.2274237,-1.0381944284399105,1.2025705690153379,0.6952178172081387,3.2335700042799616,2.276085827676434,0.1379942384196643,-0.9432432055473328,0.22,-0.9999999999999999
1775605074.3274238,-1.0381944284399105,1.2025705690153379,0.6952178172081387,3.243628081740036,2.261256399517469,0.215342950670902,-0.9933276772499084,0.22,-0.9999999999999999
1775605074.42762,-1.0381944284399105,1.2025705690153379,0.6952178172081387,3.2510826960862325,2.2492320440248363,0.14427904587335733,-1.0411248803138733,0.22,-0.9499999999999998
1775605074.5274913,-1.0381944284399105,1.2025705690153379,0.6952178172081387,3.259879190259627,2.233533895233943,0.1467657473767921,-1.0875598192214966,0.22,-0.8999999999999999
1775605074.6275826,-0.9487596327177726,1.2540402579452503,0.404461008950244,3.267857646468866,2.217743515475431,0.13938509764927604,-1.121084749698639,0.22,-0.8499999999999999
1775605074.727559,-0.9487596327177726,1.2540402579452503,0.404461008950244,3.275215515412279,2.201432695334177,0.21387684750970481,-1.1652659177780154,0.22,-0.7999999999999999
1775605074.8274584,-0.9487596327177726,1.2540402579452503,0.404461008950244,3.2807545114979058,2.187920158503154,0.136063070969728,-1.1993409991264343,0.22,-0.7499999999999999
1775605074.9275534,-0.9487596327177726,1.2540402579452503,0.404461008950244,3.287258634488401,2.170491433013739,0.15090906936897627,-1.230852484703064,0.22,-0.7
1775605075.0275137,-0.9487596327177726,1.2540402579452503,0.404461008950244,3.2933414983819413,2.152056436527756,0.23379792157887888,-1.2646698951721191,0.22,-0.6499999999999999
1775605075.1275935,-0.9487596327177726,1.2540402579452503,0.404461008950244,3.298697974824875,2.133924617283705,0.22286280436040456,-1.297340214252472,0.22,-0.6
1775605075.2274885,-0.8484274322326952,1.2819721464462774,0.20072760951126933,3.3026212231461987,2.1189924609261546,0.1550934043363268,-1.331678628921509,0.22,-0.6
1775605075.3274822,-0.8484274322326952,1.2819721464462774,0.20072760951126933,3.307150138335628,2.0997248304684324,0.15993923984387798,-1.3506409525871277,0.22,-0.5499999999999999
1775605075.4275756,-0.8484274322326952,1.2819721464462774,0.20072760951126933,3.3110563251377267,2.0807090608196557,0.23892644736533794,-1.3792781829833984,0.22,-0.5
1775605075.527499,-0.8484274322326952,1.2819721464462774,0.20072760951126933,3.3138155014092314,2.0655184415332144,0.15098036524867015,-1.4061708450317383,0.22,-0.45
1775605075.627465,-0.8484274322326952,1.2819721464462774,0.20072760951126933,3.3169937589465843,2.0455722934766354,0.1648189854852076,-1.4219564199447632,0.22,-0.4
1775605075.7275212,-0.8484274322326952,1.2819721464462774,0.20072760951126933,3.319714210862574,2.02545669895632,0.24498936377735372,-1.4492182731628418,0.22,-0.35000000000000003
1775605075.8275418,-0.8484274322326952,1.2819721464462774,0.20072760951126933,3.32160450771388,2.008910089180812,0.16733609100574745,-1.4686945676803589,0.22,-0.30000000000000004
1775605075.9274507,-0.8484274322326952,1.2819721464462774,0.20072760951126933,3.3235254885482486,1.9889055649698715,0.15430150419812,-1.4839931726455688,0.22,-0.25000000000000006
1775605076.0275662,-0.8484274322326952,1.2819721464462774,0.20072760951126933,3.3251898883396764,1.9684716231288146,0.24503102501030402,-1.4921776056289675,0.22,-0.20000000000000007
1775605076.1276362,-0.8484274322326952,1.2819721464462774,0.20072760951126933,3.3264354442772994,1.9518892479970986,0.15882029960713506,-1.5001219511032104,0.22,-0.20000000000000004
1775605076.227638,-0.8484274322326952,1.2819721464462774,0.20072760951126933,3.3278262093853996,1.9309782861593867,0.1712634368529754,-1.5119336843490598,0.22,-0.15000000000000002
1775605076.327639,-0.8484274322326952,1.2819721464462774,0.20072760951126933,3.3289886919520915,1.909419648658673,0.17486547932067745,-1.521467447280884,0.22,-0.10000000000000003
1775605076.4274457,-0.8484274322326952,1.2819721464462774,0.20072760951126933,3.3299947885598082,1.8876757416355823,0.2607303038233889,-1.5269306898117065,0.22,-0.05000000000000003
1775605076.527488,-0.8484274322326952,1.2819721464462774,0.20072760951126933,3.3307197906910275,1.8701504437277425,0.17337166011611266,-1.53264319896698,0.22,-2.7755575615628914e-17
1775605076.6275728,-0.6047288438255034,1.2997273366077835,0.014483307171632433,3.3315201865016357,1.8484739626444557,0.1727673660690878,-1.5354183912277222,0.22,-2.7755575615628914e-17
1775605076.7273962,-0.6047288438255034,1.2997273366077835,0.014483307171632433,3.332295614713336,1.826948531159318,0.26292747797080346,-1.534865140914917,0.22,-2.7755575615628914e-17
1775605076.8275769,-0.6047288438255034,1.2997273366077835,0.014483307171632433,3.3329258569577087,1.809014326006127,0.17864478517334104,-1.5361573696136475,0.22,-2.7755575615628914e-17
1775605076.9276047,-0.6047288438255034,1.2997273366077835,0.014483307171632433,3.333660950916361,1.7870063085005037,0.17388507235071202,-1.539311408996582,0.22,-2.7755575615628914e-17
1775605077.0275583,-0.6047288438255034,1.2997273366077835,0.014483307171632433,3.3343675414782585,1.7650986475572836,0.26987824500858326,-1.5377737283706665,0.22,-2.7755575615628914e-17
1775605077.127629,-0.6047288438255034,1.2997273366077835,0.014483307171632433,3.334968617142226,1.7473913662149496,0.17598427396085356,-1.5370908975601196,0.22,-2.7755575615628914e-17
1775605077.2276392,-0.6047288438255034,1.2997273366077835,0.014483307171632433,3.3356684267220653,1.7253821972022765,0.1759274787158652,-1.5399153232574463,0.22,0.049999999999999975
1775605077.3274896,-0.6047288438255034,1.2997273366077835,0.014483307171632433,3.336339621206776,1.7035240674261702,0.2683568652890308,-1.5390088558197021,0.22,0.14999999999999997
1775605077.4275517,-0.6047288438255034,1.2997273366077835,0.014483307171632433,3.3370179352761813,1.6820966499137764,0.2604980900658161,-1.5392816066741943,0.22,0.19999999999999996
1775605077.5274622,-0.6047288438255034,1.2997273366077835,0.014483307171632433,3.3375987658853603,1.6648445383699826,0.18220285780127568,-1.5374298095703127,0.22,0.19999999999999998
1775605077.6274767,-0.6047288438255034,1.2997273366077835,0.014483307171632433,3.3383240269567676,1.6434946370873629,0.1871712458983999,-1.5353039503097534,0.22,0.25
1775605077.727556,-0.6047288438255034,1.2997273366077835,0.014483307171632433,3.339210049195026,1.6220748575315114,0.26223848445442843,-1.5260466337203977,0.22,0.3
1775605077.827488,-0.6047288438255034,1.2997273366077835,0.014483307171632433,3.3401823787625498,1.6015709414594579,0.2472838695911543,-1.5222663879394531,0.22,0.35
1775605077.9275963,-0.6047288438255034,1.2997273366077835,0.014483307171632433,3.3410181969871853,1.584937508133797,0.16078493989633208,-1.5174812078475952,0.22,0.39999999999999997
1775605078.0276437,-0.3503304467201545,1.2801304676819034,0.04226235908318213,3.342261417405715,1.56378906650481,0.16661895025748769,-1.5053714513778687,0.22,0.4
1775605078.1274905,-0.3503304467201545,1.2801304676819034,0.04226235908318213,3.3438656059985226,1.542868133508514,0.24110159367557163,-1.48703134059906,0.22,0.45
1775605078.2274587,-0.3503304467201545,1.2801304676819034,0.04226235908318213,3.3453235463619433,1.5269385233984016,0.14654549401402,-1.4688763618469238,0.22,0.5
1775605078.3274577,-0.3503304467201545,1.2801304676819034,0.04226235908318213,3.3475958488487763,1.5066653759379616,0.1672225694837021,-1.4461612701416016,0.22,0.55
1775605078.4275885,-0.3503304467201545,1.2801304676819034,0.04226235908318213,3.3502426128246707,1.4864374903052775,0.16731824160775208,-1.433335304260254,0.22,0.6
1775605078.5275626,-0.3503304467201545,1.2801304676819034,0.04226235908318213,3.3532019321346493,1.4672258506362303,0.238418869241031,-1.4076526165008545,0.22,0.6
1775605078.6273828,-0.3503304467201545,1.2801304676819034,0.04226235908318213,3.3559365587996686,1.4518508555404999,0.1574371639531577,-1.3790624141693117,0.22,0.6
1775605078.7274563,-0.3503304467201545,1.2801304676819034,0.04226235908318213,3.359881586965405,1.4325328302644746,0.15492086789692208,-1.3565824627876282,0.22,0.6
1775605078.8274448,-0.3503304467201545,1.2801304676819034,0.04226235908318213,3.364254223281871,1.413904797773904,0.2287744349705905,-1.3264001607894897,0.22,0.5499999999999999
1775605078.9274426,-0.3503304467201545,1.2801304676819034,0.04226235908318213,3.369251342789156,1.3951723013693793,0.23024992337270556,-1.2995266914367678,0.22,0.5
1775605079.0274575,-0.3503304467201545,1.2801304676819034,0.04226235908318213,3.3736144406279163,1.3802042064410063,0.15290770516379978,-1.2729474902153015,0.22,0.45
1775605079.1274843,-0.19400163733954043,1.2902999888227842,0.2764085862310516,3.379529610831951,1.3615017541056618,0.15461113218169703,-1.2543519735336304,0.22,0.4
1775605079.227491,-0.19400163733954043,1.2902999888227842,0.2764085862310516,3.3859648721554474,1.3427577615908959,0.23646826154951373,-1.2301305532455447,0.22,0.35000000000000003
1775605079.327462,-0.19400163733954043,1.2902999888227842,0.2764085862310516,3.393010987528137,1.3235321210812245,0.24234499663514633,-1.2126752734184265,0.22,0.30000000000000004
1775605079.4274817,-0.19400163733954043,1.2902999888227842,0.2764085862310516,3.3988272396280967,1.308223879592569,0.15971266950770477,-1.1997663974761963,0.22,0.25000000000000006
1775605079.5274055,-0.19400163733954043,1.2902999888227842,0.2764085862310516,3.4063723056205903,1.2891612070659688,0.15718066178165366,-1.1864649057388303,0.22,0.20000000000000007
1775605079.6274784,-0.19400163733954043,1.2902999888227842,0.2764085862310516,3.4143477886662863,1.269890500095718,0.24073044016576609,-1.1734052300453186,0.22,0.15000000000000002
1775605079.7275834,-0.19400163733954043,1.2902999888227842,0.2764085862310516,3.421009885589919,1.2541582789107486,0.17110376797256058,-1.1656064987182617,0.22,0.10000000000000003
1775605079.8274505,-0.19400163733954043,1.2902999888227842,0.2764085862310516,3.4294854560305548,1.2346045857272865,0.17651868761278663,-1.1570991277694702,0.22,0.05000000000000003
1775605079.9273744,-0.19400163733954043,1.2902999888227842,0.2764085862310516,3.4381659885608973,1.2149194718500813,0.1763171694548432,-1.1531718373298643,0.22,2.7755575615628914e-17
1775605080.0274982,-0.19400163733954043,1.2902999888227842,0.2764085862310516,3.446729109583277,1.19568063423926,0.2536056213504988,-1.1509491801261902,0.22,2.7755575615628914e-17
1775605080.127417,-0.19400163733954043,1.2902999888227842,0.2764085862310516,3.453781133727434,1.1798695009346747,0.17102913957895924,-1.1505281925201416,0.22,-0.049999999999999975
1775605080.227596,-0.19400163733954043,1.2902999888227842,0.2764085862310516,3.462648385661593,1.1601012229751202,0.1774998016197446,-1.1472136974334715,0.22,-0.09999999999999998
1775605080.3273864,-0.19400163733954043,1.2902999888227842,0.2764085862310516,3.4714537048844925,1.1405826143787732,0.1688107200806874,-1.1480039358139036,0.22,-0.09999999999999998
1775605080.4276004,-0.19400163733954043,1.2902999888227842,0.2764085862310516,3.480664859567317,1.1200809021654625,0.26964392307101753,-1.149064838886261,0.22,-0.09999999999999998
1775605080.527497,0.06448516087500271,1.3732410741476342,0.3956584325711125,3.48791037114291,1.1039681596495945,0.17888956154962132,-1.1492120623588564,0.22,-0.09999999999999998
1775605080.6276133,0.06448516087500271,1.3732410741476342,0.3956584325711125,3.4968239648163206,1.0839433884513916,0.17455335217790277,-1.1560133695602415,0.22,-0.09999999999999998
1775605080.7275634,0.06448516087500271,1.3732410741476342,0.3956584325711125,3.5052406642906146,1.0647505418871714,0.17548030051062385,-1.1576010584831236,0.22,-0.09999999999999998
1775605080.8276088,0.06448516087500271,1.3732410741476342,0.3956584325711125,3.51244052837349,1.0483129361471242,0.17955136563507462,-1.1587825417518614,0.22,-0.09999999999999998
1775605080.9275966,0.06448516087500271,1.3732410741476342,0.3956584325711125,3.5212934861048737,1.0279572943642281,0.17821599249136183,-1.1638082265853882,0.22,-0.09999999999999998
1775605081.0274603,0.06448516087500271,1.3732410741476342,0.3956584325711125,3.529972500864237,1.0078021504718837,0.2620031475635673,-1.1649243235588074,0.22,-0.09999999999999998
1775605081.1276371,0.06448516087500271,1.3732410741476342,0.3956584325711125,3.536914065122956,0.9916663035198553,0.17736712103113172,-1.1643646359443665,0.22,-0.09999999999999998
1775605081.2275627,0.06448516087500271,1.3732410741476342,0.3956584325711125,3.5456430217526624,0.9713948773904337,0.1767561152595047,-1.1655718088150024,0.22,-0.09999999999999998
1775605081.3275864,0.06448516087500271,1.3732410741476342,0.3956584325711125,3.554292285618827,0.9511994117920631,0.26359404109264606,-1.1669744849205015,0.22,-0.09999999999999998
1775605081.4274273,0.06448516087500271,1.3732410741476342,0.3956584325711125,3.5611153681492733,0.9352881497665684,0.1689166843006102,-1.1631786227226257,0.22,-0.14999999999999997
1775605081.5275662,0.06448516087500271,1.3732410741476342,0.3956584325711125,3.5696939667016774,0.915392903520258,0.17681988106545948,-1.1651108860969541,0.22,-0.19999999999999996
1775605081.6275144,0.06448516087500271,1.3732410741476342,0.3956584325711125,3.577819843550686,0.8963225259032855,0.17259037120675838,-1.1713773012161255,0.22,-0.24999999999999994
1775605081.72748,0.06448516087500271,1.3732410741476342,0.3956584325711125,3.586149927883029,0.8766513788847231,0.2518614794172194,-1.1696431040763855,0.22,-0.29999999999999993
1775605081.8274908,0.06448516087500271,1.3732410741476342,0.3956584325711125,3.5927908806666053,0.8609376664402791,0.1731767048435006,-1.1729981899261477,0.22,-0.3499999999999999
1775605081.9275763,0.06448516087500271,1.3732410741476342,0.3956584325711125,3.6008598386989275,0.8414864431007396,0.16229542320383272,-1.1814453005790708,0.22,-0.3999999999999999
1775605082.0275612,0.06448516087500271,1.3732410741476342,0.3956584325711125,3.6087501370449213,0.8219348605154971,0.16980147796093126,-1.1958007812499998,0.22,-0.4
1775605082.1274872,0.34956080896836633,1.4910412370303765,0.35172641430848606,3.6162340009189116,0.80254932795243,0.25018066147866747,-1.2087878584861755,0.22,-0.4
1775605082.2275481,0.34956080896836633,1.4910412370303765,0.35172641430848606,3.6219473612384183,0.7869866038967094,0.1653543664954852,-1.2271342277526853,0.22,-0.4
1775605082.3274753,0.34956080896836633,1.4910412370303765,0.35172641430848606,3.6286599001097875,0.7676419728007563,0.24758221365946875,-1.244749903678894,0.22,-0.4
1775605082.4274344,0.34956080896836633,1.4910412370303765,0.35172641430848606,3.633984938387851,0.7517016207722426,0.1696684213556662,-1.251141905784607,0.22,-0.4
1775605082.5274978,0.34956080896836633,1.4910412370303765,0.35172641430848606,3.640307464142081,0.7319866998067623,0.1639316588446669,-1.269913136959076,0.22,-0.4
1775605082.627595,0.34956080896836633,1.4910412370303765,0.35172641430848606,3.6461473009442065,0.7122819500907964,0.24589390491731855,-1.2944268584251404,0.22,-0.4
1775605082.727494,0.34956080896836633,1.4910412370303765,0.35172641430848606,3.650471761598521,0.6965923327037938,0.16426345701426717,-1.3081737756729126,0.22,-0.4
1775605082.8274744,0.34956080896836633,1.4910412370303765,0.35172641430848606,3.6555933997375285,0.6768454953902152,0.169253148100231,-1.326082766056061,0.22,-0.4
1775605082.927496,0.34956080896836633,1.4910412370303765,0.35172641430848606,3.6605465258224257,0.6564820700587266,0.25284120739091637,-1.3379451036453245,0.22,-0.4
1775605083.0274863,0.34956080896836633,1.4910412370303765,0.35172641430848606,3.664148275225942,0.6405331875110368,0.16198877177597917,-1.3569713234901428,0.22,-0.4
1775605083.1274562,0.34956080896836633,1.4910412370303765,0.35172641430848606,3.668251327738508,0.6207307804277458,0.16541857378163685,-1.3760581016540527,0.22,-0.4
1775605083.2276175,0.34956080896836633,1.4910412370303765,0.35172641430848606,3.672103879057762,0.600646011086908,0.15871776739151255,-1.389827013015747,0.22,-0.4
1775605083.3275766,0.34956080896836633,1.4910412370303765,0.35172641430848606,3.675647576396287,0.5804016662827017,0.23742563792412022,-1.4036035537719727,0.22,-0.4
1775605083.4274487,0.34956080896836633,1.4910412370303765,0.35172641430848606,3.6781576326875443,0.5645011632857224,0.1659183924202009,-1.4232354164123535,0.22,-0.4
1775605083.5275192,0.58603568717236,1.5512198129725756,0.14768540466636793,3.6810830994926973,0.5439538000931291,0.16636936057417132,-1.4404840469360352,0.22,-0.4
1775605083.627481,0.58603568717236,1.5512198129725756,0.14768540466636793,3.6835956974504227,0.5232498823343957,0.2452381745358233,-1.4575302600860596,0.22,-0.4
1775605083.7275038,0.58603568717236,1.5512198129725756,0.14768540466636793,3.6852560963497227,0.5072128702990687,0.16427393722770178,-1.4758609533309934,0.22,-0.4
1775605083.8274827,0.58603568717236,1.5512198129725756,0.14768540466636793,3.6870360186228996,0.487068284982378,0.15611212786445228,-1.4927769899368286,0.22,-0.45
1775605083.927591,0.58603568717236,1.5512198129725756,0.14768540466636793,3.688452895416199,0.4667427021960258,0.16673996226970664,-1.51057767868042,0.22,-0.55
1775605084.0274112,0.58603568717236,1.5512198129725756,0.14768540466636793,3.6894417612408925,0.44626517155975004,0.24607068216265945,-1.5312637090682983,0.22,-0.6
1775605084.127568,0.58603568717236,1.5512198129725756,0.14768540466636793,3.6898756379380946,0.43078131719928525,0.14924374208558194,-1.552006483078003,0.22,-0.65
1775605084.2274992,0.58603568717236,1.5512198129725756,0.14768540466636793,3.690100666794789,0.4110658645655833,0.14834774906559078,-1.574257731437683,0.22,-0.7
1775605084.327507,0.58603568717236,1.5512198129725756,0.14768540466636793,3.689775973095884,0.3916050130345605,0.22988342253556546,-1.5989178419113157,0.22,-0.75
1775605084.4275036,0.58603568717236,1.5512198129725756,0.14768540466636793,3.689081171567737,0.37628291271001774,0.1564396842891589,-1.6288872957229614,0.22,-0.85
1775605084.5274808,0.765977343293119,1.5548258095098333,-0.06617194797826578,3.687704407796769,0.35735056919631136,0.14818702555529775,-1.6635328531265259,0.22,-0.8999999999999999
1775605084.6274815,0.765977343293119,1.5548258095098333,-0.06617194797826578,3.685729214018912,0.3388783045852282,0.16996993702115054,-1.6927026510238645,0.22,-0.95
1775605084.727506,0.765977343293119,1.5548258095098333,-0.06617194797826578,3.682983912596164,0.31989104782432903,0.22860560294478272,-1.7300041913986208,0.22,-0.9999999999999999
1775605084.8275325,0.765977343293119,1.5548258095098333,-0.06617194797826578,3.6803817001925503,0.30570162666077627,0.1490863593237626,-1.7778797149658203,0.22,-1.0499999999999998
1775605084.9274411,0.765977343293119,1.5548258095098333,-0.06617194797826578,3.6763725536241854,0.2881072622322977,0.14027198652019648,-1.8244487047195432,0.22,-1.0999999999999999
1775605085.0273929,0.765977343293119,1.5548258095098333,-0.06617194797826578,3.671506834430042,0.2708613792586059,0.2161070103164425,-1.8636143207550047,0.22,-1.15
1775605085.12747,0.8687086493692386,1.50493573976389,-0.3406566631849948,3.6671144740738724,0.2574926790393723,0.14611327187380665,-1.9104154109954836,0.22,-1.2
1775605085.2274861,0.8687086493692386,1.50493573976389,-0.3406566631849948,3.6610393976269524,0.2412824238717183,0.1330884172060134,-1.9602613449096677,0.22,-1.25
1775605085.3274925,0.8687086493692386,1.50493573976389,-0.3406566631849948,3.654348669492382,0.22597740076712375,0.13255311463580227,-2.0145514011383057,0.22,-1.3
1775605085.427434,0.8687086493692386,1.50493573976389,-0.3406566631849948,3.646732457268463,0.21105451473640924,0.2034141633009723,-2.070999503135681,0.22,-1.35
1775605085.52757,0.9163732390175656,1.4757909015231045,-0.5447958820550173,3.640180212263984,0.1997285110696219,0.13405512633165814,-2.1176792383193974,0.22,-1.4000000000000001
1775605085.6274729,0.9163732390175656,1.4757909015231045,-0.5447958820550173,3.6310915937286388,0.1858050289015372,0.1364231407787081,-2.1782145500183105,0.22,-1.4000000000000001
1775605085.7276049,0.9163732390175656,1.4757909015231045,-0.5447958820550173,3.6212596058781608,0.1726167442536056,0.14046459092662428,-2.2426594495773315,0.22,-1.4500000000000002
1775605085.8275673,0.9163732390175656,1.4757909015231045,-0.5447958820550173,3.6108631458685676,0.16032851454367128,0.1976683239841597,-2.297163724899292,0.22,-1.5000000000000002
1775605085.9276361,0.9799929926367582,1.4093962259434178,-0.7823731548429876,3.602096994616981,0.1511685847024207,0.12220726481826978,-2.367228627204895,0.22,-1.5000000000000002
1775605086.0275984,0.9799929926367582,1.4093962259434178,-0.7823731548429876,3.5904963417291955,0.14060422886179905,0.1211202970917114,-2.440240979194641,0.22,-1.5000000000000002
1775605086.1276104,0.9799929926367582,1.4093962259434178,-0.7823731548429876,3.578386797687344,0.13094889990245168,0.12046178078817382,-2.5142163038253784,0.22,-1.4500000000000002
1775605086.2274911,0.9799929926367582,1.4093962259434178,-0.7823731548429876,3.5651817177338394,0.12201354999973492,0.1928205978181609,-2.572588801383972,0.22,-1.4000000000000001
1775605086.3276427,1.0148180380830878,1.3515608345679906,-1.062688905761336,3.5540471018554944,0.11548689731708008,0.12922730696290535,-2.642720341682434,0.22,-1.4000000000000001
1775605086.4275784,1.0148180380830878,1.3515608345679906,-1.062688905761336,3.5395119314758348,0.10805873831933538,0.13071750114539124,-2.7087544202804565,0.22,-1.4000000000000001
1775605086.5275917,1.0148180380830878,1.3515608345679906,-1.062688905761336,3.5244919846506244,0.10166576033976361,0.19679226340433448,-2.7644532918930054,0.22,-1.4000000000000001
1775605086.6274621,1.0148180380830878,1.3515608345679906,-1.062688905761336,3.51207864733542,0.09729752436695804,0.1325546540512358,-2.8351815938949585,0.22,-1.35
1775605086.7273777,1.068525928992046,1.269047419306513,-1.3226693867413442,3.496485227844612,0.09282578318082103,0.1279592845642114,-2.9027832746505737,0.22,-1.3
1775605086.827542,1.068525928992046,1.269047419306513,-1.3226693867413442,3.4807852333118747,0.08951352784003298,0.19542920455784557,-2.9566887617111206,0.22,-1.25
1775605086.927647,1.068525928992046,1.269047419306513,-1.3226693867413442,3.467467903029679,0.08753636486271385,0.1333025526797782,-3.025368809700012,0.22,-1.2
1775605087.027478,1.068525928992046,1.269047419306513,-1.3226693867413442,3.450911309545767,0.08600317974201564,0.13466176198385515,-3.083431124687195,0.22,-1.2
1775605087.127496,1.0727028267216467,1.2309717557847315,-1.552474467961997,3.433938668740085,0.0854262550624697,0.20464221980492703,-3.128403067588806,0.22,-1.15
1775605087.2274776,1.0727028267216467,1.2309717557847315,-1.552474467961997,3.4200976494798763,0.08568763295950976,0.13709923114958125,3.096719924603598,0.22,-1.0999999999999999
1775605087.3275974,1.0727028267216467,1.2309717557847315,-1.552474467961997,3.4030280163369193,0.08683982244968332,0.13660242749365795,3.041772071515219,0.22,-0.9999999999999999
1775605087.4273913,1.0727028267216467,1.2309717557847315,-1.552474467961997,3.3859524200365265,0.08898850252017369,0.20969446106900652,2.997265760098593,0.22,-0.9999999999999999
1775605087.527478,1.0702756988968707,1.154428015987855,-1.7533331586593583,3.3717882518427778,0.0914436079740925,0.14592362515833587,2.947735730801718,0.22,-0.8999999999999999
1775605087.6273837,1.0702756988968707,1.154428015987855,-1.7533331586593583,3.3542205397700005,0.09522250131508882,0.14879009953798672,2.9040002266513274,0.22,-0.8999999999999999
1775605087.7274976,1.0702756988968707,1.154428015987855,-1.7533331586593583,3.336477082971142,0.09989942473317792,0.22121740498044148,2.866896573697226,0.22,-0.8999999999999999
1775605087.8274748,1.0702756988968707,1.154428015987855,-1.7533331586593583,3.322566755107892,0.10417584884270568,0.14247491196083933,2.8247086445437835,0.22,-0.8499999999999999
1775605087.9274237,1.0702756988968707,1.154428015987855,-1.7533331586593583,3.3192091169337874,0.10515846367601114,0.1464550399623185,2.7802335023880005,0.22,-0.7499999999999999
1775605088.027491,1.0702756988968707,1.154428015987855,-1.7533331586593583,3.3016304189003405,0.1121182991227648,0.15102406876634,2.744207739830017,0.22,-0.7
1775605088.1284826,1.0490650460970659,1.0619608166895946,-2.0166688213599415,3.2845458638124687,0.11960641533507142,0.22009595446603922,2.715873599052429,0.22,-0.6499999999999999
1775605088.2274778,1.0490650460970659,1.0619608166895946,-2.0166688213599415,3.2706531103039507,0.1262240048867573,0.1537019853988138,2.681914210319519,0.22,-0.6
1775605088.3275752,1.0490650460970659,1.0619608166895946,-2.0166688213599415,3.2538169380631334,0.1347707879610965,0.1630100391694283,2.6537245512008667,0.22,-0.6
1775605088.4274814,1.0490650460970659,1.0619608166895946,-2.0166688213599415,3.2364955683865317,0.1442427308700166,0.2380371510655376,2.630794405937195,0.22,-0.5499999999999999
1775605088.5275922,1.0490650460970659,1.0619608166895946,-2.0166688213599415,3.2230228016719296,0.152038800113307,0.16018943604634084,2.607143998146057,0.22,-0.5
1775605088.6274812,1.0490650460970659,1.0619608166895946,-2.0166688213599415,3.206129750181108,0.1622549777071419,0.15253608371432803,2.5822304487228394,0.22,-0.45
1775605088.7275393,1.0490650460970659,1.0619608166895946,-2.0166688213599415,3.1893282840584933,0.17309528199836516,0.24084293839058576,2.556190609931946,0.22,-0.4
1775605088.8275146,1.0490650460970659,1.0619608166895946,-2.0166688213599415,3.1728697202900538,0.18422550476909463,0.22114656115227202,2.5394312143325806,0.22,-0.35000000000000003
1775605088.9274676,1.0490650460970659,1.0619608166895946,-2.0166688213599415,3.159575339574368,0.19348068339250832,0.1251041798750323,2.5247985124588013,0.22,-0.30000000000000004
1775605089.0274415,1.0490650460970659,1.0619608166895946,-2.0166688213599415,3.142495183145096,0.20571150789407264,0.16906942351597115,2.5100427865982056,0.22,-0.20000000000000007
1775605089.1274111,0.9523379314530719,0.9276724034586273,-2.2745756911306487,3.1257857886800817,0.21810733457204615,0.2520385009940036,2.498217463493347,0.22,-0.20000000000000004
1775605089.227474,0.9523379314530719,0.9276724034586273,-2.2745756911306487,3.1125703578729027,0.2281172169092616,0.1785729188203812,2.4895392656326294,0.22,-0.15000000000000002
1775605089.3274941,0.9523379314530719,0.9276724034586273,-2.2745756911306487,3.09580467740876,0.24098482464557247,0.18006233659959117,2.4853633642196655,0.22,-0.10000000000000003
1775605089.4273841,0.9523379314530719,0.9276724034586273,-2.2745756911306487,3.0794626480206406,0.253655706487112,0.27475504238016646,2.479533553123474,0.22,-0.05000000000000003
1775605089.5273411,0.9523379314530719,0.9276724034586273,-2.2745756911306487,3.063042589097446,0.26643246308129903,0.2999315352129499,2.482075810432434,0.22,-2.7755575615628914e-17
1775605089.6274061,0.9523379314530719,0.9276724034586273,-2.2745756911306487,3.049377573564341,0.2770208809143323,0.17483710660261548,2.482160449028015,0.22,0.049999999999999975
1775605089.7273946,0.9523379314530719,0.9276724034586273,-2.2745756911306487,3.0321323637574102,0.2903857469285146,0.1671901825905059,2.482099413871765,0.22,0.09999999999999998
1775605089.8273795,0.9523379314530719,0.9276724034586273,-2.2745756911306487,3.0146681785459597,0.30388120122841195,0.17667784519825017,2.485761046409607,0.22,0.09999999999999998
1775605089.92738,0.9523379314530719,0.9276724034586273,-2.2745756911306487,2.9969040060041268,0.3174848318735086,0.26845779175017226,2.4884921312332153,0.22,0.19999999999999996
1775605090.0275066,0.9523379314530719,0.9276724034586273,-2.2745756911306487,2.9828067761812864,0.32821687840860686,0.17599014528285037,2.493019461631775,0.22,0.19999999999999998
1775605090.1274517,0.9523379314530719,0.9276724034586273,-2.2745756911306487,2.9653575571568176,0.3413142059602343,0.2589775922722945,2.5006507635116577,0.22,0.25
1775605090.2274017,0.9523379314530719,0.9276724034586273,-2.2745756911306487,2.9513140120500636,0.35165331226329855,0.17681052034722214,2.512428879737854,0.22,0.3
1775605090.3275394,0.9523379314530719,0.9276724034586273,-2.2745756911306487,2.9341361976779137,0.3640085909742896,0.17239501916645145,2.524767756462097,0.22,0.35
1775605090.427588,0.9523379314530719,0.9276724034586273,-2.2745756911306487,2.9167897466225994,0.3762142392581357,0.2563596581213929,2.5332905054092407,0.22,0.39999999999999997
1775605090.5273821,0.9523379314530719,0.9276724034586273,-2.2745756911306487,2.899642654543144,0.3879074193808139,0.25311409762943093,2.549760937690735,0.22,0.45
1775605090.6274884,0.9523379314530719,0.9276724034586273,-2.2745756911306487,2.8855773852162336,0.3972441759066368,0.16912941422916947,2.562280535697937,0.22,0.5
1775605090.7275605,0.7381244216576865,0.6994301487703567,-2.242577553256714,2.8686232214084217,0.4081751581288134,0.15429994363017369,2.575865149497986,0.22,0.5
1775605090.827592,0.7381244216576865,0.6994301487703567,-2.242577553256714,2.8514110818256104,0.41874317807938555,0.2447561626304743,2.601091742515564,0.22,0.5
1775605090.9275713,0.7381244216576865,0.6994301487703567,-2.242577553256714,2.837892222436998,0.4266612872571471,0.15259962504896424,2.624972939491272,0.22,0.5
1775605091.0275447,0.7381244216576865,0.6994301487703567,-2.242577553256714,2.8204466310596046,0.4364319026586253,0.15905987550153394,2.6381016969680786,0.22,0.5
1775605091.127644,0.7381244216576865,0.6994301487703567,-2.242577553256714,2.8025337896076867,0.44603423349547466,0.2440146152642191,2.6580668687820435,0.22,0.5
1775605091.2275705,0.7381244216576865,0.6994301487703567,-2.242577553256714,2.788163034445115,0.4533988537694439,0.16326691913226082,2.6811798810958862,0.22,0.55
1775605091.32757,0.7381244216576865,0.6994301487703567,-2.242577553256714,2.770552365429241,0.4619804962529869,0.15248685626047573,2.697818636894226,0.22,0.6
1775605091.4274483,0.7381244216576865,0.6994301487703567,-2.242577553256714,2.7521830381327153,0.4703774290916164,0.24290288367151522,2.7230809926986694,0.22,0.65
1775605091.5274475,0.7381244216576865,0.6994301487703567,-2.242577553256714,2.734016274797768,0.4781046441321912,0.24025995157728525,2.751442313194275,0.22,0.7
1775605091.6274645,0.7381244216576865,0.6994301487703567,-2.242577553256714,2.719340413420792,0.48394013263462954,0.155922855928512,2.779695153236389,0.22,0.7
1775605091.7274868,0.63923771415982,0.5534408590045299,-2.05175411104407,2.723626974027166,0.4822486396414899,0.14698154871718067,2.806206885968344,0.22,0.7999999999999999
1775605091.8275902,0.63923771415982,0.5534408590045299,-2.05175411104407,2.705508899797795,0.48816082314524756,0.22089522884868792,2.839779082928793,0.22,0.7999999999999999
1775605091.927485,0.63923771415982,0.5534408590045299,-2.05175411104407,2.691085317105776,0.49240121347272187,0.14977819270779708,2.8744451443301604,0.22,0.7999999999999999
1775605092.0274174,0.63923771415982,0.5534408590045299,-2.05175411104407,2.672963777387133,0.49713445852577176,0.14736001525478978,2.90178364912142,0.22,0.7999999999999999
1775605092.127422,0.63923771415982,0.5534408590045299,-2.05175411104407,2.6543895917595184,0.5011690541448808,0.22936922941604554,2.94376510778536,0.22,0.7999999999999999
1775605092.227471,0.63923771415982,0.5534408590045299,-2.05175411104407,2.639879041552514,0.5038468246132461,0.14259641035801365,2.9789769093142913,0.22,0.7999999999999999
1775605092.3274767,0.5902285009190325,0.4560062875531542,-1.8743389395898673,2.621203095592017,0.506621808840703,0.15179624097000025,3.0162810722934172,0.22,0.7999999999999999
1775605092.427474,0.5902285009190325,0.4560062875531542,-1.8743389395898673,2.6026881446648598,0.5086717226040213,0.1487790598818534,3.0485057274447844,0.22,0.7999999999999999
1775605092.5275524,0.5902285009190325,0.4560062875531542,-1.8743389395898673,2.5841785361384217,0.5099222672480558,0.21259820201248525,3.0894913117038176,0.22,0.7
1775605092.6274695,0.5902285009190325,0.4560062875531542,-1.8743389395898673,2.5695074715953226,0.5104191020481376,0.1490092137768383,3.129204932843344,0.22,0.7
1775605092.7274587,0.5902285009190325,0.4560062875531542,-1.8743389395898673,2.5499176583161316,0.5103699493673961,0.15887675603684073,-3.1222003698349,0.22,0.6499999999999999
1775605092.8276103,0.5902285009190325,0.4560062875531542,-1.8743389395898673,2.5309492363543598,0.5096386345795868,0.23366385633873182,-3.0923622846603394,0.22,0.6
1775605092.9274602,0.5771213270569046,0.35506283225266966,-1.6771259184418543,2.5156667544654363,0.5086802117536752,0.15405357933561564,-3.0613683462142944,0.22,0.6
1775605093.0276499,0.5771213270569046,0.35506283225266966,-1.6771259184418543,2.4958562638630286,0.5068608837613904,0.15853733658167174,-3.037347912788391,0.22,0.6
1775605093.12753,0.5771213270569046,0.35506283225266966,-1.6771259184418543,2.4765069886591378,0.5045326826952141,0.23649510390486245,-3.0115572214126587,0.22,0.5499999999999999
1775605093.2274172,0.5771213270569046,0.35506283225266966,-1.6771259184418543,2.460970813647796,0.5023244750625674,0.15623920421786958,-2.986606240272522,0.22,0.5
1775605093.3275034,0.5771213270569046,0.35506283225266966,-1.6771259184418543,2.4414209866014778,0.4990753176698296,0.16081830543380904,-2.965091347694397,0.22,0.5
1775605093.427578,0.5771213270569046,0.35506283225266966,-1.6771259184418543,2.4217588240927808,0.4953044040123032,0.2410267927870288,-2.944548726081848,0.22,0.5
1775605093.5274794,0.5771213270569046,0.35506283225266966,-1.6771259184418543,2.4060317191556155,0.4919928456414288,0.16221514353849706,-2.9195069074630737,0.22,0.5
1775605093.6275866,0.5771213270569046,0.35506283225266966,-1.6771259184418543,2.386072029115576,0.4873111359396699,0.16376871009973634,-2.899321675300598,0.22,0.5
1775605093.7275817,0.5771213270569046,0.35506283225266966,-1.6771259184418543,2.3666258786296455,0.4822402314764899,0.23766797241090956,-2.879177451133728,0.22,0.5
1775605093.827665,0.5771213270569046,0.35506283225266966,-1.6771259184418543,2.347670541181897,0.47690648762944043,0.23015353498668456,-2.8586171865463257,0.22,0.5
1775605093.9274569,0.57968099054908,0.16175286030788516,-1.4441443629307122,2.332751861558045,0.4723772434422467,0.16300894780291977,-2.832726836204529,0.22,0.5
1775605094.0274193,0.57968099054908,0.16175286030788516,-1.4441443629307122,2.313855749679373,0.46615574139318594,0.16294660403443012,-2.8132795095443726,0.22,0.5
1775605094.127504,0.57968099054908,0.16175286030788516,-1.4441443629307122,2.294738173092954,0.45940750777578676,0.24269481039328045,-2.794193148612976,0.22,0.5
1775605094.2274435,0.57968099054908,0.16175286030788516,-1.4441443629307122,2.2794350168233084,0.4537220359433646,0.16442628755844935,-2.7733081579208374,0.22,0.5
1775605094.327588,0.57968099054908,0.16175286030788516,-1.4441443629307122,2.2605658954624865,0.4462385927395312,0.16369256305499463,-2.7525683641433716,0.22,0.45
1775605094.4275002,0.57968099054908,0.16175286030788516,-1.4441443629307122,2.242181406964198,0.43844071780682226,0.23733166565041303,-2.732291102409363,0.22,0.4
1775605094.527467,0.57968099054908,0.16175286030788516,-1.4441443629307122,2.2275759283084517,0.4319173331081408,0.1654795956665523,-2.7088438272476196,0.22,0.4
1775605094.627468,0.57968099054908,0.16175286030788516,-1.4441443629307122,2.2091950080285794,0.42324451780036937,0.16775298787740794,-2.690328001976013,0.22,0.35000000000000003
1775605094.7275314,0.57968099054908,0.16175286030788516,-1.4441443629307122,2.1906037761906956,0.413961844392095,0.23344056294705104,-2.6711944341659546,0.22,0.30000000000000004
1775605094.8274312,0.57968099054908,0.16175286030788516,-1.4441443629307122,2.1756747529368594,0.4062435422880681,0.1678736186070798,-2.65680730342865,0.22,0.30000000000000004
1775605094.9274364,0.57968099054908,0.16175286030788516,-1.4441443629307122,2.157585934236098,0.3965942528173187,0.16148687086744928,-2.6445499658584595,0.22,0.30000000000000004
1775605095.0276494,0.57968099054908,0.16175286030788516,-1.4441443629307122,2.1391419401435314,0.3864318058201873,0.24975504475670524,-2.6326318979263306,0.22,0.30000000000000004
1775605095.1274345,0.6280988731493371,-0.058946828779537185,-1.219057797326522,2.1246467962199573,0.3782307517527654,0.167554897489186,-2.618205428123474,0.22,0.25000000000000006
1775605095.2274754,0.6280988731493371,-0.058946828779537185,-1.219057797326522,2.1063048189382414,0.3675292343265282,0.16793283637041947,-2.607836127281189,0.22,0.20000000000000007
1775605095.327486,0.6280988731493371,-0.058946828779537185,-1.219057797326522,2.0880302706147393,0.3565646381684364,0.2560513683392664,-2.597840666770935,0.22,0.20000000000000004
1775605095.4273977,0.6280988731493371,-0.058946828779537185,-1.219057797326522,2.073957704073397,0.34794514447114283,0.17018836304702883,-2.5871769189834595,0.22,0.15000000000000002
1775605095.527439,0.6280988731493371,-0.058946828779537185,-1.219057797326522,2.0559294361696208,0.33672313060741293,0.1801528496805564,-2.579849123954773,0.22,0.10000000000000003
1775605095.627526,0.6280988731493371,-0.058946828779537185,-1.219057797326522,2.037604651662088,0.32511656196374084,0.26192509111133805,-2.5755516290664673,0.22,0.10000000000000003
1775605095.7275717,0.6280988731493371,-0.058946828779537185,-1.219057797326522,2.0195152300174155,0.3136114692740838,0.2626883004435679,-2.575513005256653,0.22,0.10000000000000003
1775605095.827497,0.6280988731493371,-0.058946828779537185,-1.219057797326522,2.005088254240646,0.3044128160684949,0.17053827371321437,-2.573560118675232,0.22,0.10000000000000003
1775605095.9275143,0.6280988731493371,-0.058946828779537185,-1.219057797326522,1.9866060317633039,0.2926292518275577,0.17444532876457436,-2.5741904973983765,0.22,0.10000000000000003
1775605096.0274725,0.6280988731493371,-0.058946828779537185,-1.219057797326522,1.968358899390363,0.280994849590219,0.2531047982933666,-2.5736736059188843,0.22,2.7755575615628914e-17
1775605096.1276395,0.6280988731493371,-0.058946828779537185,-1.219057797326522,1.954034271255161,0.2718240525596935,0.17605606387070644,-2.5707939863204956,0.22,2.7755575615628914e-17
1775605096.2275243,0.6280988731493371,-0.058946828779537185,-1.219057797326522,1.9357336867316808,0.2600385103022588,0.1782207054073832,-2.5683423280715942,0.22,2.7755575615628914e-17
1775605096.3275871,0.6280988731493371,-0.058946828779537185,-1.219057797326522,1.9173043602862438,0.24817238860261925,0.2631431588595753,-2.569327473640442,0.22,2.7755575615628914e-17
1775605096.4274883,0.6280988731493371,-0.058946828779537185,-1.219057797326522,1.8989880705351752,0.23636448505301016,0.2678029336307751,-2.568111538887024,0.22,2.7755575615628914e-17
1775605096.5274878,0.6280988731493371,-0.058946828779537185,-1.219057797326522,1.8841225754088375,0.22672468110267047,0.17630152750638234,-2.5638993978500366,0.22,2.7755575615628914e-17
1775605096.6275032,0.6280988731493371,-0.058946828779537185,-1.219057797326522,1.8655351908424278,0.21459056417125835,0.1754588248179169,-2.5620402097702026,0.22,2.7755575615628914e-17
1775605096.7275786,0.7424019640630801,-0.3503067096313841,-1.136217705061584,1.8470663589067318,0.20250637301998084,0.26832496184491667,-2.5613220930099487,0.22,2.7755575615628914e-17
1775605096.8274977,0.7424019640630801,-0.3503067096313841,-1.136217705061584,1.8325269976776026,0.19292276564387548,0.1773402412596058,-2.557984709739685,0.22,2.7755575615628914e-17
1775605096.9276557,0.7424019640630801,-0.3503067096313841,-1.136217705061584,1.814176327565529,0.18079707684745883,0.17609576888610906,-2.5575097799301147,0.22,2.7755575615628914e-17
1775605097.0275004,0.7424019640630801,-0.3503067096313841,-1.136217705061584,1.7959025984197703,0.16869271103860492,0.2690485032935525,-2.555665135383606,0.22,2.7755575615628914e-17
1775605097.1274977,0.7424019640630801,-0.3503067096313841,-1.136217705061584,1.7811665566442452,0.15885616475720446,0.17888984727811558,-2.5504006147384644,0.22,2.7755575615628914e-17
1775605097.2275605,0.7424019640630801,-0.3503067096313841,-1.136217705061584,1.7631577929695035,0.1467650486129362,0.17550395579748465,-2.5513237714767456,0.22,-0.049999999999999975
1775605097.3276405,0.7424019640630801,-0.3503067096313841,-1.136217705061584,1.745455569090956,0.13489848290969003,0.2533421221900288,-2.5494714975357056,0.22,-0.09999999999999998
1775605097.4274807,0.7424019640630801,-0.3503067096313841,-1.136217705061584,1.7274021944369633,0.12273763442249894,0.26646840507518266,-2.549493670463562,0.22,-0.09999999999999998
1775605097.5274842,0.7424019640630801,-0.3503067096313841,-1.136217705061584,1.7130405464893654,0.11306985022900247,0.1749963745980781,-2.5497511625289917,0.22,-0.09999999999999998
1775605097.6275158,0.7424019640630801,-0.3503067096313841,-1.136217705061584,1.6950564956373544,0.10094202144814174,0.1686377629002806,-2.5461279153823853,0.22,-0.09999999999999998
1775605097.727645,0.7424019640630801,-0.3503067096313841,-1.136217705061584,1.6763206863290037,0.08820896692478726,0.26804882211569747,-2.5443867444992065,0.22,-0.09999999999999998
1775605097.827492,0.7424019640630801,-0.3503067096313841,-1.136217705061584,1.6590765263900351,0.0765232244648339,0.25301420982488276,-2.5473045110702515,0.22,-0.09999999999999998
1775605097.92764,0.7424019640630801,-0.3503067096313841,-1.136217705061584,1.6443221793775413,0.06657764419043131,0.17985078254878364,-2.5505319833755493,0.22,-0.09999999999999998
1775605098.0276062,0.7424019640630801,-0.3503067096313841,-1.136217705061584,1.6264430723287762,0.05456585799297508,0.17457332352977048,-2.549655556678772,0.22,-0.09999999999999998
1775605098.1274998,0.7424019640630801,-0.3503067096313841,-1.136217705061584,1.6088009534111518,0.0427460105892261,0.256573007774528,-2.5532666444778442,0.22,-0.09999999999999998
1775605098.227453,0.7424019640630801,-0.3503067096313841,-1.136217705061584,1.5908433860391638,0.03085187212431982,0.25463456959808844,-2.558409810066223,0.22,-0.09999999999999998
1775605098.327642,0.8654742343783725,-0.6099647342407654,-1.1370207765347562,1.57699515046086,0.02173743339239445,0.16789404285416346,-2.559637427330017,0.22,-0.09999999999999998
1775605098.4274743,0.8654742343783725,-0.6099647342407654,-1.1370207765347562,1.558497538537502,0.009604815218693398,0.17810004492895481,-2.563576102256775,0.22,-0.09999999999999998
1775605098.5276096,0.8654742343783725,-0.6099647342407654,-1.1370207765347562,1.5402053399859508,-0.002193676864184534,0.26208860462310246,-2.571149706840515,0.22,-0.09999999999999998
1775605098.6274116,0.8654742343783725,-0.6099647342407654,-1.1370207765347562,1.5254920172534487,-0.011602306493698037,0.18092497484806597,-2.574116349220276,0.22,-0.09999999999999998
1775605098.727518,0.8654742343783725,-0.6099647342407654,-1.1370207765347562,1.5067318971643913,-0.02351488316282964,0.17503227193387721,-2.578147292137146,0.22,-0.049999999999999975
1775605098.8274736,0.8654742343783725,-0.6099647342407654,-1.1370207765347562,1.488024215048471,-0.03517801353545631,0.262897343039875,-2.588006377220154,0.22,2.7755575615628914e-17
1775605098.9274547,0.8654742343783725,-0.6099647342407654,-1.1370207765347562,1.4694174015421684,-0.04661952589151676,0.25771126781750964,-2.59111750125885,0.22,2.7755575615628914e-17
1775605099.0274465,0.8654742343783725,-0.6099647342407654,-1.1370207765347562,1.454294135877436,-0.055898180964430125,0.17736614358838226,-2.592414975166321,0.22,2.7755575615628914e-17
1775605099.127529,0.8654742343783725,-0.6099647342407654,-1.1370207765347562,1.435314080205734,-0.06745712004952238,0.26469459462961814,-2.5964375734329224,0.22,2.7755575615628914e-17
1775605099.2274811,0.8654742343783725,-0.6099647342407654,-1.1370207765347562,1.4167770874227943,-0.07867287552769828,0.2563390046498075,-2.5970267057418823,0.22,2.7755575615628914e-17
1775605099.327511,0.8654742343783725,-0.6099647342407654,-1.1370207765347562,1.4015270332321748,-0.08788931008517764,0.17862845711643371,-2.599005341529846,0.22,2.7755575615628914e-17
1775605099.4275668,0.8654742343783725,-0.6099647342407654,-1.1370207765347562,1.3826092508225825,-0.09925781354728558,0.17722367307913234,-2.6006754636764526,0.22,-0.049999999999999975
1775605099.5274684,0.8654742343783725,-0.6099647342407654,-1.1370207765347562,1.3640196330084913,-0.1103861207522563,0.24610449247791827,-2.6031328439712524,0.22,-0.09999999999999998
1775605099.627452,0.8654742343783725,-0.6099647342407654,-1.1370207765347562,1.3489135097550176,-0.11939976212918528,0.1814323632734093,-2.604220986366272,0.22,-0.09999999999999998
1775605099.727528,0.8654742343783725,-0.6099647342407654,-1.1370207765347562,1.329825224202456,-0.13072957060946794,0.17501871349736614,-2.608566164970398,0.22,-0.09999999999999998
1775605099.8274827,0.8654742343783725,-0.6099647342407654,-1.1370207765347562,1.3106719550710402,-0.14194916736906404,0.2482534471472254,-2.613394618034363,0.22,-0.09999999999999998
1775605099.9276369,0.8654742343783725,-0.6099647342407654,-1.1370207765347562,1.295379622675322,-0.1508461967554581,0.1757553491319187,-2.617369532585144,0.22,-0.09999999999999998
1775605100.0274632,0.8654742343783725,-0.6099647342407654,-1.1370207765347562,1.2764023317472655,-0.16176395666999163,0.17441509333254787,-2.6231552362442017,0.22,-0.09999999999999998
1775605100.1275592,0.9951590111151908,-0.9014895465597503,-1.1905542378726413,1.2572177706966874,-0.17262492810722269,0.24332512833463824,-2.6281970739364624,0.22,-0.09999999999999998
1775605100.2273905,0.9951590111151908,-0.9014895465597503,-1.1905542378726413,1.2418540216648206,-0.18129553491379502,0.1775567255053921,-2.6292859315872192,0.22,-0.14999999999999997
1775605100.3273766,0.9951590111151908,-0.9014895465597503,-1.1905542378726413,1.2227027683194585,-0.1920092717834616,0.1756749886899401,-2.6334296464920044,0.22,-0.19999999999999996
1775605100.427449,0.9951590111151908,-0.9014895465597503,-1.1905542378726413,1.2036166809540494,-0.20257988669626031,0.2623334501235474,-2.6365305185317993,0.22,-0.19999999999999998
1775605100.5275414,0.9951590111151908,-0.9014895465597503,-1.1905542378726413,1.1881191957520294,-0.2111145525732215,0.17800307923843886,-2.6404587030410767,0.22,-0.25
1775605100.6275043,0.9951590111151908,-0.9014895465597503,-1.1905542378726413,1.1693731439693358,-0.22130515037016166,0.25259197163235525,-2.6462656259536743,0.22,-0.3
1775605100.727633,0.9951590111151908,-0.9014895465597503,-1.1905542378726413,1.1503483421922873,-0.2314045599005101,0.25989201076445073,-2.658770442008972,0.22,-0.35
1775605100.8275952,0.9951590111151908,-0.9014895465597503,-1.1905542378726413,1.1356295372998084,-0.239033561506753,0.1698735569158903,-2.668909430503845,0.22,-0.39999999999999997
1775605100.927636,0.9951590111151908,-0.9014895465597503,-1.1905542378726413,1.1167538861123985,-0.24859602772273334,0.16920720747089657,-2.680106282234192,0.22,-0.45
1775605101.0275676,0.9951590111151908,-0.9014895465597503,-1.1905542378726413,1.0983361994181828,-0.25748556236411546,0.24553255881606145,-2.6998761892318726,0.22,-0.5
1775605101.1276414,0.9951590111151908,-0.9014895465597503,-1.1905542378726413,1.0833977039844809,-0.2643776431483243,0.164108671097413,-2.7203749418258667,0.22,-0.5
1775605101.227597,0.9951590111151908,-0.9014895465597503,-1.1905542378726413,1.0650281482596033,-0.27246548819648836,0.15543149608513226,-2.7365387678146362,0.22,-0.5
1775605101.3276446,0.9951590111151908,-0.9014895465597503,-1.1905542378726413,1.0462656505738335,-0.28021232959789916,0.24182758975503477,-2.758024573326111,0.22,-0.5
1775605101.4275572,0.9951590111151908,-0.9014895465597503,-1.1905542378726413,1.0313886980246931,-0.28602099036391565,0.15848733002919974,-2.783021330833435,0.22,-0.5
1775605101.5276043,0.9951590111151908,-0.9014895465597503,-1.1905542378726413,1.0123189609374117,-0.29297745430618144,0.16372178356330316,-2.8021315336227417,0.22,-0.5
1775605101.6275585,0.9951590111151908,-0.9014895465597503,-1.1905542378726413,0.993223198168914,-0.2994796199084785,0.24345888171406296,-2.820445418357849,0.22,-0.5
1775605101.7276511,1.0718720035813876,-1.1815646832945843,-1.3848737721433062,0.9777999510278326,-0.3044311751472368,0.16049700714223122,-2.842452645301819,0.22,-0.5
1775605101.8275926,1.0718720035813876,-1.1815646832945843,-1.3848737721433062,0.9584010358236622,-0.3102343111704021,0.1635394048938328,-2.8620134592056274,0.22,-0.5
1775605101.927487,1.0718720035813876,-1.1815646832945843,-1.3848737721433062,0.9385919568299564,-0.31561416026779116,0.24774754928528717,-2.8855775594711304,0.22,-0.5
1775605102.0275743,1.0718720035813876,-1.1815646832945843,-1.3848737721433062,0.9226806247412831,-0.31959210022777523,0.1623640397832669,-2.908662438392639,0.22,-0.5
1775605102.1276402,1.0718720035813876,-1.1815646832945843,-1.3848737721433062,0.9033170451254464,-0.324043771686239,0.1546438412231051,-2.9261118173599243,0.22,-0.5
1775605102.2275593,1.0718720035813876,-1.1815646832945843,-1.3848737721433062,0.8844130858776393,-0.3278651822237728,0.23187732964961041,-2.9525634050369263,0.22,-0.55
1775605102.3275647,1.0718720035813876,-1.1815646832945843,-1.3848737721433062,0.8688744680971021,-0.3306921477193168,0.1622311001819915,-2.9720219373703003,0.22,-0.6
1775605102.427524,1.0718720035813876,-1.1815646832945843,-1.3848737721433062,0.8492388971147005,-0.3338878892739233,0.1607971010044883,-2.9932700395584106,0.22,-0.65
1775605102.5275316,1.0718720035813876,-1.1815646832945843,-1.3848737721433062,0.8299324875894368,-0.33654810374628863,0.15866916160529734,-3.0195502042770386,0.22,-0.7
1775605102.6275067,1.0718720035813876,-1.1815646832945843,-1.3848737721433062,0.8103709745103449,-0.33857126414544436,0.23547324737583056,-3.0499478578567505,0.22,-0.75
1775605102.7273862,1.050641768871695,-1.3638826059533042,-1.6376649237822312,0.79462597467941,-0.3398081164035636,0.15674699958096203,-3.0770517587661743,0.22,-0.7999999999999999
1775605102.8275146,1.050641768871695,-1.3638826059533042,-1.6376649237822312,0.7751382448209047,-0.3408213934838497,0.14670806652424906,-3.1058300733566284,0.22,-0.85
1775605102.9275906,1.050641768871695,-1.3638826059533042,-1.6376649237822312,0.7563601481864746,-0.34106459049661514,0.2151263651849667,3.1380776802646086,0.22,-0.8999999999999999
1775605103.027462,1.050641768871695,-1.3638826059533042,-1.6376649237822312,0.7413295482069204,-0.3407525949800331,0.15215717491801553,3.0992009083377288,0.22,-0.8999999999999999
1775605103.12748,1.050641768871695,-1.3638826059533042,-1.6376649237822312,0.7225043855494506,-0.3396773558911234,0.15220918248216678,3.0662273804294036,0.22,-0.8999999999999999
1775605103.2275364,1.050641768871695,-1.3638826059533042,-1.6376649237822312,0.7039984622187064,-0.3377869172763883,0.22413134094947232,3.021286193524496,0.22,-0.8999999999999999
1775605103.3276405,1.0331136985619287,-1.4664475357900921,-1.8440394457989964,0.6892865515372755,-0.33571888699937386,0.1485885146948436,2.9791755119906824,0.22,-0.8999999999999999
1775605103.4275773,1.0331136985619287,-1.4664475357900921,-1.8440394457989964,0.6713011820449095,-0.33248600680308155,0.1437350977349647,2.943343106900351,0.22,-0.8999999999999999
1775605103.527637,1.0331136985619287,-1.4664475357900921,-1.8440394457989964,0.6531832306734744,-0.32838090620603155,0.22261097619323905,2.904227439557211,0.22,-0.8999999999999999
1775605103.6274693,1.0331136985619287,-1.4664475357900921,-1.8440394457989964,0.6392744829215378,-0.3247465352572257,0.13818948228769598,2.863906327878134,0.22,-0.8499999999999999
1775605103.7274504,1.0331136985619287,-1.4664475357900921,-1.8440394457989964,0.6213694891025678,-0.3193382233302278,0.14788670721245561,2.8305091301547454,0.22,-0.7999999999999999
1775605103.8275435,1.0331136985619287,-1.4664475357900921,-1.8440394457989964,0.6040005763223822,-0.31326555704295883,0.22105087856627745,2.78849167028536,0.22,-0.7499999999999999
1775605103.9274545,0.9910674169515132,-1.5685384766008403,-2.0804191820473807,0.6038180262361318,-0.31303716170384194,0.126808782142364,2.748184084892273,0.22,-0.7
1775605104.0275376,0.9910674169515132,-1.5685384766008403,-2.0804191820473807,0.5865012121344977,-0.30557607237385326,0.13912722574082226,2.7129310369491577,0.22,-0.6499999999999999
1775605104.1275156,0.9910674169515132,-1.5685384766008403,-2.0804191820473807,0.5691551597118426,-0.2974387609907867,0.1487401381617934,2.6899701356887817,0.22,-0.6
1775605104.2274528,0.9910674169515132,-1.5685384766008403,-2.0804191820473807,0.5522038537838713,-0.2888392735618268,0.23316134214544806,2.66059148311615,0.22,-0.65
1775605104.3274817,0.9910674169515132,-1.5685384766008403,-2.0804191820473807,0.5388638003470158,-0.2816358489317278,0.15483663237733872,2.6309274435043335,0.22,-0.75
1775605104.4274657,0.9910674169515132,-1.5685384766008403,-2.0804191820473807,0.5225761385232265,-0.272286763878992,0.14795249261229865,2.604280114173889,0.22,-0.7999999999999999
1775605104.527636,0.9910674169515132,-1.5685384766008403,-2.0804191820473807,0.5059391477123932,-0.26213660839617636,0.16256694051723586,2.5785707235336304,0.22,-0.85
1775605104.6274836,0.9910674169515132,-1.5685384766008403,-2.0804191820473807,0.49029558755817715,-0.2517920854131338,0.22132125124791166,2.542214035987854,0.22,-0.8999999999999999
1775605104.727513,0.9064084560811067,-1.6956887471618833,-2.3379108928829897,0.4783062884895933,-0.24327825456999844,0.14317681961933446,2.5006076097488403,0.22,-0.95
1775605104.8276033,0.9064084560811067,-1.6956887471618833,-2.3379108928829897,0.4640260442976522,-0.2322456198564576,0.14351883355684933,2.459821581840515,0.22,-0.9999999999999999
1775605104.9275663,0.9064084560811067,-1.6956887471618833,-2.3379108928829897,0.4499262502393641,-0.22042347626459957,0.1440404005099924,2.424803853034973,0.22,-1.0499999999999998
1775605105.0276184,0.9064084560811067,-1.6956887471618833,-2.3379108928829897,0.43647261706463886,-0.2079834075776166,0.21842554453611318,2.3762089014053345,0.22,-1.0999999999999999
1775605105.1275618,0.9064084560811067,-1.6956887471618833,-2.3379108928829897,0.4262739653636883,-0.19774485866855887,0.1417107022431248,2.3270448446273804,0.22,-1.0999999999999999
1775605105.2275162,0.9064084560811067,-1.6956887471618833,-2.3379108928829897,0.41466866074515146,-0.1849334646455158,0.14104221110929907,2.2847014665603638,0.22,-1.0999999999999999
1775605105.32761,0.823874021513251,-1.7807574943860953,-2.599834616722878,0.4036093682496811,-0.17138587432734442,0.20606302448403388,2.2360020875930786,0.22,-1.0999999999999999
1775605105.4274914,0.823874021513251,-1.7807574943860953,-2.599834616722878,0.3950756896980211,-0.1599751763682748,0.14288601811489693,2.1854580640792847,0.22,-1.0999999999999999
1775605105.527587,0.823874021513251,-1.7807574943860953,-2.599834616722878,0.38504587920050753,-0.14518718599436392,0.14238007402773423,2.1447354555130005,0.22,-1.0999999999999999
1775605105.6276507,0.823874021513251,-1.7807574943860953,-2.599834616722878,0.37594635755622563,-0.13004585009098882,0.21140147452727875,2.0898019075393677,0.22,-1.0999999999999999
1775605105.7275772,0.823874021513251,-1.7807574943860953,-2.599834616722878,0.3692631085033079,-0.1176340741290819,0.14169904280958498,2.0351656675338745,0.22,-1.0999999999999999
1775605105.8275812,0.823874021513251,-1.7807574943860953,-2.599834616722878,0.3616011633612301,-0.1016037798789309,0.14401201325162705,1.9956377744674683,0.22,-1.0999999999999999
1775605105.9275327,0.712781150078186,-1.8302776791051965,-2.913158918258244,0.35478338378056656,-0.08527942487229083,0.21301991489857452,1.9459363222122192,0.22,-1.0499999999999998
1775605106.0274296,0.712781150078186,-1.8302776791051965,-2.913158918258244,0.3497706299434707,-0.07161764798947594,0.14581783464243464,1.8932639360427854,0.22,-0.9999999999999999
1775605106.127394,0.712781150078186,-1.8302776791051965,-2.913158918258244,0.3444956526361168,-0.054810706431564785,0.15449025093397517,1.8510001897811887,0.22,-0.9499999999999998
1775605106.2273808,0.712781150078186,-1.8302776791051965,-2.913158918258244,0.340082543945017,-0.037496381081094654,0.21549028174471233,1.7988151311874387,0.22,-0.8999999999999999
1775605106.3274837,0.712781150078186,-1.8302776791051965,-2.913158918258244,0.33714715844703874,-0.023682217986833325,0.14578678058548367,1.756983399391174,0.22,-0.8999999999999999
1775605106.4275417,0.712781150078186,-1.8302776791051965,-2.913158918258244,0.33412591417683263,-0.006224873956389883,0.1422587610665806,1.7225662469863892,0.22,-0.8499999999999999
1775605106.527397,0.712781150078186,-1.8302776791051965,-2.913158918258244,0.3317291939438834,0.012171644142650748,0.2232239092657451,1.6858779191970827,0.22,-0.7499999999999999
1775605106.6273782,0.712781150078186,-1.8302776791051965,-2.913158918258244,0.3303574121364631,0.02699016060306983,0.15363094908429722,1.6441916227340698,0.22,-0.7
1775605106.7274895,0.58951454917606,-1.8403986378016575,3.0678924657007154,0.3292770694270561,0.04571348831687545,0.16398512103450966,1.6077852249145508,0.22,-0.7
1775605106.8274734,0.58951454917606,-1.8403986378016575,3.0678924657007154,0.3288747819636327,0.0647424151872886,0.22473144170923717,1.5795893669128418,0.22,-0.7
1775605106.9274507,0.58951454917606,-1.8403986378016575,3.0678924657007154,0.32906286213827735,0.08387580048442639,0.22585938453655044,1.5482090711593628,0.22,-0.7
1775605107.0274312,0.58951454917606,-1.8403986378016575,3.0678924657007154,0.3296209260532778,0.0992287437133296,0.1504272392276819,1.51578950881958,0.22,-0.7
1775605107.1273837,0.58951454917606,-1.8403986378016575,3.0678924657007154,0.33092398357552477,0.11834409315005594,0.15037421649543584,1.4868695735931399,0.22,-0.7
1775605107.227377,0.58951454917606,-1.8403986378016575,3.0678924657007154,0.3328230469224187,0.13715509513610105,0.22409414353208984,1.4583529233932495,0.22,-0.7
1775605107.3273606,0.58951454917606,-1.8403986378016575,3.0678924657007154,0.3347665311302166,0.15213961771547715,0.14681847742862836,1.4275250434875488,0.22,-0.7
1775605107.4275339,0.58951454917606,-1.8403986378016575,3.0678924657007154,0.3378316860601056,0.17151378124178573,0.150681568257254,1.394281268119812,0.22,-0.6499999999999999
1775605107.527466,0.46718644054572817,-1.8029702378629309,2.8130917591237297,0.34142278937876414,0.19017940572433173,0.21662683151827689,1.3682150840759277,0.22,-0.6
1775605107.627533,0.46718644054572817,-1.8029702378629309,2.8130917591237297,0.34481485310346965,0.2053449589766654,0.13664951398792083,1.3365153074264526,0.22,-0.5499999999999999
1775605107.7275205,0.46718644054572817,-1.8029702378629309,2.8130917591237297,0.34951568339375183,0.22431064556014887,0.15422214031861295,1.314898133277893,0.22,-0.5
1775605107.8274643,0.46718644054572817,-1.8029702378629309,2.8130917591237297,0.35467291417742014,0.2431047708646185,0.1591166807312102,1.290332555770874,0.22,-0.45
1775605107.9275553,0.46718644054572817,-1.8029702378629309,2.8130917591237297,0.3603543696664251,0.2617206217047039,0.23682729951408593,1.2643114328384402,0.22,-0.4
1775605108.02737,0.46718644054572817,-1.8029702378629309,2.8130917591237297,0.36539871850830047,0.27716716374774136,0.16492102609790282,1.249025821685791,0.22,-0.35000000000000003
1775605108.1275334,0.46718644054572817,-1.8029702378629309,2.8130917591237297,0.37205725360787606,0.2967177446037261,0.16582804815170082,1.2329926490783691,0.22,-0.30000000000000004
1775605108.2274876,0.46718644054572817,-1.8029702378629309,2.8130917591237297,0.3791393440786038,0.316307426757074,0.24365600894224312,1.217593789100647,0.22,-0.25000000000000006
1775605108.3275568,0.46718644054572817,-1.8029702378629309,2.8130917591237297,0.38470786595452816,0.33100576598692466,0.13846464620632992,1.2016855478286743,0.22,-0.20000000000000007
1775605108.427553,0.46718644054572817,-1.8029702378629309,2.8130917591237297,0.3924312257314864,0.35075993508831277,0.17163773966733484,1.1938029527664185,0.22,-0.15000000000000002
1775605108.5274708,0.46718644054572817,-1.8029702378629309,2.8130917591237297,0.4002793127448465,0.37060108414614223,0.1749860786680303,1.1934692859649658,0.22,-0.10000000000000003
1775605108.6275256,0.46718644054572817,-1.8029702378629309,2.8130917591237297,0.40805727023564137,0.39006153309329905,0.24843501291370282,1.1888673305511475,0.22,-0.05000000000000003
1775605108.7274253,0.46718644054572817,-1.8029702378629309,2.8130917591237297,0.4146871719108897,0.4064917878966236,0.18056989023801093,1.1853363513946533,0.22,-2.7755575615628914e-17
1775605108.8275347,0.46718644054572817,-1.8029702378629309,2.8130917591237297,0.42300863848612613,0.426961188084222,0.16511597517587884,1.1827560663223267,0.22,0.049999999999999975
1775605108.9275258,0.46718644054572817,-1.8029702378629309,2.8130917591237297,0.431412390834474,0.4475063745993871,0.2650458859080052,1.1819752454757693,0.22,0.09999999999999998
1775605109.027464,0.23087718560439408,-1.6947996819778905,2.637091123174528,0.4380983709215757,0.4637497850423513,0.17363847824440118,1.1790525913238525,0.22,0.14999999999999997
1775605109.1275198,0.23087718560439408,-1.6947996819778905,2.637091123174528,0.44642465080972343,0.4838889545275389,0.16821823633891492,1.1783548593521118,0.22,0.19999999999999996
1775605109.2275276,0.23087718560439408,-1.6947996819778905,2.637091123174528,0.4548324640265994,0.5042682895154682,0.2467693512183954,1.1810121536254883,0.22,0.24999999999999994
1775605109.3274615,0.23087718560439408,-1.6947996819778905,2.637091123174528,0.461372476796841,0.5202432957424352,0.17088967297561788,1.1842044591903687,0.22,0.29999999999999993
1775605109.4275734,0.23087718560439408,-1.6947996819778905,2.637091123174528,0.4694247877078724,0.5401935757202082,0.17051510190428565,1.1934969425201416,0.22,0.35
1775605109.5274482,0.23087718560439408,-1.6947996819778905,2.637091123174528,0.4771450451530052,0.5601118038056319,0.2304745221457273,1.208553910255432,0.22,0.39999999999999997
1775605109.627482,0.23087718560439408,-1.6947996819778905,2.637091123174528,0.48297436176556646,0.575766669046284,0.16781163953382294,1.2217949628829954,0.22,0.45
1775605109.7275555,0.23087718560439408,-1.6947996819778905,2.637091123174528,0.4898455086169615,0.5950823713797766,0.1609578800403228,1.2406213283538818,0.22,0.5
1775605109.8275347,0.23087718560439408,-1.6947996819778905,2.637091123174528,0.4964680100568237,0.6149122440270232,0.25143424914125667,1.2553426027297974,0.22,0.55
1775605109.9273894,0.23087718560439408,-1.6947996819778905,2.637091123174528,0.5012811558223182,0.6301140837843348,0.16362978242160953,1.2713667154312132,0.22,0.6
1775605110.0274885,0.23087718560439408,-1.6947996819778905,2.637091123174528,0.5067228589900812,0.6483528547076263,0.14825068630755814,1.2972292900085447,0.22,0.65
1775605110.127445,0.23087718560439408,-1.6947996819778905,2.637091123174528,0.5118172032222689,0.6673998271093905,0.15941203512676974,1.3275789022445679,0.22,0.7
1775605110.2274697,0.23087718560439408,-1.6947996819778905,2.637091123174528,0.5163520659030943,0.686769776701744,0.2181916384460249,1.356039047241211,0.22,0.75
1775605110.3275414,-0.007473567501061491,-1.5840340050358475,2.819869883215179,0.5193739442354316,0.7015229779007235,0.12296637423687883,1.3834418058395386,0.22,0.7999999999999999
1775605110.4275641,-0.007473567501061491,-1.5840340050358475,2.819869883215179,0.5226626127020043,0.7202183005011413,0.14370898022856407,1.4172306060791016,0.22,0.7999999999999999
1775605110.527467,-0.007473567501061491,-1.5840340050358475,2.819869883215179,0.5252402973820672,0.7390758186179691,0.21837384419153194,1.4535847902297974,0.22,0.7999999999999999
1775605110.6273808,-0.007473567501061491,-1.5840340050358475,2.819869883215179,0.5267606831299099,0.754058268881185,0.1329621379359203,1.4849517345428467,0.22,0.7999999999999999
1775605110.727485,-0.007473567501061491,-1.5840340050358475,2.819869883215179,0.5280794170107966,0.7728169730915481,0.15538516111208972,1.5233300924301147,0.22,0.7999999999999999
1775605110.8274353,-0.007473567501061491,-1.5840340050358475,2.819869883215179,0.528657952662848,0.7915117247221586,0.15188009432109564,1.563279151916504,0.22,0.7999999999999999
1775605110.9274752,-0.007473567501061491,-1.5840340050358475,2.819869883215179,0.5284884540342784,0.8104681762396583,0.2271811664777591,1.5927685499191284,0.22,0.7999999999999999
1775605111.0275671,-0.11978912057934363,-1.5492668629861963,3.022065994489978,0.5278526257472049,0.8252099078956084,0.14059476501668675,1.631572604179382,0.22,0.7999999999999999
1775605111.1274798,-0.11978912057934363,-1.5492668629861963,3.022065994489978,0.5264791961298066,0.8436603746146486,0.14372104183728623,1.6645478010177615,0.22,0.7999999999999999
1775605111.2274547,-0.11978912057934363,-1.5492668629861963,3.022065994489978,0.524379169247295,0.8624753779535342,0.22566126240343898,1.695841908454895,0.22,0.7999999999999999
1775605111.3275473,-0.11978912057934363,-1.5492668629861963,3.022065994489978,0.5222293477746254,0.8771245712267152,0.14505839712872187,1.7333766222000124,0.22,0.7999999999999999
1775605111.4275067,-0.11978912057934363,-1.5492668629861963,3.022065994489978,0.5189492157295893,0.8954871726311746,0.14476376430003893,1.769137978553772,0.22,0.7499999999999999
1775605111.5275683,-0.11978912057934363,-1.5492668629861963,3.022065994489978,0.514889002534887,0.9139264633865191,0.22754170372585228,1.8057149648666382,0.22,0.7
1775605111.627368,-0.20869946989282476,-1.5429939831003647,-3.061176621228737,0.5101885821398298,0.932160935505193,0.22966562663173512,1.8382424116134644,0.22,0.6499999999999999
1775605111.7274868,-0.20869946989282476,-1.5429939831003647,-3.061176621228737,0.5057940323686733,0.9470404465697614,0.15889819871251787,1.8721467256546023,0.22,0.6
1775605111.8274517,-0.20869946989282476,-1.5429939831003647,-3.061176621228737,0.49971877795676695,0.9653981355806807,0.2714951227430518,1.902229905128479,0.22,0.6
1775605111.927481,-0.20869946989282476,-1.5429939831003647,-3.061176621228737,0.4931189686722828,0.9836816335794134,0.3079114308374804,1.9286729097366333,0.22,0.6
1775605112.02745,-0.20869946989282476,-1.5429939831003647,-3.061176621228737,0.4874018422652169,0.9983497737125124,0.16377424838246177,1.9540237188339231,0.22,0.6
1775605112.12739,-0.20869946989282476,-1.5429939831003647,-3.061176621228737,0.48002892858380636,1.0161163686496302,0.17241958726944387,1.9812356233596802,0.22,0.6
1775605112.2274795,-0.20869946989282476,-1.5429939831003647,-3.061176621228737,0.4718587364461869,1.0342829076007003,0.24070465509059286,2.0034457445144658,0.22,0.6
1775605112.3274956,-0.20869946989282476,-1.5429939831003647,-3.061176621228737,0.4650078385461547,1.0485974579260011,0.15910567197268463,2.027896285057068,0.22,0.5499999999999999
1775605112.4274921,-0.34177692908342183,-1.5646252382133496,-2.854029221015849,0.4561799335366358,1.0661140771809232,0.15725531477462243,2.053409695625305,0.22,0.5
1775605112.527472,-0.34177692908342183,-1.5646252382133496,-2.854029221015849,0.4469240418893338,1.0832071542222876,0.24031422412454906,2.079032778739929,0.22,0.45
1775605112.627637,-0.34177692908342183,-1.5646252382133496,-2.854029221015849,0.4389924815734101,1.0970400888008702,0.15393476252059246,2.099507689476013,0.22,0.4
1775605112.7275796,-0.34177692908342183,-1.5646252382133496,-2.854029221015849,0.42863713320843105,1.1144695695917737,0.1618977526464191,2.1189829111099243,0.22,0.35000000000000003
1775605112.8276,-0.34177692908342183,-1.5646252382133496,-2.854029221015849,0.41783398647468895,1.1317147524765439,0.2506822196216974,2.138898015022278,0.22,0.30000000000000004
1775605112.9274614,-0.34177692908342183,-1.5646252382133496,-2.854029221015849,0.4086361477902158,1.1457805000737655,0.16749042826813731,2.1574636697769165,0.22,0.25000000000000006
1775605113.027574,-0.34177692908342183,-1.5646252382133496,-2.854029221015849,0.3973312373858349,1.1626098176018578,0.16489228942066642,2.1674331426620483,0.22,0.20000000000000007
1775605113.1274931,-0.34177692908342183,-1.5646252382133496,-2.854029221015849,0.3856463661562859,1.1797321163855552,0.1721603143559577,2.1731563806533813,0.22,0.15000000000000008
1775605113.2276087,-0.34177692908342183,-1.5646252382133496,-2.854029221015849,0.37376356170626773,1.1968410340240492,0.2511899902724433,2.1813517808914185,0.22,0.10000000000000007
1775605113.3275993,-0.34177692908342183,-1.5646252382133496,-2.854029221015849,0.3637449242545164,1.2110841172287086,0.17479482946357494,2.184989094734192,0.22,0.05000000000000007
1775605113.427573,-0.34177692908342183,-1.5646252382133496,-2.854029221015849,0.35110707203994235,1.2289620533869432,0.17776891788631083,2.1868816614151,0.22,6.938893903907228e-17
1775605113.5276418,-0.34177692908342183,-1.5646252382133496,-2.854029221015849,0.33829766901265695,1.2469043731287963,0.26571538309424364,2.1932488679885864,0.22,-0.049999999999999975
1775605113.6274292,-0.34177692908342183,-1.5646252382133496,-2.854029221015849,0.32584363842335873,1.2641983390956193,0.25533058531718394,2.194839358329773,0.22,-0.09999999999999998
1775605113.7276049,-0.34177692908342183,-1.5646252382133496,-2.854029221015849,0.315399636373753,1.2786666552114263,0.17531534914394017,2.1979724168777466,0.22,-0.14999999999999997
1775605113.8274896,-0.34177692908342183,-1.5646252382133496,-2.854029221015849,0.30232497511059236,1.2965735578032953,0.2625451545281697,2.203187584877014,0.22,-0.24999999999999994
1775605113.927433,-0.34177692908342183,-1.5646252382133496,-2.854029221015849,0.28952474794661825,1.3140540416790634,0.2634077182141422,2.2008692026138306,0.22,-0.29999999999999993
1775605114.027403,-0.6315300288684921,-1.679705520288505,-2.6778084212425783,0.279707670920414,1.3275700813738942,0.17195838276724515,2.195701479911804,0.22,-0.3499999999999999
1775605114.12747,-0.6315300288684921,-1.679705520288505,-2.6778084212425783,0.2674347989056763,1.3447136170737246,0.17367234027624506,2.1860796213150024,0.22,-0.3999999999999999
1775605114.2274888,-0.6315300288684921,-1.679705520288505,-2.6778084212425783,0.2555302395661355,1.3617147503556932,0.16893966891018447,2.1751357316970825,0.22,-0.4
1775605114.327414,-0.6315300288684921,-1.679705520288505,-2.6778084212425783,0.24619045296244735,1.3754730515626397,0.16475190684212837,2.157793879508972,0.22,-0.4
1775605114.4274695,-0.6315300288684921,-1.679705520288505,-2.6778084212425783,0.23478365346850988,1.3928120472140655,0.16444080274497216,2.14482319355011,0.22,-0.45
1775605114.5275118,-0.6315300288684921,-1.679705520288505,-2.6778084212425783,0.22365395452595724,1.4103901066555045,0.24888987989992115,2.1300970315933228,0.22,-0.5
1775605114.6276395,-0.6315300288684921,-1.679705520288505,-2.6778084212425783,0.21527868372419542,1.4240481308253654,0.16213786099945635,2.1092857122421265,0.22,-0.55
1775605114.7276073,-0.6315300288684921,-1.679705520288505,-2.6778084212425783,0.20520872479206786,1.441234506103195,0.1544564566006207,2.087361454963684,0.22,-0.6
1775605114.8274858,-0.6315300288684921,-1.679705520288505,-2.6778084212425783,0.1954177924906919,1.4587846572607495,0.15453182694540052,2.0707567930221558,0.22,-0.65
1775605114.9274817,-0.6315300288684921,-1.679705520288505,-2.6778084212425783,0.18599208740632542,1.4767050667567763,0.24318957749065206,2.043136239051819,0.22,-0.7
1775605115.0276096,-0.6315300288684921,-1.679705520288505,-2.6778084212425783,0.17898621599391146,1.4908595494770063,0.15898370519794316,2.0124703645706177,0.22,-0.75
1775605115.1275058,-0.6315300288684921,-1.679705520288505,-2.6778084212425783,0.17090643078715628,1.508455438034284,0.1569559867739576,1.9867206811904907,0.22,-0.7999999999999999
1775605115.2274525,-0.8304390460879876,-1.752061928926186,-2.897944764814637,0.16342898524687832,1.5263154224012405,0.23242036267150987,1.9554811716079712,0.22,-0.85
1775605115.3275445,-0.8304390460879876,-1.752061928926186,-2.897944764814637,0.15824434250408223,1.5397509447533948,0.14316154440564263,1.9187365770339968,0.22,-0.8999999999999999
1775605115.4275513,-0.8304390460879876,-1.752061928926186,-2.897944764814637,0.1521568656081826,1.5572224118828661,0.14101076037913313,1.8883687257766724,0.22,-0.95
1775605115.5275075,-0.8304390460879876,-1.752061928926186,-2.897944764814637,0.1467492282330599,1.575153660272577,0.22678217213941776,1.8462578058242798,0.22,-0.9999999999999999
1775605115.6275716,-0.8304390460879876,-1.752061928926186,-2.897944764814637,0.14231799573835394,1.5924638751887465,0.21735178994286689,1.8039199113845823,0.22,-1.0499999999999998
1775605115.7276578,-0.8304390460879876,-1.752061928926186,-2.897944764814637,0.13922339321763333,1.606787258313347,0.14799508371721226,1.756754994392395,0.22,-1.0999999999999999
1775605115.827503,-0.9049790256229114,-1.7605142086353214,-3.1218326745074925,0.13629729133714413,1.6239012065801197,0.14757567554371076,1.717054009437561,0.22,-1.15
1775605115.9274557,-0.9049790256229114,-1.7605142086353214,-3.1218326745074925,0.134309277004118,1.641072173281316,0.20406534352511024,1.6629270315170288,0.22,-1.25
1775605116.0274775,-0.9049790256229114,-1.7605142086353214,-3.1218326745074925,0.13328537426853673,1.6581500368789328,0.20279839314574793,1.6091259717941286,0.22,-1.3
1775605116.1275492,-0.9049790256229114,-1.7605142086353214,-3.1218326745074925,0.13309429875002463,1.6715620690253674,0.10875166380798398,1.5540394783020017,0.22,-1.35
1775605116.227395,-0.95539509504436,-1.756993283885908,2.9718019129027207,0.13375383182288336,1.688404255244647,0.1298810825602663,1.4937560558319094,0.22,-1.4000000000000001
1775605116.3275857,-0.95539509504436,-1.756993283885908,2.9718019129027207,0.13537911577403955,1.7049270595011456,0.1353344505053767,1.4435625076293945,0.22,-1.4500000000000002
1775605116.427549,-0.95539509504436,-1.756993283885908,2.9718019129027207,0.1380386547612927,1.720724218401956,0.1891850798549425,1.3762564659118652,0.22,-1.5000000000000002
1775605116.527601,-0.95539509504436,-1.756993283885908,2.9718019129027207,0.14095005046838835,1.7333237722198556,0.12920133463340908,1.302295446395874,0.22,-1.5500000000000003
1775605116.6274416,-1.007767913308234,-1.7494518608544452,2.74505431372325,0.14557536671052893,1.7484762584778224,0.1256015945689138,1.2409684658050537,0.22,-1.6500000000000004
1775605116.7274902,-1.007767913308234,-1.7494518608544452,2.74505431372325,0.15140057729571743,1.763262578012723,0.19108289643631307,1.1657729148864746,0.22,-1.7000000000000004
1775605116.827493,-1.007767913308234,-1.7494518608544452,2.74505431372325,0.15666465309858188,1.7744054255301465,0.1279758185333403,1.0835094451904297,0.22,-1.7500000000000004
1775605116.9276087,-1.007767913308234,-1.7494518608544452,2.74505431372325,0.16424482345090635,1.7877665886727314,0.12144993598049113,1.0182181596755981,0.22,-1.8000000000000005
1775605117.0274503,-1.0312118777615513,-1.7201152750050175,2.4531700127990614,0.1727029546001459,1.8000390164202005,0.176946995899601,0.933637499809265,0.22,-1.8500000000000005
1775605117.127507,-1.0312118777615513,-1.7201152750050175,2.4531700127990614,0.1798966200917894,1.8089635260311148,0.11708553788208308,0.8429605960845946,0.22,-1.9000000000000006
1775605117.2275617,-1.0312118777615513,-1.7201152750050175,2.4531700127990614,0.1899102564077599,1.8194865117110643,0.1153050522593127,0.7704905271530151,0.22,-1.9500000000000006
1775605117.327577,-1.0312118777615513,-1.7201152750050175,2.4531700127990614,0.20079581356244486,1.8289100150942454,0.17163992675862721,0.6751396656036377,0.22,-2.0000000000000004
1775605117.4275494,-1.0641055625454685,-1.667821567945964,2.1112412999187926,0.20996497815681672,1.835618726326178,0.1139506996708536,0.5810589790344238,0.22,-2.0000000000000004
1775605117.5275776,-1.0641055625454685,-1.667821567945964,2.1112412999187926,0.22166422221141002,1.8427293245454968,0.11189400572701805,0.5038231015205383,0.22,-1.9500000000000004
1775605117.6275008,-1.0641055625454685,-1.667821567945964,2.1112412999187926,0.23423001880838265,1.8487110312452064,0.16923796504730915,0.40590053796768183,0.22,-1.9000000000000004
1775605117.727604,-1.0641055625454685,-1.667821567945964,2.1112412999187926,0.24452357742588424,1.852609294358878,0.11392778504930401,0.31001150608062744,0.22,-1.8500000000000003
1775605117.8274436,-1.0828039936091738,-1.6315546487363048,1.7560909193271652,0.25828773664833976,1.8564793971944549,0.11546426414285275,0.23162341117858887,0.22,-1.7500000000000002
1775605117.9275935,-1.0828039936091738,-1.6315546487363048,1.7560909193271652,0.2725150974715865,1.858998390324405,0.20932265979761538,0.13841336965560916,0.22,-1.7000000000000002
1775605118.0274332,-1.0828039936091738,-1.6315546487363048,1.7560909193271652,0.28422372840742105,1.8601657262932951,0.11730316464330622,0.05129760503768921,0.22,-1.6500000000000001
1775605118.1274922,-1.0828039936091738,-1.6315546487363048,1.7560909193271652,0.29894961490012806,1.8604465234681957,0.11756826217477667,-0.02019447088241577,0.22,-1.6
1775605118.2275467,-1.0802537118067457,-1.5721047338343803,1.4257651829669868,0.3140437434924328,1.8593692651259932,0.1818067378462854,-0.10505738854408264,0.0,0.0
1775605118.3274503,-1.0802537118067457,-1.5721047338343803,1.4257651829669868,0.32589300244275127,1.857677271552041,0.11643344434857794,-0.18687912821769717,0.0,0.0
1775605118.427493,-1.0802537118067457,-1.5721047338343803,1.4257651829669868,0.33997256719087476,1.8546532905212447,0.1040619825297712,-0.23917149752378467,0.0,0.05
1775605118.5275664,-1.0802537118067457,-1.5721047338343803,1.4257651829669868,0.34514839975663536,1.853337287362833,0.040052815719057444,-0.2550060078501702,0.0,0.1
1775605118.6275077,-1.0802537118067457,-1.5721047338343803,1.4257651829669868,0.34593230720304957,1.8531335843007795,0.005026694751576794,-0.2528592199087143,0.0,0.15000000000000002
1775605118.7274427,-1.0802537118067457,-1.5721047338343803,1.4257651829669868,0.3462020694979847,1.8530647035841736,0.0037683240143366287,-0.24820528179407123,0.0,0.2
1775605118.827618,-1.0802537118067457,-1.5721047338343803,1.4257651829669868,0.3463248731793738,1.8530341278064013,0.0010153512599798105,-0.23576337099075317,0.005,0.3
1775605118.9274282,-1.0802537118067457,-1.5721047338343803,1.4257651829669868,0.3465713317298124,1.8529765051853198,0.0015195709160441483,-0.21939712762832642,0.01,0.30000000000000004
1775605119.0274506,-1.0802537118067457,-1.5721047338343803,1.4257651829669868,0.3466457799395543,1.852961567258289,0.0015175636205129776,-0.19261237978935242,0.01,0.30000000000000004
1775605119.1274786,-1.0802537118067457,-1.5721047338343803,1.4257651829669868,0.347244181734156,1.852857146314577,0.009116656856511128,-0.16323758661746976,0.015,0.30000000000000004
1775605119.2275324,-1.0802537118067457,-1.5721047338343803,1.4257651829669868,0.34796994875290155,1.852747589284763,0.007588577332016489,-0.13335555791854858,0.02,0.30000000000000004
1775605119.3275192,-1.0802537118067457,-1.5721047338343803,1.4257651829669868,0.3490251044933046,1.8526184554436371,0.00810689048854719,-0.10803952813148499,0.025,0.30000000000000004
1775605119.42748,-1.0802537118067457,-1.5721047338343803,1.4257651829669868,0.350285731213783,1.8525074777792003,0.016894746508509945,-0.07693648338317871,0.03,0.30000000000000004
1775605119.5274398,-1.0802537118067457,-1.5721047338343803,1.4257651829669868,0.35177610749490545,1.852414370496463,0.015696262997018987,-0.044579595327377326,0.034999999999999996,0.20000000000000007
1775605119.6275265,-1.0802537118067457,-1.5721047338343803,1.4257651829669868,0.3543058015612216,1.8523326507415847,0.02127847596340553,-0.017873436212539673,0.04,0.15000000000000002
1775605119.7275393,-1.0802537118067457,-1.5721047338343803,1.4257651829669868,0.35706460353930974,1.8523301048798575,0.03339040098773333,0.009485900402069092,0.045,0.10000000000000003
1775605119.8274567,-1.0802537118067457,-1.5721047338343803,1.4257651829669868,0.35959523196434034,1.8523760429012612,0.026329709409588255,0.026660561561584476,0.055,2.7755575615628914e-17
1775605119.9274487,-1.0802537118067457,-1.5721047338343803,1.4257651829669868,0.363794642895083,1.8525103844163529,0.03831205524744264,0.03734472393989563,0.06,2.7755575615628914e-17
1775605120.0275354,-1.0802537118067457,-1.5721047338343803,1.4257651829669868,0.3686754910565925,1.8527107452604992,0.06116555639801315,0.04235818982124328,0.065,-0.09999999999999998
1775605120.127425,-1.0802537118067457,-1.5721047338343803,1.4257651829669868,0.37398591644657864,1.8529370242945025,0.062278470505885926,0.04201355576515197,0.07500000000000001,-0.09999999999999998
1775605120.2275002,-1.0802537118067457,-1.5721047338343803,1.4257651829669868,0.3789430579753262,1.8531297766850938,0.05279614958621742,0.03532090783119202,0.08,-0.14999999999999997
1775605120.327466,-1.0802537118067457,-1.5721047338343803,1.4257651829669868,0.38554584997063696,1.8533380140053728,0.054784056032733924,0.02687409520149231,0.08,-0.24999999999999994
1775605120.4275744,-1.0802537118067457,-1.5721047338343803,1.4257651829669868,0.3934666209465233,1.8534884698214225,0.09653985735044192,0.013048410415649414,0.08,-0.29999999999999993
1775605120.5275602,-1.0802537118067457,-1.5721047338343803,1.4257651829669868,0.4003762945244828,1.8535159745644623,0.06006058318701125,-0.00726008415222168,0.085,-0.3
1775605120.6275961,-1.0802537118067457,-1.5721047338343803,1.4257651829669868,0.40887941027866315,1.8533752657364377,0.07050115997026443,-0.027982711791992184,0.09,-0.3
1775605120.727544,-1.0802537118067457,-1.5721047338343803,1.4257651829669868,0.41742520841412034,1.8529834399512353,0.10222606096829481,-0.0582735538482666,0.095,-0.3
1775605120.827549,-1.0802537118067457,-1.5721047338343803,1.4257651829669868,0.42467059468498486,1.852464330085265,0.07495434748964794,-0.08857306838035583,0.105,-0.3
1775605120.9275203,-1.0802537118067457,-1.5721047338343803,1.4257651829669868,0.4344149747523489,1.8514704086288785,0.08137635996531631,-0.12017077207565306,0.10999999999999999,-0.3
1775605121.0274887,-1.0802537118067457,-1.5721047338343803,1.4257651829669868,0.44447705615227756,1.8501418891212962,0.08469399352301397,-0.1442679613828659,0.10999999999999999,-0.25
1775605121.1275191,-1.0802537118067457,-1.5721047338343803,1.4257651829669868,0.45469150078232684,1.8484611236282324,0.12827006039966332,-0.1738099157810211,0.11499999999999999,-0.19999999999999998
1775605121.2275877,-1.0802537118067457,-1.5721047338343803,1.4257651829669868,0.4628005591697708,1.846936655131758,0.0847437077953209,-0.1997043490409851,0.12999999999999998,-0.14999999999999997
1775605121.3274786,-1.0802537118067457,-1.5721047338343803,1.4257651829669868,0.4736750037136832,1.8446546144961906,0.09361918445812768,-0.215011328458786,0.12999999999999998,-0.09999999999999998
1775605121.4274685,-1.0802537118067457,-1.5721047338343803,1.4257651829669868,0.4858631789451184,1.841864814842623,0.1522035320535919,-0.23102773725986483,0.13999999999999999,-0.049999999999999975
1775605121.5274684,-1.0802537118067457,-1.5721047338343803,1.4257651829669868,0.49823727151565417,1.8388704629981314,0.15580893741855859,-0.24152197688817978,0.13999999999999999,2.7755575615628914e-17
1775605121.6276407,-1.0802537118067457,-1.5721047338343803,1.4257651829669868,0.5088950100797676,1.836209829398545,0.11141318293484134,-0.24783836305141452,0.15,0.05000000000000003
1775605121.7275023,-1.0802537118067457,-1.5721047338343803,1.4257651829669868,0.5221432971355864,1.8328496459390962,0.1639925320945822,-0.2488451898097992,0.15,0.10000000000000003
1775605121.8274863,-1.0802537118067457,-1.5721047338343803,1.4257651829669868,0.5368410309763159,1.8291300260470313,0.1850563467426235,-0.2472383007407188,0.16,0.15000000000000002
1775605121.9274426,-1.0802537118067457,-1.5721047338343803,1.4257651829669868,0.549298616948196,1.8260509864899748,0.12984355638283515,-0.23482728004455566,0.165,0.20000000000000004
1775605122.0274866,-1.0290572136326563,-1.337695073579175,1.2453344923885192,0.5655912065023789,1.822249224007535,0.15266392621484406,-0.22103589773178098,0.17,0.20000000000000004
1775605122.127449,-1.0290572136326563,-1.337695073579175,1.2453344923885192,0.5790220349744696,1.8193339339851962,0.1364951195678951,-0.20433065295219419,0.17,0.15000000000000002
1775605122.2275298,-1.0290572136326563,-1.337695073579175,1.2453344923885192,0.5959218694377644,1.8159438832102817,0.13902642515597957,-0.19192545115947726,0.17,0.10000000000000003
1775605122.3274171,-1.0290572136326563,-1.337695073579175,1.2453344923885192,0.6136493853221574,1.8127047162786616,0.21744378244832374,-0.17302055656909943,0.17500000000000002,2.7755575615628914e-17
1775605122.427362,-1.0290572136326563,-1.337695073579175,1.2453344923885192,0.6281808293213292,1.810289996840139,0.14544725587126395,-0.15740282833576202,0.18000000000000002,2.7755575615628914e-17
1775605122.5275352,-1.0290572136326563,-1.337695073579175,1.2453344923885192,0.6462359594164332,1.8074682012978565,0.1457042348782376,-0.15318498015403748,0.18500000000000003,-0.09999999999999998
1775605122.6273956,-1.0290572136326563,-1.337695073579175,1.2453344923885192,0.664096369026435,1.80471197502682,0.2563102492969035,-0.15200568735599518,0.19000000000000003,-0.09999999999999998
1775605122.727474,-1.0290572136326563,-1.337695073579175,1.2453344923885192,0.6789552508401654,1.8024204384806106,0.15611243994277332,-0.1548716425895691,0.20000000000000004,-0.14999999999999997
1775605122.827427,-1.0290572136326563,-1.337695073579175,1.2453344923885192,0.6979567389741071,1.7994252128141743,0.15127483943553258,-0.1593739092350006,0.20000000000000004,-0.19999999999999996
1775605122.9275122,-1.0290572136326563,-1.337695073579175,1.2453344923885192,0.7177346942703042,1.7961578415233672,0.2398570728970692,-0.1670837700366974,0.20500000000000004,-0.19999999999999998
1775605123.0273583,-1.0290572136326563,-1.337695073579175,1.2453344923885192,0.7340057022045646,1.7934030411683954,0.16632083132145792,-0.16962809860706327,0.21000000000000005,-0.14999999999999997
1775605123.1275456,-1.0290572136326563,-1.337695073579175,1.2453344923885192,0.7543328990623062,1.7898919231001822,0.16379692825950137,-0.17197577655315396,0.21500000000000005,-0.09999999999999998
1775605123.2274919,-1.0290572136326563,-1.337695073579175,1.2453344923885192,0.7744868170597463,1.7864185554727894,0.16712893663052772,-0.1697761416435242,0.22,-0.09999999999999998
1775605123.3275368,-1.0290572136326563,-1.337695073579175,1.2453344923885192,0.7911040825886219,1.783586265442695,0.17117566665858389,-0.1658461093902588,0.22,-0.09999999999999998
1775605123.427494,-1.0290572136326563,-1.337695073579175,1.2453344923885192,0.8121612366354416,1.7801428182422143,0.17744152754647372,-0.15613976120948794,0.22,-0.09999999999999998
1775605123.527546,-1.0290572136326563,-1.337695073579175,1.2453344923885192,0.8334933411250874,1.7768157068198365,0.17276411341894435,-0.1522849202156067,0.22,-0.14999999999999997
1775605123.627546,-0.9475936466319668,-1.0726004860918392,1.3272927450723175,0.8542920021248309,1.773683709533398,0.24995314947808422,-0.14625616371631622,0.22,-0.19999999999999996
1775605123.7274928,-0.9475936466319668,-1.0726004860918392,1.3272927450723175,0.8706736926158293,1.7713072387697812,0.15856282932131868,-0.14001661539077756,0.22,-0.29999999999999993
1775605123.8274274,-0.9475936466319668,-1.0726004860918392,1.3272927450723175,0.8912300390364781,1.7684442637285136,0.16816608715565165,-0.13741822540760038,0.22,-0.3
1775605123.9275908,-0.9475936466319668,-1.0726004860918392,1.3272927450723175,0.9119624799977233,1.7655612684844004,0.2340485874584694,-0.14044976234436032,0.22,-0.39999999999999997
1775605124.027499,-0.9475936466319668,-1.0726004860918392,1.3272927450723175,0.9283777403653948,1.7632405316113604,0.16751032661052812,-0.14224478602409363,0.22,-0.4
1775605124.1275558,-0.9475936466319668,-1.0726004860918392,1.3272927450723175,0.9478578575085579,1.7603620934564075,0.15401445482301807,-0.1540748029947281,0.22,-0.45
1775605124.2275114,-0.9475936466319668,-1.0726004860918392,1.3272927450723175,0.9677772919666358,1.757176534138664,0.15954709485434,-0.16484485566616056,0.22,-0.5
1775605124.327556,-0.9475936466319668,-1.0726004860918392,1.3272927450723175,0.9869170092809016,1.753781946599201,0.23027258840042739,-0.18290998041629788,0.22,-0.4
1775605124.4274971,-0.9475936466319668,-1.0726004860918392,1.3272927450723175,1.0021805351003206,1.7508600345497483,0.1529136752521742,-0.19571663439273834,0.22,-0.4
1775605124.5274527,-0.9475936466319668,-1.0726004860918392,1.3272927450723175,1.0220024856736518,1.7468516150294628,0.16187746109214993,-0.20523107051849368,0.22,-0.35000000000000003
1775605124.6274936,-0.9475936466319668,-1.0726004860918392,1.3272927450723175,1.0412987049644442,1.7426787775185648,0.23320013930242853,-0.21679720282554626,0.22,-0.30000000000000004
1775605124.7275107,-0.9475936466319668,-1.0726004860918392,1.3272927450723175,1.0571772161208506,1.7391094622475218,0.1617138275844691,-0.22477614879608157,0.22,-0.30000000000000004
1775605124.827495,-0.9475936466319668,-1.0726004860918392,1.3272927450723175,1.076707354905876,1.7345909471214105,0.16626756390749137,-0.23225872218608856,0.22,-0.30000000000000004
1775605124.9274278,-0.9475936466319668,-1.0726004860918392,1.3272927450723175,1.0966664265993311,1.729796102199174,0.16657071106241528,-0.2393544837832451,0.22,-0.35000000000000003
1775605125.0273879,-0.9475936466319668,-1.0726004860918392,1.3272927450723175,1.1124847133813998,1.7258625388932125,0.1632515810547424,-0.24903710186481473,0.22,-0.4
1775605125.1273699,-0.9475936466319668,-1.0726004860918392,1.3272927450723175,1.1326323533092022,1.7206726435802349,0.16589183617652128,-0.2569054216146469,0.22,-0.45
1775605125.2273922,-0.8483077441333163,-0.7741640544792312,1.1966793874871753,1.1521485979853676,1.715469725638937,0.18315419857975157,-0.2662092372775078,0.22,-0.5
1775605125.3274052,-0.8483077441333163,-0.7741640544792312,1.1966793874871753,1.1710001257755014,1.710140432027613,0.23993612196508127,-0.2811637297272682,0.22,-0.55
1775605125.427466,-0.8483077441333163,-0.7741640544792312,1.1966793874871753,1.1858046214951274,1.7057583188409084,0.1594571092251232,-0.2947002798318863,0.22,-0.6
1775605125.527478,-0.8483077441333163,-0.7741640544792312,1.1966793874871753,1.20467367001734,1.699951805324031,0.16332271162917006,-0.30638233944773674,0.22,-0.6
1775605125.627447,-0.8483077441333163,-0.7741640544792312,1.1966793874871753,1.2228838356372538,1.6940756026158468,0.17305100148199523,-0.3193775452673435,0.22,-0.6
1775605125.72757,-0.8483077441333163,-0.7741640544792312,1.1966793874871753,1.240789244312712,1.6878484531943685,0.2202610806350874,-0.34421442449092865,0.22,-0.6
1775605125.8274338,-0.8483077441333163,-0.7741640544792312,1.1966793874871753,1.2549129985283907,1.6826223648955063,0.14503846837591372,-0.3662953251041472,0.22,-0.5
1775605125.927562,-0.8483077441333163,-0.7741640544792312,1.1966793874871753,1.2726961376273496,1.6756966199670047,0.1522781609481198,-0.3778712283819914,0.22,-0.5
1775605126.027488,-0.8483077441333163,-0.7741640544792312,1.1966793874871753,1.2901081165827117,1.6685254668318112,0.2585394247500695,-0.3992782980203628,0.22,-0.5
1775605126.127643,-0.8483077441333163,-0.7741640544792312,1.1966793874871753,1.307480319582048,1.6609365190664551,0.2225797749477595,-0.4195946864783764,0.22,-0.45
1775605126.2275288,-0.8483077441333163,-0.7741640544792312,1.1966793874871753,1.3216380558166254,1.6545277991831298,0.1513396770991568,-0.4313370734453201,0.22,-0.35000000000000003
1775605126.3276405,-0.8483077441333163,-0.7741640544792312,1.1966793874871753,1.3395640104512627,1.6461960093641381,0.15351362972819305,-0.43870483338832855,0.22,-0.30000000000000004
1775605126.4274442,-0.8483077441333163,-0.7741640544792312,1.1966793874871753,1.3577291068192159,1.6375403124199501,0.24163369557278236,-0.44961862266063696,0.22,-0.25000000000000006
1775605126.527456,-0.8483077441333163,-0.7741640544792312,1.1966793874871753,1.3724722498254402,1.6303540896696693,0.16481130831330604,-0.4587142467498779,0.22,-0.20000000000000007
1775605126.6273909,-0.7256041543045704,-0.5456357736721194,0.9885771974034381,1.3905670379118569,1.6213799817279981,0.16410706337576145,-0.4622973650693893,0.22,-0.20000000000000004
1775605126.727359,-0.7256041543045704,-0.5456357736721194,0.9885771974034381,1.409447859426754,1.611883821557918,0.2518455724531538,-0.4694138914346695,0.22,-0.20000000000000004
1775605126.8273726,-0.7256041543045704,-0.5456357736721194,0.9885771974034381,1.4245134261328227,1.6042096216565307,0.1657911829072921,-0.4728715047240257,0.22,-0.20000000000000004
1775605126.9274962,-0.7256041543045704,-0.5456357736721194,0.9885771974034381,1.4433420453273087,1.5945547104364735,0.17158721861286674,-0.4750066995620728,0.22,-0.20000000000000004
1775605127.0276015,-0.7256041543045704,-0.5456357736721194,0.9885771974034381,1.4617028536760188,1.5850969849311782,0.2537768141563352,-0.4762070327997208,0.22,-0.20000000000000004
1775605127.127538,-0.7256041543045704,-0.5456357736721194,0.9885771974034381,1.476624085889468,1.5773086369246427,0.1696691556877059,-0.48522405326366425,0.22,-0.15000000000000002
1775605127.227629,-0.7256041543045704,-0.5456357736721194,0.9885771974034381,1.4949984248264687,1.56760321988319,0.16737219579150825,-0.4855915009975433,0.22,-0.10000000000000003
1775605127.3276355,-0.7256041543045704,-0.5456357736721194,0.9885771974034381,1.5134628138179411,1.5578515179569177,0.2573470462893276,-0.48640380799770355,0.22,-0.10000000000000003
1775605127.427571,-0.7256041543045704,-0.5456357736721194,0.9885771974034381,1.5320985567025835,1.5479906974396243,0.25781549829710976,-0.4866562932729721,0.22,-0.05000000000000003
1775605127.5276408,-0.7256041543045704,-0.5456357736721194,0.9885771974034381,1.5470924496968763,1.5400144141817274,0.17220155426559985,-0.49106399714946747,0.22,-2.7755575615628914e-17
1775605127.6276336,-0.7256041543045704,-0.5456357736721194,0.9885771974034381,1.5662457613927492,1.5298330282845436,0.2608447653456651,-0.48602887988090515,0.22,0.049999999999999975
1775605127.7276418,-0.7256041543045704,-0.5456357736721194,0.9885771974034381,1.5815359646755212,1.5217672429040903,0.17516372800978908,-0.4847274720668793,0.22,0.09999999999999998
1775605127.827575,-0.7256041543045704,-0.5456357736721194,0.9885771974034381,1.6010688388599215,1.5114371903028507,0.17804470364825403,-0.48723024129867554,0.22,0.14999999999999997
1775605127.9274886,-0.7256041543045704,-0.5456357736721194,0.9885771974034381,1.6201507888763633,1.5013372920555184,0.2556335333472214,-0.4867366552352905,0.22,0.19999999999999996
1775605128.0276444,-0.7256041543045704,-0.5456357736721194,0.9885771974034381,1.6359313765395969,1.4930076760086646,0.1765182749104984,-0.48455358296632767,0.22,0.19999999999999998
1775605128.1275413,-0.7256041543045704,-0.5456357736721194,0.9885771974034381,1.6549971240258006,1.4829855661164555,0.16790547890069177,-0.4828081727027893,0.22,0.19999999999999998
1775605128.2276053,-0.5385296260026115,-0.30406531452572017,0.9673147255545209,1.6736894078546412,1.4732872432530677,0.24930143431383106,-0.47638779133558273,0.22,0.19999999999999998
1775605128.3275473,-0.5385296260026115,-0.30406531452572017,0.9673147255545209,1.6930725109203624,1.4634382962504973,0.2587433106928826,-0.4663206785917282,0.0,0.0
1775605128.4275699,-0.5385296260026115,-0.30406531452572017,0.9673147255545209,1.708422666015279,1.4557662703204026,0.1720018739802884,-0.4610791727900505,0.0,0.0
1775605128.527639,-0.5385296260026115,-0.30406531452572017,0.9673147255545209,1.7203816540262413,1.4498582950998127,0.0702730572503482,-0.45628818869590765,0.0,0.0
1775605128.6274636,-0.5385296260026115,-0.30406531452572017,0.9673147255545209,1.7225862125989044,1.4487777318823076,0.01467178675508125,-0.45540679991245275,0.0,0.0
1775605128.727472,-0.5385296260026115,-0.30406531452572017,0.9673147255545209,1.72269985959612,1.4487220530614915,0.0010124112559114782,-0.455609992146492,0.0,0.0
1775605128.8276532,-0.5385296260026115,-0.30406531452572017,0.9673147255545209,1.72269985959612,1.4487220530614915,0.0,-0.45560981333255773,0.0,0.05
1775605128.9274719,-0.5385296260026115,-0.30406531452572017,0.9673147255545209,1.72269985959612,1.4487220530614915,0.0,-0.4556186124682426,0.0,0.1
1775605129.0275104,-0.5385296260026115,-0.30406531452572017,0.9673147255545209,1.7226998573939474,1.4487220485661714,-0.0004348525309584669,-0.45522306859493256,0.0,0.15000000000000002
1775605129.127472,-0.5385296260026115,-0.30406531452572017,0.9673147255545209,1.7227908335855038,1.4486776253655178,0.0005019407358777036,-0.45189540833234787,0.0,0.2
1775605129.2275603,-0.5385296260026115,-0.30406531452572017,0.9673147255545209,1.7229049433137646,1.4486229021992647,0.0009965096674580448,-0.4409038573503494,0.0,0.25
1775605129.3274646,-0.5385296260026115,-0.30406531452572017,0.9673147255545209,1.7230429238978868,1.4485594707913239,0.0014018358972028846,-0.421814002096653,0.0,0.3
1775605129.4274442,-0.5385296260026115,-0.30406531452572017,0.9673147255545209,1.7230429238978868,1.4485594707913239,0.0,-0.39542990550398827,0.0,0.35000000000000003
1775605129.527635,-0.5385296260026115,-0.30406531452572017,0.9673147255545209,1.7230428058296898,1.4485591781749414,-0.0005061856643125568,-0.37049653287976975,0.0,0.4
1775605129.627533,-0.5385296260026115,-0.30406531452572017,0.9673147255545209,1.7231378424929586,1.4485242870567765,0.0010115778909156662,-0.33660085499286657,0.005,0.4
1775605129.7273827,-0.5385296260026115,-0.30406531452572017,0.9673147255545209,1.7232341112097191,1.448492954495787,0.0015191472096729012,-0.29847727715969086,0.01,0.4
1775605129.8274717,-0.5385296260026115,-0.30406531452572017,0.9673147255545209,1.7232098612242734,1.4485002049474975,0.0,-0.266976535320282,0.015,0.4
1775605129.927384,-0.5385296260026115,-0.30406531452572017,0.9673147255545209,1.7237755343548535,1.4483627900180427,0.008973490935882716,-0.22552746534347537,0.02,0.4
1775605130.0274706,-0.4935536910953883,-0.24612622321701283,1.248129381288398,1.724519391870629,1.448210526613316,0.006956421318622346,-0.18476365506649017,0.025,0.30000000000000004
1775605130.1274974,-0.4935536910953883,-0.24612622321701283,1.248129381288398,1.7261166023461514,1.4479409148489866,0.014154755411051346,-0.14524373412132266,0.03,0.30000000000000004
1775605130.227583,-0.4935536910953883,-0.24612622321701283,1.248129381288398,1.7279991173748805,1.4476969705874312,0.02379613240470399,-0.11627566814422607,0.034999999999999996,0.20000000000000007
1775605130.3274581,-0.4935536910953883,-0.24612622321701283,1.248129381288398,1.7299131891588968,1.447506168277375,0.01968131972923768,-0.0863155722618103,0.039999999999999994,0.20000000000000004
1775605130.427555,-0.4935536910953883,-0.24612622321701283,1.248129381288398,1.7325128973561432,1.4473121417867232,0.021242099116130703,-0.05823096632957459,0.04,0.15000000000000002
1775605130.5274312,-0.4935536910953883,-0.24612622321701283,1.248129381288398,1.7355213770261235,1.4471679781071902,0.027357966597092363,-0.03755599260330201,0.04,0.05000000000000003
1775605130.6275713,-0.4935536910953883,-0.24612622321701283,1.248129381288398,1.739392501696171,1.4470646165197092,0.04958590270222683,-0.020965546369552612,0.045,2.7755575615628914e-17
1775605130.727501,-0.4935536910953883,-0.24612622321701283,1.248129381288398,1.7425559609950463,1.4470163332095156,0.031454810257317084,-0.011942952871322632,0.05499999999999999,2.7755575615628914e-17
1775605130.827489,-0.4935536910953883,-0.24612622321701283,1.248129381288398,1.7469091449240506,1.4469693716242467,0.03546710048514804,-0.009436607360839844,0.05999999999999999,-0.049999999999999975
1775605130.92743,-0.4935536910953883,-0.24612622321701283,1.248129381288398,1.7519204452311474,1.4469228868376358,0.040987723456824,-0.009522169828414917,0.065,-0.09999999999999998
1775605131.0274956,-0.4935536910953883,-0.24612622321701283,1.248129381288398,1.757235292693189,1.4468582078353818,0.06781370044225156,-0.014041244983673096,0.07,-0.14999999999999997
1775605131.127527,-0.4935536910953883,-0.24612622321701283,1.248129381288398,1.7620435548387645,1.4467728683817804,0.05018599753770277,-0.022603988647460938,0.07500000000000001,-0.19999999999999998
1775605131.2276282,-0.4935536910953883,-0.24612622321701283,1.248129381288398,1.7689759931331266,1.4465808374257483,0.056573359953791764,-0.03469276428222657,0.08,-0.19999999999999998
1775605131.3274689,-0.4935536910953883,-0.24612622321701283,1.248129381288398,1.7762323980331935,1.446246763730195,0.08712457832049789,-0.05336669087409974,0.08,-0.14999999999999997
1775605131.427428,-0.4935536910953883,-0.24612622321701283,1.248129381288398,1.7839355889317319,1.445742609026065,0.086149095999994,-0.07294100522994994,0.08,-0.09999999999999998
1775605131.5274715,-0.4935536910953883,-0.24612622321701283,1.248129381288398,1.790419514119851,1.4452220098084212,0.06388108419788645,-0.08941265940666199,0.085,2.7755575615628914e-17
1775605131.6275318,-0.4935536910953883,-0.24612622321701283,1.248129381288398,1.7988861991921716,1.4444223151575342,0.06876670174894854,-0.09890031814575195,0.09,2.7755575615628914e-17
1775605131.7274184,-0.4935536910953883,-0.24612622321701283,1.248129381288398,1.8074223276300478,1.443552605522703,0.10401587567294328,-0.10239350795745851,0.09999999999999999,0.05000000000000003
1775605131.827481,-0.4935536910953883,-0.24612622321701283,1.248129381288398,1.814698517625307,1.4428021470804382,0.07370596772409714,-0.10245886445045473,0.09999999999999999,0.10000000000000003
1775605131.9274397,-0.4935536910953883,-0.24612622321701283,1.248129381288398,1.8243433523625476,1.4418271552333308,0.0788676337515824,-0.09943997859954834,0.10999999999999999,0.15000000000000002
1775605132.0275915,-0.4935536910953883,-0.24612622321701283,1.248129381288398,1.834598417539727,1.4408508795862895,0.12686656731267545,-0.091627299785614,0.10999999999999999,0.2
1775605132.1276066,-0.4935536910953883,-0.24612622321701283,1.248129381288398,1.8430190749626978,1.4401036682342832,0.0855221592915799,-0.08195033669471741,0.11499999999999999,0.20000000000000004
1775605132.227466,-0.4935536910953883,-0.24612622321701283,1.248129381288398,1.8535181024926126,1.43930735978277,0.0876309446998517,-0.06792116165161133,0.11999999999999998,0.20000000000000004
1775605132.3275888,-0.4935536910953883,-0.24612622321701283,1.248129381288398,1.8649404546482915,1.438666830794059,0.1389337108404956,-0.048200368881225586,0.12499999999999999,0.20000000000000004
1775605132.4274423,-0.4935536910953883,-0.24612622321701283,1.248129381288398,1.8763985150658926,1.4382512928797861,0.14034125035578857,-0.02734938263893127,0.13499999999999998,0.20000000000000004
1775605132.5275407,-0.4935536910953883,-0.24612622321701283,1.248129381288398,1.8865716245134014,1.4380687581547036,0.101972739010662,-0.005701512098312378,0.13999999999999999,0.15000000000000002
1775605132.6274455,-0.4935536910953883,-0.24612622321701283,1.248129381288398,1.8996571779701565,1.4380783342917394,0.10469475716949395,0.007446855306625365,0.13999999999999999,0.05000000000000003
1775605132.7274623,-0.4935536910953883,-0.24612622321701283,1.248129381288398,1.913120550875803,1.4383002270419059,0.16596741701738688,0.02196139097213745,0.145,2.7755575615628914e-17
1775605132.8274117,-0.44381068934145335,-0.07226250307320516,1.446013934751453,1.9241779615447405,1.4385723110053281,0.11044112537253437,0.027917951345443722,0.15,2.7755575615628914e-17
1775605132.927554,-0.44381068934145335,-0.07226250307320516,1.446013934751453,1.9389278239668999,1.4390022635216435,0.11936898000477841,0.03032594919204712,0.16,-0.049999999999999975
1775605133.027426,-0.44381068934145335,-0.07226250307320516,1.446013934751453,1.9547646713766815,1.4394943014901171,0.17039282397912145,0.031341552734375,0.165,-0.09999999999999998
1775605133.127525,-0.44381068934145335,-0.07226250307320516,1.446013934751453,1.9678191415883342,1.439884637020594,0.12778458834057013,0.026481539011001587,0.17,-0.14999999999999997
1775605133.2274337,-0.44381068934145335,-0.07226250307320516,1.446013934751453,1.9845448472207008,1.4402780571096545,0.12952962800520534,0.018488824367523193,0.17,-0.24999999999999994
1775605133.3275225,-0.44381068934145335,-0.07226250307320516,1.446013934751453,2.002210318017124,1.4404953757090149,0.215305753742904,0.008574903011322021,0.17500000000000002,-0.29999999999999993
1775605133.4275265,-0.44381068934145335,-0.07226250307320516,1.446013934751453,2.016687903669623,1.440509706890213,0.14534651894762327,-0.0077013373374938965,0.18000000000000002,-0.3
1775605133.527518,-0.44381068934145335,-0.07226250307320516,1.446013934751453,2.0346054513123515,1.440228027701219,0.13684880842461197,-0.02736419439315796,0.18500000000000003,-0.39999999999999997
1775605133.6274664,-0.44381068934145335,-0.07226250307320516,1.446013934751453,2.052606372083928,1.4393855598431986,0.21215406273423368,-0.0601632297039032,0.19000000000000003,-0.45
1775605133.7273939,-0.44381068934145335,-0.07226250307320516,1.446013934751453,2.071151157678394,1.4379175717450086,0.22056404071140948,-0.0916779935359955,0.19000000000000003,-0.5
1775605133.827467,-0.44381068934145335,-0.07226250307320516,1.446013934751453,2.0865297961816065,1.436291758542248,0.15636418873688673,-0.12352490425109863,0.20000000000000004,-0.55
1775605133.9273968,-0.44381068934145335,-0.07226250307320516,1.446013934751453,2.105338951336734,1.4337315086590594,0.15492419918581435,-0.15034572780132294,0.20000000000000004,-0.6
1775605134.027451,-0.38398054158276734,0.10844887490671223,1.2334993696850345,2.124338201901898,1.4304184695709896,0.23013432889670754,-0.18739399313926697,0.20500000000000004,-0.6
1775605134.127516,-0.38398054158276734,0.10844887490671223,1.2334993696850345,2.1393327347174864,1.4273147930504844,0.1516960450270642,-0.22252167761325836,0.21000000000000005,-0.65
1775605134.227487,-0.38398054158276734,0.10844887490671223,1.2334993696850345,2.158198212004753,1.4228454861652833,0.15539829037048572,-0.24657248705625534,0.21500000000000005,-0.7999999999999999
1775605134.3273973,-0.38398054158276734,0.10844887490671223,1.2334993696850345,2.1735055220689166,1.4187567933857594,0.15770005748530247,-0.27919980138540273,0.22,-0.7999999999999999
1775605134.4276543,-0.38398054158276734,0.10844887490671223,1.2334993696850345,2.1921008996237217,1.4131826198347681,0.15481534797771726,-0.30630744993686676,0.22,-0.8999999999999999
1775605134.5274246,-0.38398054158276734,0.10844887490671223,1.2334993696850345,2.209935894054198,1.4070632817555986,0.22762961423838268,-0.345568623393774,0.22,-0.8999999999999999
1775605134.6274717,-0.38398054158276734,0.10844887490671223,1.2334993696850345,2.2273870563054303,1.4002639449979262,0.21004463732362633,-0.38667807728052134,0.22,-0.9999999999999999
1775605134.7275107,-0.38398054158276734,0.10844887490671223,1.2334993696850345,2.2408071033983123,1.3945051853044943,0.1461615382669758,-0.4287632331252098,0.22,-0.9999999999999999
1775605134.8274603,-0.31660220042360465,0.2114843164239183,0.9516608783974677,2.257038741811,1.386736047464271,0.13805776791489843,-0.4661424085497856,0.22,-1.0499999999999998
1775605134.9276004,-0.31660220042360465,0.2114843164239183,0.9516608783974677,2.272600244731429,1.378321216205102,0.24647437700228986,-0.5142544358968735,0.22,-1.0999999999999999
1775605135.027581,-0.31660220042360465,0.2114843164239183,0.9516608783974677,2.287626728100582,1.3692266234203168,0.21624935835779807,-0.5634109675884246,0.22,-1.0999999999999999
1775605135.127495,-0.31660220042360465,0.2114843164239183,0.9516608783974677,2.2996914516504874,1.3612256143390062,0.1438088190866505,-0.611634224653244,0.22,-1.0499999999999998
1775605135.2275338,-0.31660220042360465,0.2114843164239183,0.9516608783974677,2.3138997334964375,1.3508985485909433,0.1431370406281164,-0.6499500572681427,0.22,-0.9999999999999999
1775605135.3274195,-0.31660220042360465,0.2114843164239183,0.9516608783974677,2.327945173532482,1.3395290148910959,0.2152413991707819,-0.7005482316017151,0.22,-0.9499999999999998
1775605135.427525,-0.2407279467592657,0.2609261404548632,0.6620015733158012,2.3387866089532947,1.3299737689451314,0.143921671939148,-0.7504251599311829,0.22,-0.8999999999999999
1775605135.5274885,-0.2407279467592657,0.2609261404548632,0.6620015733158012,2.3519154566383733,1.3172996534052281,0.147088403372359,-0.7866742014884949,0.22,-0.8999999999999999
1775605135.6275592,-0.2407279467592657,0.2609261404548632,0.6620015733158012,2.364437175283094,1.3040605474718994,0.22250261502321256,-0.8291904926300049,0.22,-0.8999999999999999
1775605135.7275608,-0.2407279467592657,0.2609261404548632,0.6620015733158012,2.3742745761603725,1.2929611457794683,0.14658752043043935,-0.8662641644477844,0.22,-0.8999999999999999
1775605135.8275921,-0.2407279467592657,0.2609261404548632,0.6620015733158012,2.385886470522526,1.278785923534266,0.15132267955651946,-0.9048477411270143,0.22,-0.8999999999999999
1775605135.9275093,-0.2407279467592657,0.2609261404548632,0.6620015733158012,2.396970134183709,1.263940662343061,0.2218372740565542,-0.9466291666030883,0.22,-0.8999999999999999
1775605136.0275576,-0.16747255587099227,0.2964345799879851,0.43575688109625865,2.4052511867990463,1.251912297441517,0.15213760700691972,-0.9918372035026551,0.22,-0.8999999999999999
1775605136.1275613,-0.16747255587099227,0.2964345799879851,0.43575688109625865,2.415163955315204,1.2363203343151117,0.1452109810908895,-1.0230857133865356,0.22,-0.8999999999999999
1775605136.2274897,-0.16747255587099227,0.2964345799879851,0.43575688109625865,2.424429663849341,1.220189910754174,0.22333343905215053,-1.067481279373169,0.22,-0.8999999999999999
1775605136.3274944,-0.16747255587099227,0.2964345799879851,0.43575688109625865,2.4327953232013053,1.2039725884673966,0.22249129753765864,-1.1126397848129272,0.22,-0.8999999999999999
1775605136.4275131,-0.16747255587099227,0.2964345799879851,0.43575688109625865,2.4388870499207687,1.1909793834763376,0.14835301941862247,-1.155172348022461,0.22,-0.8999999999999999
1775605136.527612,-0.16747255587099227,0.2964345799879851,0.43575688109625865,2.445967028299183,1.1742154321151124,0.14218646416835512,-1.1907875537872314,0.22,-0.8999999999999999
1775605136.6276364,-0.07376833381980173,0.3237818701767776,0.17926437617357097,2.452388425290979,1.1569451947006522,0.22481314231332156,-1.2284581065177917,0.22,-0.8999999999999999
1775605136.7276483,-0.07376833381980173,0.3237818701767776,0.17926437617357097,2.4580731582477733,1.1395786417286893,0.22234215905087956,-1.2717313170433044,0.22,-0.8999999999999999
1775605136.827581,-0.07376833381980173,0.3237818701767776,0.17926437617357097,2.461964419367024,1.1260027940255517,0.1400574556763547,-1.3154520392417908,0.22,-0.8999999999999999
1775605136.927568,-0.07376833381980173,0.3237818701767776,0.17926437617357097,2.466292337003131,1.1083532394040863,0.14292224279292706,-1.3495734333992004,0.22,-0.8999999999999999
1775605137.0276453,-0.07376833381980173,0.3237818701767776,0.17926437617357097,2.469868761061582,1.0903816614448982,0.21650355373666863,-1.3910417556762693,0.22,-0.8999999999999999
1775605137.1274514,-0.07376833381980173,0.3237818701767776,0.17926437617357097,2.47271731202073,1.0721267749315007,0.2180605083525003,-1.4333913326263428,0.22,-0.8999999999999999
1775605137.2275767,0.021002247448315865,0.3245964334945953,-0.05137028074278277,2.474426561784434,1.0579040565812587,0.13695832780752806,-1.475481986999512,0.22,-0.8999999999999999
1775605137.327394,0.021002247448315865,0.3245964334945953,-0.05137028074278277,2.475876577035099,1.0396373244260904,0.14625211646049652,-1.5124160051345825,0.22,-0.8999999999999999
1775605137.427375,0.021002247448315865,0.3245964334945953,-0.05137028074278277,2.476532402930196,1.0212489380418082,0.25445737714652095,-1.5502495765686037,0.22,-0.8999999999999999
1775605137.5274262,0.021002247448315865,0.3245964334945953,-0.05137028074278277,2.4764427226230987,1.0029252007042022,0.3006204317047914,-1.5928699970245364,0.22,-0.8999999999999999
1775605137.6276538,0.021002247448315865,0.3245964334945953,-0.05137028074278277,2.4758601089429866,0.9880546327410028,0.14652735347752277,-1.6318598985671997,0.22,-0.8999999999999999
1775605137.727541,0.021002247448315865,0.3245964334945953,-0.05137028074278277,2.4744656710436566,0.9702405864958398,0.15096294800404803,-1.6704925298690798,0.22,-0.8999999999999999
1775605137.8275738,0.12526041629303908,0.3129754024264357,-0.30293833513955815,2.4721278223462497,0.9517602140476498,0.27011044537489093,-1.712849736213684,0.22,-0.8999999999999999
1775605137.927553,0.12526041629303908,0.3129754024264357,-0.30293833513955815,2.469799501707413,0.9374460502245464,0.1499093428877424,-1.7531452178955078,0.22,-0.8999999999999999
1775605138.0276346,0.12526041629303908,0.3129754024264357,-0.30293833513955815,2.466243516715931,0.9198059268039096,0.14295103306185303,-1.7946408987045288,0.22,-0.8999999999999999
1775605138.1275518,0.12526041629303908,0.3129754024264357,-0.30293833513955815,2.4619277276176708,0.9020751863008476,0.1477474433078662,-1.8269822597503662,0.22,-0.8999999999999999
1775605138.2274454,0.12526041629303908,0.3129754024264357,-0.30293833513955815,2.4567845279667937,0.8843297880875027,0.21998180124833397,-1.8713594675064087,0.22,-0.8999999999999999
1775605138.3275452,0.12526041629303908,0.3129754024264357,-0.30293833513955815,2.4520712689456805,0.8701340215938892,0.1504899955478245,-1.9141329526901245,0.22,-0.8999999999999999
1775605138.427577,0.12526041629303908,0.3129754024264357,-0.30293833513955815,2.445494004085382,0.8524623762138948,0.1520348259203523,-1.9436838626861572,0.22,-0.8999999999999999
1775605138.527522,0.21619021669592128,0.2678250704313201,-0.5405500688622284,2.438381045215791,0.835630317356959,0.2263569738002792,-1.9877452850341797,0.22,-0.8999999999999999
1775605138.6273973,0.21619021669592128,0.2678250704313201,-0.5405500688622284,2.4320906487426535,0.822059483963226,0.14985345139290715,-2.028803825378418,0.22,-0.8999999999999999
1775605138.7274349,0.21619021669592128,0.2678250704313201,-0.5405500688622284,2.423774292841919,0.8058448143984994,0.14370435708149124,-2.0648348331451416,0.22,-0.8999999999999999
1775605138.8275287,0.21619021669592128,0.2678250704313201,-0.5405500688622284,2.4144999596294308,0.7895441564180063,0.22629354408920263,-2.104741096496582,0.22,-0.8999999999999999
1775605138.9274275,0.21619021669592128,0.2678250704313201,-0.5405500688622284,2.4066367109978306,0.7767305804997657,0.15036582449867117,-2.141624093055725,0.22,-0.8999999999999999
1775605139.027451,0.21619021669592128,0.2678250704313201,-0.5405500688622284,2.396447448486187,0.7614092087650817,0.1492865348423573,-2.1776416301727295,0.22,-0.8999999999999999
1775605139.127479,0.3046969355487282,0.21540269111453778,-0.7695446290528966,2.3854944506493343,0.7464672886889494,0.2221439303646228,-2.2195637226104736,0.22,-0.8999999999999999
1775605139.2274818,0.3046969355487282,0.21540269111453778,-0.7695446290528966,2.376363155824724,0.7349091804994409,0.1474868749808646,-2.2638779878616333,0.22,-0.8999999999999999
1775605139.3275063,0.3046969355487282,0.21540269111453778,-0.7695446290528966,2.364347829090614,0.7209067607384566,0.15189592214536624,-2.296295404434204,0.22,-0.8999999999999999
1775605139.4273891,0.3046969355487282,0.21540269111453778,-0.7695446290528966,2.352105008963741,0.7077875952277408,0.21519261803586548,-2.3381141424179077,0.22,-0.8999999999999999
1775605139.527408,0.3046969355487282,0.21540269111453778,-0.7695446290528966,2.3392168442881216,0.6950846316443859,0.21423760379908421,-2.3810518980026245,0.22,-0.8999999999999999
1775605139.6274724,0.3046969355487282,0.21540269111453778,-0.7695446290528966,2.3281981654807344,0.6850066918193572,0.14791718713745672,-2.42542827129364,0.22,-0.8999999999999999
1775605139.727588,0.35988787687799084,0.14337335639595697,-1.01343684890707,2.31415708709944,0.6731146954203334,0.14575281208121849,-2.4572614431381226,0.22,-0.8999999999999999
1775605139.8276002,0.35988787687799084,0.14337335639595697,-1.01343684890707,2.2992884229392585,0.6616019396399386,0.22291446696273287,-2.4999436140060425,0.22,-0.8999999999999999
1775605139.9275568,0.35988787687799084,0.14337335639595697,-1.01343684890707,2.287077557620485,0.6527887636676726,0.1494054215270712,-2.5393701791763306,0.22,-0.8999999999999999
1775605140.0276387,0.35988787687799084,0.14337335639595697,-1.01343684890707,2.2716206295747665,0.642529179240097,0.1479330684319217,-2.576353907585144,0.22,-0.8999999999999999
1775605140.1274636,0.35988787687799084,0.14337335639595697,-1.01343684890707,2.255826120828758,0.6330411856360675,0.22082460991561031,-2.618144392967224,0.22,-0.8999999999999999
1775605140.2276409,0.35988787687799084,0.14337335639595697,-1.01343684890707,2.2428436017030693,0.6258703703966895,0.14793400248817412,-2.659641146659851,0.22,-0.8999999999999999
1775605140.327552,0.41120411501416637,0.04795779704418984,-1.2603023227614623,2.225982283628582,0.617373831666819,0.15224221781466882,-2.694539189338684,0.22,-0.8999999999999999
1775605140.4275951,0.41120411501416637,0.04795779704418984,-1.2603023227614623,2.2089922289793105,0.60973646387342,0.22136646814388095,-2.735913634300232,0.22,-0.8999999999999999
1775605140.5275044,0.41120411501416637,0.04795779704418984,-1.2603023227614623,2.1951049790799844,0.6041122161321743,0.14989674567208455,-2.7822874784469604,0.22,-0.8999999999999999
1775605140.6276426,0.41120411501416637,0.04795779704418984,-1.2603023227614623,2.1775651002169427,0.597838710277565,0.14888051617254885,-2.815487504005432,0.22,-0.8999999999999999
1775605140.727564,0.41120411501416637,0.04795779704418984,-1.2603023227614623,2.1633584103826347,0.5933226598929394,0.14950921625031618,-2.856660008430481,0.22,-0.8999999999999999
1775605140.8276458,0.41120411501416637,0.04795779704418984,-1.2603023227614623,2.145657974509577,0.5884862783448189,0.14998427406358986,-2.8984822034835815,0.22,-0.8999999999999999
1775605140.927634,0.4258946277868648,-0.03865180156278017,-1.5039510068352189,2.1279973753987593,0.5844242901114461,0.14788143709932577,-2.935202956199646,0.22,-0.8999999999999999
1775605141.0276427,0.4258946277868648,-0.03865180156278017,-1.5039510068352189,2.1102667455758293,0.5812066629957856,0.22242503274831268,-2.978272795677185,0.22,-0.8999999999999999
1775605141.1276417,0.4258946277868648,-0.03865180156278017,-1.5039510068352189,2.0958638696600964,0.5791227881880592,0.14944361689520452,-3.020154595375061,0.22,-0.8999999999999999
1775605141.2275503,0.4258946277868648,-0.03865180156278017,-1.5039510068352189,2.0772929562798357,0.5771186613316832,0.14897010632361835,-3.051390290260315,0.22,-0.8999999999999999
1775605141.3276427,0.4258946277868648,-0.03865180156278017,-1.5039510068352189,2.0588810577056096,0.5759271632690948,0.21770961002502162,-3.09536612033844,0.22,-0.8999999999999999
1775605141.4275694,0.4258946277868648,-0.03865180156278017,-1.5039510068352189,2.0440556550498243,0.575510765794066,0.14740159122805924,-3.137250542640686,0.22,-0.8999999999999999
1775605141.527573,0.42138526335252635,-0.12225021932758577,-1.7368099888498674,2.0254552849992677,0.5757749694825275,0.15050543417073667,3.1014494339572356,0.22,-0.8999999999999999
1775605141.6274943,0.42138526335252635,-0.12225021932758577,-1.7368099888498674,2.006681155791898,0.5768567894871137,0.22681547222300957,3.069685880337851,0.22,-0.8999999999999999
1775605141.727584,0.42138526335252635,-0.12225021932758577,-1.7368099888498674,1.9885941153498794,0.5786130351895323,0.22376704058930155,3.0272731224643157,0.22,-0.8999999999999999
1775605141.8275092,0.42138526335252635,-0.12225021932758577,-1.7368099888498674,1.9737673230067956,0.5805887066134561,0.1489395145137979,2.986600820218222,0.22,-0.8999999999999999
1775605141.927554,0.42138526335252635,-0.12225021932758577,-1.7368099888498674,1.9558346660343426,0.5836830995124805,0.14942632743151932,2.9507767597781585,0.22,-0.8999999999999999
1775605142.0275137,0.42138526335252635,-0.12225021932758577,-1.7368099888498674,1.9376676770436099,0.5876840371259049,0.2244746506884223,2.9080571571933196,0.22,-0.8999999999999999
1775605142.1276147,0.3971805264615284,-0.22515573276580983,-1.9842527698055759,1.9233955182139073,0.5914292653906392,0.15091589034237246,2.8677260319339197,0.22,-0.8999999999999999
1775605142.2276466,0.3971805264615284,-0.22515573276580983,-1.9842527698055759,1.9056209048313304,0.5967424812376252,0.1455212994865394,2.82540482679476,0.22,-0.8999999999999999
1775605142.3276434,0.3971805264615284,-0.22515573276580983,-1.9842527698055759,1.8883512770455593,0.6027931026816805,0.22169537817292034,2.7891864220248626,0.22,-0.8999999999999999
1775605142.4275808,0.3971805264615284,-0.22515573276580983,-1.9842527698055759,1.8883855098873807,0.6029485422283464,0.14226211590686094,2.744918704032898,0.22,-0.8999999999999999
1775605142.527472,0.3971805264615284,-0.22515573276580983,-1.9842527698055759,1.8713106434336944,0.6104573676694045,0.1499816528496366,2.7026838064193726,0.22,-0.8999999999999999
1775605142.6274893,0.3971805264615284,-0.22515573276580983,-1.9842527698055759,1.8546916314756186,0.618530905982983,0.15145499315868105,2.6726657152175903,0.22,-0.8999999999999999
1775605142.7274878,0.3613366665027907,-0.30230434060309824,-2.224197773537717,1.8389739249514931,0.6270296329711968,0.2157721006902582,2.627588152885437,0.22,-0.8999999999999999
1775605142.8276029,0.3613366665027907,-0.30230434060309824,-2.224197773537717,1.8264473251686957,0.6343871609971579,0.14174584876116103,2.585299849510193,0.22,-0.8999999999999999
1775605142.9275837,0.3613366665027907,-0.30230434060309824,-2.224197773537717,1.8109514113047183,0.644355917473123,0.14811855579006192,2.550552725791931,0.22,-0.8999999999999999
1775605143.027492,0.3613366665027907,-0.30230434060309824,-2.224197773537717,1.795606283988282,0.6551818727290212,0.2263941245301443,2.5104044675827026,0.22,-0.8999999999999999
1775605143.127459,0.3613366665027907,-0.30230434060309824,-2.224197773537717,1.78355902118352,0.6643016659631851,0.15335571168699846,2.4735032320022583,0.22,-0.8999999999999999
1775605143.227541,0.3613366665027907,-0.30230434060309824,-2.224197773537717,1.7693154071891926,0.6759100690363697,0.14687442524608788,2.4379605054855347,0.22,-0.8999999999999999
1775605143.327596,0.2909436455148998,-0.36789601137420624,-2.4491430831217995,1.7557151765825543,0.688114476002552,0.22247986035085227,2.394961714744568,0.22,-0.8999999999999999
1775605143.4275744,0.2909436455148998,-0.36789601137420624,-2.4491430831217995,1.7450234373491658,0.6983932142877392,0.1470101737724726,2.3529008626937866,0.22,-0.8999999999999999
1775605143.5275962,0.2909436455148998,-0.36789601137420624,-2.4491430831217995,1.7319262154614206,0.7119932682109463,0.15050751037089014,2.320351481437683,0.22,-0.8999999999999999
1775605143.6274865,0.2909436455148998,-0.36789601137420624,-2.4491430831217995,1.7194355036241935,0.7261517225244589,0.22313019698198458,2.276404023170471,0.22,-0.8999999999999999
1775605143.7274842,0.2909436455148998,-0.36789601137420624,-2.4491430831217995,1.7100743770351259,0.7375900118213583,0.14652922633240503,2.2329007387161255,0.22,-0.8999999999999999
1775605143.8274405,0.2909436455148998,-0.36789601137420624,-2.4491430831217995,1.6992511533774106,0.7520608827026316,0.14739072164468858,2.1863232851028442,0.22,-0.8999999999999999
1775605143.9274669,0.20375730403905182,-0.4192364418099435,-2.686018365765765,1.6889361131507679,0.767052976903227,0.15000075107664834,2.1561814546585083,0.22,-0.8999999999999999
1775605144.0274274,0.20375730403905182,-0.4192364418099435,-2.686018365765765,1.6809464933462603,0.7796382666200353,0.1508677973686679,2.113965392112732,0.22,-0.8999999999999999
1775605144.127542,0.20375730403905182,-0.4192364418099435,-2.686018365765765,1.6714956402311474,0.7957497109955037,0.1505824304963555,2.084283232688904,0.22,-0.8999999999999999
1775605144.2274897,0.20375730403905182,-0.4192364418099435,-2.686018365765765,1.6628513101900908,0.8121070219752013,0.22448479845651464,2.0389052629470825,0.22,-0.8999999999999999
1775605144.3275049,0.20375730403905182,-0.4192364418099435,-2.686018365765765,1.6550110343230162,0.8285010568247533,0.22338793101370352,2.0022605657577515,0.22,-0.8999999999999999
1775605144.4275737,0.20375730403905182,-0.4192364418099435,-2.686018365765765,1.649124296750682,0.8418932479900056,0.15018243915246396,1.9635316133499148,0.22,-0.8999999999999999
1775605144.5275447,0.10673599538720915,-0.4435983327907343,-2.914268882668269,1.6422999012297086,0.8590629420202722,0.1451009826828104,1.9310857057571411,0.22,-0.8999999999999999
1775605144.6275513,0.10673599538720915,-0.4435983327907343,-2.914268882668269,1.6362825487827113,0.8763707864911043,0.22232871014136615,1.8903177976608276,0.22,-0.8999999999999999
1775605144.727512,0.10673599538720915,-0.4435983327907343,-2.914268882668269,1.6311204143202866,0.8934771986947895,0.21848095289654598,1.8464642763137815,0.22,-0.8999999999999999
1775605144.8275037,0.10673599538720915,-0.4435983327907343,-2.914268882668269,1.627402584243922,0.9076780145643691,0.15021129458558022,1.8053261041641233,0.22,-0.8999999999999999
1775605144.9275844,0.10673599538720915,-0.4435983327907343,-2.914268882668269,1.6233835869893531,0.9257117830193198,0.14904087341186945,1.771830201148987,0.22,-0.8999999999999999
1775605145.0275874,0.10673599538720915,-0.4435983327907343,-2.914268882668269,1.6201173664623607,0.9442050563754638,0.22605380371084108,1.728922963142395,0.22,-0.8999999999999999
1775605145.127602,-0.0040049207530021,-0.44856014876777,3.1166568969458566,1.6181152721180831,0.9586194202725664,0.14890714441476346,1.684334397315979,0.22,-0.8999999999999999
1775605145.227633,-0.0040049207530021,-0.44856014876777,3.1166568969458566,1.616366453832314,0.9765548723835282,0.14811801474089134,1.648547291755676,0.22,-0.8999999999999999
1775605145.3276176,-0.0040049207530021,-0.44856014876777,3.1166568969458566,1.6154241103699607,0.9948797905650416,0.21601940477991433,1.6037428379058838,0.22,-0.8999999999999999
1775605145.4275904,-0.0040049207530021,-0.44856014876777,3.1166568969458566,1.615242511965665,1.0136585400005858,0.2246717716823833,1.5637619495391846,0.22,-0.8999999999999999
1775605145.527637,-0.0040049207530021,-0.44856014876777,3.1166568969458566,1.6156437298152995,1.0280537976341433,0.15067189560344826,1.5181936025619507,0.22,-0.8999999999999999
1775605145.6274824,-0.0040049207530021,-0.44856014876777,3.1166568969458566,1.6168983345022911,1.0463856333019095,0.14420780875908495,1.478981614112854,0.22,-0.8999999999999999
1775605145.7276454,-0.10042728266757335,-0.43399852397250016,2.866063527114682,1.6187866839931775,1.063874255808249,0.1486937184168196,1.4441149234771726,0.22,-0.8999999999999999
1775605145.8275888,-0.10042728266757335,-0.43399852397250016,2.866063527114682,1.6214758016096296,1.0817184985357147,0.21726860913346605,1.4058905839920044,0.22,-0.8999999999999999
1775605145.9276383,-0.10042728266757335,-0.43399852397250016,2.866063527114682,1.6241421073677385,1.0961279572563989,0.14111648561757145,1.363538384437561,0.22,-0.8999999999999999
1775605146.0275123,-0.10042728266757335,-0.43399852397250016,2.866063527114682,1.62821436202699,1.1139417263640112,0.14904524373282385,1.3207004070281982,0.22,-0.8999999999999999
1775605146.1276488,-0.10042728266757335,-0.43399852397250016,2.866063527114682,1.6330924264456965,1.1318147505862124,0.14651964920123817,1.2858703136444092,0.22,-0.8999999999999999
1775605146.2275617,-0.10042728266757335,-0.43399852397250016,2.866063527114682,1.6375121226269431,1.1459191657226475,0.14792594748199145,1.2450510263442993,0.22,-0.8999999999999999
1775605146.3276124,-0.1994322134248623,-0.3928854879796823,2.641915448830899,1.6438671038907822,1.1636983143877346,0.14977017776785234,1.2031548023223877,0.22,-0.8999999999999999
1775605146.4275653,-0.1994322134248623,-0.3928854879796823,2.641915448830899,1.6507159829592848,1.1808037934022495,0.15065052925205752,1.1722816228866577,0.22,-0.8999999999999999
1775605146.5275738,-0.1994322134248623,-0.3928854879796823,2.641915448830899,1.6583650617541064,1.1976216056193119,0.2220428552598824,1.125429034233093,0.22,-0.8999999999999999
1775605146.627551,-0.1994322134248623,-0.3928854879796823,2.641915448830899,1.665031886235002,1.211011848636432,0.1510830199778297,1.092649817466736,0.22,-0.8999999999999999
1775605146.7276397,-0.1994322134248623,-0.3928854879796823,2.641915448830899,1.6739935040437122,1.227226462236209,0.22462797161965498,1.0478814840316772,0.22,-0.8999999999999999
1775605146.8275564,-0.1994322134248623,-0.3928854879796823,2.641915448830899,1.681770597815783,1.2401513345594626,0.15096599311457257,1.0044606924057007,0.22,-0.8999999999999999
1775605146.9276428,-0.1994322134248623,-0.3928854879796823,2.641915448830899,1.6918808055674048,1.2555250577853343,0.14702571581736743,0.9698500633239746,0.22,-0.8999999999999999
1775605147.0276098,-0.1994322134248623,-0.3928854879796823,2.641915448830899,1.7027363187295168,1.27053787825631,0.22275745996653198,0.9265788793563843,0.22,-0.8999999999999999
1775605147.127637,-0.3031903417138763,-0.3063553952490758,2.318605371636378,1.711902439307701,1.2822941296592671,0.151725368118989,0.8876179456710815,0.22,-0.8999999999999999
1775605147.2274585,-0.3031903417138763,-0.3063553952490758,2.318605371636378,1.723613616767899,1.2962555083636407,0.1414632133829893,0.8477903604507446,0.22,-0.8999999999999999
1775605147.3275595,-0.3031903417138763,-0.3063553952490758,2.318605371636378,1.7357978824467304,1.30963566291449,0.14509573300989378,0.8146069049835206,0.22,-0.8999999999999999
1775605147.4274576,-0.3031903417138763,-0.3063553952490758,2.318605371636378,1.7489727522696605,1.3228398173594633,0.22034303165371424,0.7687938213348389,0.22,-0.8999999999999999
1775605147.5275047,-0.3031903417138763,-0.3063553952490758,2.318605371636378,1.761972658706819,1.3348018432380806,0.21431425055635384,0.7284526824951172,0.22,-0.8999999999999999
1775605147.6275454,-0.3031903417138763,-0.3063553952490758,2.318605371636378,1.7733633828446584,1.3445744305886347,0.1499618116970181,0.6861997842788697,0.22,-0.8499999999999999
1775605147.7275724,-0.36804411457398173,-0.20623590301040173,2.0683818167804677,1.7873356019160156,1.3557132874557503,0.1409095267205065,0.6568483114242553,0.22,-0.7999999999999999
1775605147.827555,-0.36804411457398173,-0.20623590301040173,2.0683818167804677,1.8025474395035008,1.3668114808877385,0.2132519894143886,0.6122260689735413,0.22,-0.7499999999999999
1775605147.9274728,-0.36804411457398173,-0.20623590301040173,2.0683818167804677,1.815042070551828,1.3752627395278292,0.12380581071195652,0.5722314715385436,0.22,-0.7
1775605148.0274498,-0.36804411457398173,-0.20623590301040173,2.0683818167804677,1.8312776230886467,1.3853883871047663,0.1564391022626192,0.5409218072891234,0.22,-0.6499999999999999
1775605148.1274567,-0.36804411457398173,-0.20623590301040173,2.0683818167804677,1.8478497743179254,1.3949533640112795,0.22870503535582223,0.5118567347526549,0.22,-0.5499999999999999
1775605148.2273862,-0.36804411457398173,-0.20623590301040173,2.0683818167804677,1.8612527530361456,1.4022529825012007,0.15036641650074037,0.47988528013229365,0.22,-0.5
1775605148.3274984,-0.40687376221246346,-0.10956615599475973,1.8723771550609256,1.8788473522522124,1.411151097766111,0.15949674997917276,0.45475822687149053,0.22,-0.45
1775605148.4274015,-0.40687376221246346,-0.10956615599475973,1.8723771550609256,1.8968135596239895,1.4196349500779069,0.23641943522305967,0.4319276809692383,0.22,-0.4
1775605148.527626,-0.40687376221246346,-0.10956615599475973,1.8723771550609256,1.9117546671003853,1.4263378677438292,0.1664344495384254,0.41002476215362543,0.22,-0.35000000000000003
1775605148.6274679,-0.40687376221246346,-0.10956615599475973,1.8723771550609256,1.930466524460437,1.434336373213588,0.16706659987213565,0.3968684673309326,0.22,-0.25000000000000006
1775605148.7273986,-0.40687376221246346,-0.10956615599475973,1.8723771550609256,1.9495462360713682,1.4421104419178241,0.24680453992830412,0.37927395105361944,0.22,-0.20000000000000007
1775605148.8274431,-0.40687376221246346,-0.10956615599475973,1.8723771550609256,1.9683867961811286,1.4494595355732882,0.24647399043163282,0.36730051040649414,0.22,-0.15000000000000008
1775605148.927431,-0.40687376221246346,-0.10956615599475973,1.8723771550609256,1.9843877932956482,1.4555191294139462,0.16761612340991108,0.35600262880325323,0.22,-0.10000000000000007
1775605149.0275106,-0.40687376221246346,-0.10956615599475973,1.8723771550609256,2.004729104724714,1.4629784191887083,0.17332493236575944,0.3451361656188965,0.22,-0.05000000000000007
1775605149.1274974,-0.40687376221246346,-0.10956615599475973,1.8723771550609256,2.025245880662704,1.4702497072002625,0.26255352948203153,0.33966886997222895,0.22,0.04999999999999993
1775605149.2275066,-0.40687376221246346,-0.10956615599475973,1.8723771550609256,2.04207603429346,1.4761789065134727,0.17915117755731458,0.3377988934516907,0.22,0.09999999999999994
1775605149.3275385,-0.40687376221246346,-0.10956615599475973,1.8723771550609256,2.0632726985447842,1.4835768410794772,0.2000142172250406,0.3338223099708557,0.22,0.14999999999999994
1775605149.4275827,-0.40687376221246346,-0.10956615599475973,1.8723771550609256,2.0835967199780385,1.4905554533894696,0.26377203264775984,0.3296514749526977,0.22,0.19999999999999996
1775605149.5275917,-0.40687376221246346,-0.10956615599475973,1.8723771550609256,2.0999335125946383,1.4961305755882457,0.1701403108526526,0.329540491104126,0.22,0.24999999999999994
1775605149.6275733,-0.40687376221246346,-0.10956615599475973,1.8723771550609256,2.1207572378498827,1.5032905576458986,0.17469218153948257,0.33412379026412964,0.22,0.3499999999999999
1775605149.7276423,-0.45626565100276584,0.15155483137640674,1.7238240790954897,2.140421457766602,1.5101634093685634,0.25506614613273104,0.33700197935104376,0.22,0.3999999999999999
1775605149.8274734,-0.45626565100276584,0.15155483137640674,1.7238240790954897,2.1559076458588975,1.515641680522196,0.14601250703911345,0.3442111015319824,0.22,0.4499999999999999
1775605149.9273744,-0.45626565100276584,0.15155483137640674,1.7238240790954897,2.1753057345764297,1.5227322028637493,0.16947970925662365,0.36013561487197876,0.22,0.5499999999999999
1775605150.0275507,-0.45626565100276584,0.15155483137640674,1.7238240790954897,2.1940405288527263,1.5299337808288052,0.15473710009920455,0.37436115741729736,0.22,0.6
1775605150.1274667,-0.45626565100276584,0.15155483137640674,1.7238240790954897,2.213052094603246,1.537740109702402,0.24610070568464373,0.4007728099822998,0.22,0.65
1775605150.2275045,-0.45626565100276584,0.15155483137640674,1.7238240790954897,2.2277861690207064,1.544160241061913,0.16489741787410545,0.4220976233482361,0.22,0.7
1775605150.3274508,-0.45626565100276584,0.15155483137640674,1.7238240790954897,2.2453337703290432,1.5522242534526154,0.1464581528158659,0.44212371110916143,0.22,0.75
1775605150.427569,-0.45626565100276584,0.15155483137640674,1.7238240790954897,2.262737766352446,1.560880927611962,0.23064276880079174,0.4734511971473694,0.22,0.85
1775605150.5276453,-0.45626565100276584,0.15155483137640674,1.7238240790954897,2.2793002993936464,1.5698400550210332,0.23145910162368238,0.5104600191116333,0.22,0.8999999999999999
1775605150.6274858,-0.45626565100276584,0.15155483137640674,1.7238240790954897,2.29204769846502,1.5772715410541565,0.15399778792304197,0.5490317344665527,0.22,0.95
1775605150.7274184,-0.4903332817394351,0.3201561705146475,1.9428094621752958,2.307533071462642,1.5870215250885586,0.1512647342058433,0.5782826542854308,0.22,0.9999999999999999
1775605150.8275337,-0.4903332817394351,0.3201561705146475,1.9428094621752958,2.322395397793198,1.597300769493908,0.2211942747580464,0.6233831048011779,0.22,1.0499999999999998
1775605150.9274218,-0.4903332817394351,0.3201561705146475,1.9428094621752958,2.33377331213866,1.605836381243922,0.13704819851465638,0.6685854196548462,0.22,1.15
1775605151.0276062,-0.4903332817394351,0.3201561705146475,1.9428094621752958,2.347513412127365,1.617179368929573,0.1436502753507019,0.7213479280471802,0.22,1.2
1775605151.1275392,-0.4903332817394351,0.3201561705146475,1.9428094621752958,2.3604896495134766,1.6290919086070041,0.15871710904750044,0.7678589820861816,0.22,1.25
1775605151.227581,-0.4903332817394351,0.3201561705146475,1.9428094621752958,2.372294215723659,1.6412649149357437,0.20344503078710466,0.8213237524032594,0.22,1.3
1775605151.327449,-0.5226400575393163,0.37873850206149046,2.230908744316231,2.383256444565804,1.653901124873715,0.19932015631931613,0.8812954425811769,0.22,1.35
1775605151.4275534,-0.5226400575393163,0.37873850206149046,2.230908744316231,2.391659838247165,1.6646467391875974,0.1363785425353951,0.9333031177520753,0.22,1.4000000000000001
1775605151.5274787,-0.5226400575393163,0.37873850206149046,2.230908744316231,2.4010522782226285,1.6784280524038475,0.1961050373668527,0.9985553026199341,0.22,1.4500000000000002
1775605151.6275847,-0.5226400575393163,0.37873850206149046,2.230908744316231,2.409180280724299,1.6921737634127691,0.17294696915011734,1.063729763031006,0.22,1.5000000000000002
1775605151.7276502,-0.5621736023848525,0.4113262983106547,2.464816303267517,2.415176267202681,1.7038026410026577,0.13057232395243992,1.132717847824097,0.22,1.5500000000000003
1775605151.827483,-0.5621736023848525,0.4113262983106547,2.464816303267517,2.421444833384366,1.7181594702791954,0.12510952355528598,1.1917544603347778,0.22,1.6500000000000004
1775605151.9276426,-0.5621736023848525,0.4113262983106547,2.464816303267517,2.4265172812525866,1.7326856486287627,0.18188617528613563,1.2658424377441408,0.22,1.7000000000000004
1775605152.0274374,-0.5621736023848525,0.4113262983106547,2.464816303267517,2.4297970680263954,1.7445911389460222,0.12031911939238109,1.3482409715652464,0.22,1.7000000000000004
1775605152.1276448,-0.6076224737950758,0.43699699314633156,2.740868348311522,2.432788253220787,1.7599166506151507,0.12360725541442386,1.4137872457504272,0.22,1.7000000000000004
1775605152.2275972,-0.6076224737950758,0.43699699314633156,2.740868348311522,2.4344076553055736,1.7747336239518672,0.18229624535651445,1.4932045936584473,0.22,1.7000000000000004
1775605152.327517,-0.6076224737950758,0.43699699314633156,2.740868348311522,2.434846276791838,1.7865174442301293,0.12393787225172245,1.5804669857025146,0.22,1.7500000000000004
1775605152.4275372,-0.6076224737950758,0.43699699314633156,2.740868348311522,2.434227544655435,1.8013336419891322,0.11394408786104754,1.6624974012374878,0.22,1.8000000000000005
1775605152.527614,-0.6424356014902668,0.4192870930282743,3.0545166855661927,2.4324916860832144,1.815654004342214,0.11036281898650974,1.7293845415115356,0.22,1.8000000000000005
1775605152.6275568,-0.6424356014902668,0.4192870930282743,3.0545166855661927,2.429418805037889,1.8299796878903272,0.1760634435152553,1.8166004419326782,0.22,1.7500000000000004
1775605152.7275062,-0.6424356014902668,0.4192870930282743,3.0545166855661927,2.4261188198380395,1.841194995065994,0.11909266647792273,1.904361605644226,0.22,1.7000000000000004
1775605152.8274782,-0.6424356014902668,0.4192870930282743,3.0545166855661927,2.4209670440004207,1.854722976912804,0.11645372900590224,1.9716736078262331,0.22,1.7000000000000004
1775605152.9275622,-0.6896111979888159,0.43091417541148763,-2.9224238194520322,2.41451689291121,1.8680192966025417,0.17469260441285647,2.05623996257782,0.22,1.7000000000000004
1775605153.0274665,-0.6896111979888159,0.43091417541148763,-2.9224238194520322,2.408418336250319,1.8785527902770673,0.12102246707497294,2.1432451009750366,0.22,1.7000000000000004
1775605153.1274724,-0.6896111979888159,0.43091417541148763,-2.9224238194520322,2.3999943696383443,1.8907258345739215,0.12101693247107054,2.227349877357483,0.22,1.7000000000000004
1775605153.2274394,-0.6896111979888159,0.43091417541148763,-2.9224238194520322,2.390376437800037,1.9024431244597133,0.12345065147302754,2.2928386926651,0.22,1.7000000000000004
1775605153.3274953,-0.7329322997483255,0.4228036260594405,-2.612706858901141,2.3799474265596827,1.9130912365499495,0.18359240065210086,2.3807634115219116,0.22,1.6500000000000004
1775605153.4274302,-0.7329322997483255,0.4228036260594405,-2.612706858901141,2.370905095970246,1.921087412587661,0.1245635530094557,2.4616137742996216,0.22,1.6000000000000003
1775605153.527599,-0.7329322997483255,0.4228036260594405,-2.612706858901141,2.3593826316739674,1.92984985393945,0.12412860635669326,2.5285979509353638,0.22,1.5500000000000003
1775605153.6274238,-0.7329322997483255,0.4228036260594405,-2.612706858901141,2.3466332220148822,1.9379552991895908,0.17957896614126873,2.6052364110946655,0.22,1.5000000000000002
1775605153.7274718,-0.7627689491353432,0.381076208883544,-2.3104974564075333,2.335959444134879,1.9438063953526394,0.12361448477338534,2.680266499519348,0.22,1.4500000000000002
1775605153.827548,-0.7627689491353432,0.381076208883544,-2.3104974564075333,2.3215897747542455,1.9504780067226564,0.12823513166012399,2.737817883491516,0.22,1.35
1775605153.92751,-0.7627689491353432,0.381076208883544,-2.3104974564075333,2.318431213056146,1.9513559195698837,0.19403713428806862,2.812091771756308,0.22,1.3
1775605154.0275137,-0.7627689491353432,0.381076208883544,-2.3104974564075333,2.3030434972825873,1.9559002638600198,0.19705626146185654,2.8810901085483,0.22,1.25
1775605154.1275227,-0.7901541711345268,0.3496795023119057,-2.029424188604186,2.290144124828851,1.9589787817778,0.1351653719938835,2.934007350598471,0.22,1.2
1775605154.2276378,-0.7901541711345268,0.3496795023119057,-2.029424188604186,2.2732464945150452,1.9618087418812986,0.20806138204708063,3.0020720402347014,0.22,1.15
1775605154.3274913,-0.7901541711345268,0.3496795023119057,-2.029424188604186,2.2567615459994266,1.9635516344921813,0.20053328519239288,3.060172263775961,0.22,1.0999999999999999
1775605154.4274683,-0.7901541711345268,0.3496795023119057,-2.029424188604186,2.2430168715897723,1.9643492973453665,0.13776127924891052,3.1132571140872405,0.22,1.0499999999999998
1775605154.5275238,-0.8129160402235124,0.3026502700421518,-1.8200087556168116,2.2256048511542725,1.9645189610908071,0.1394251460913839,-3.128296971321106,0.22,0.9499999999999998
1775605154.6273782,-0.8129160402235124,0.3026502700421518,-1.8200087556168116,2.2077039446804063,1.9637221767623931,0.2783525796443518,-3.078328013420105,0.22,0.8999999999999999
1775605154.7275188,-0.8129160402235124,0.3026502700421518,-1.8200087556168116,2.193454225292151,1.9625288794832347,0.14398865406466893,-3.032425284385681,0.22,0.8499999999999999
1775605154.8275766,-0.8129160402235124,0.3026502700421518,-1.8200087556168116,2.1755716412932484,1.9603018372517436,0.14619796366352705,-3.002583622932434,0.22,0.7999999999999999
1775605154.927458,-0.8129160402235124,0.3026502700421518,-1.8200087556168116,2.157227391553316,1.9572143962567181,0.20830382003816209,-2.9580925703048706,0.22,0.7499999999999999
1775605155.0276117,-0.8129160402235124,0.3026502700421518,-1.8200087556168116,2.142962912459171,1.9543303986704526,0.14060786574570838,-2.923561930656433,0.22,0.7
1775605155.1275043,-0.831612670734428,0.21035021401335482,-1.5840379715561967,2.124269005097956,1.9499064718713564,0.15460082755825974,-2.8920964002609253,0.22,0.6499999999999999
1775605155.2274222,-0.831612670734428,0.21035021401335482,-1.5840379715561967,2.1057903364711925,1.9447495622446758,0.2373084127699355,-2.8558562994003296,0.22,0.5499999999999999
1775605155.3274813,-0.831612670734428,0.21035021401335482,-1.5840379715561967,2.087650564009816,1.939071133205408,0.22544744906027692,-2.825154423713684,0.22,0.5
1775605155.4274933,-0.831612670734428,0.21035021401335482,-1.5840379715561967,2.0729624521368812,1.9340731809530978,0.13759664424989795,-2.8006051778793335,0.22,0.45
1775605155.5274467,-0.831612670734428,0.21035021401335482,-1.5840379715561967,2.054556311728374,1.927365487811934,0.15968253074628697,-2.7827147245407104,0.22,0.35000000000000003
1775605155.627376,-0.831612670734428,0.21035021401335482,-1.5840379715561967,2.035663125879176,1.9200124718596168,0.24108930625231578,-2.7625492811203003,0.22,0.30000000000000004
1775605155.7275403,-0.831612670734428,0.21035021401335482,-1.5840379715561967,2.0208522372416473,1.9139696238411785,0.1642361522218299,-2.7450398206710815,0.22,0.25000000000000006
1775605155.8276083,-0.831612670734428,0.21035021401335482,-1.5840379715561967,2.001940950621202,1.9059224971244906,0.158967156503556,-2.7339261770248413,0.22,0.20000000000000007
1775605155.9274788,-0.831612670734428,0.21035021401335482,-1.5840379715561967,1.9826259096079444,1.897469434878723,0.2550644733398275,-2.72610342502594,0.22,0.15000000000000008
1775605156.0275745,-0.831612670734428,0.21035021401335482,-1.5840379715561967,1.963643283633294,1.8890154145272273,0.2496104453157,-2.720192313194275,0.22,0.10000000000000007
1775605156.1275625,-0.831612670734428,0.21035021401335482,-1.5840379715561967,1.9474866634758583,1.8817440936679206,0.17988276268982462,-2.7145174741744995,0.22,0.05000000000000007
1775605156.2274535,-0.831612670734428,0.21035021401335482,-1.5840379715561967,1.9280092258646713,1.8728480928895088,0.17276141261527572,-2.711008906364441,0.22,6.938893903907228e-17
1775605156.3275745,-0.831612670734428,0.21035021401335482,-1.5840379715561967,1.9078709784292567,1.8635714783402453,0.266369704953898,-2.7087730169296265,0.22,2.7755575615628914e-17
1775605156.4275725,-0.831612670734428,0.21035021401335482,-1.5840379715561967,1.8918270586653871,1.8561146041311836,0.17429421267357076,-2.703534483909607,0.22,2.7755575615628914e-17
1775605156.5276492,-0.8011664000497379,-0.055121271361824986,-1.3778052984387665,1.8718900320009308,1.8467653576608312,0.17586207674668577,-2.702301859855652,0.22,2.7755575615628914e-17
1775605156.6276422,-0.8011664000497379,-0.055121271361824986,-1.3778052984387665,1.8520085403962239,1.837416938419096,0.26377829556794535,-2.7020150423049927,0.22,2.7755575615628914e-17
1775605156.7274761,-0.8011664000497379,-0.055121271361824986,-1.3778052984387665,1.8362980532784132,1.830023773770425,0.16688955167111025,-2.700891852378845,0.22,-0.049999999999999975
1775605156.8274825,-0.8011664000497379,-0.055121271361824986,-1.3778052984387665,1.8162340193379374,1.820528397159027,0.1769764661522583,-2.6988290548324585,0.22,-0.09999999999999998
1775605156.9276552,-0.8011664000497379,-0.055121271361824986,-1.3778052984387665,1.7962778345854116,1.8110418828323245,0.2651928848429002,-2.69717013835907,0.22,-0.09999999999999998
1775605157.027629,-0.8011664000497379,-0.055121271361824986,-1.3778052984387665,1.7807133254995968,1.803577419705037,0.17070872527817113,-2.691363215446472,0.22,-0.09999999999999998
1775605157.1276457,-0.8011664000497379,-0.055121271361824986,-1.3778052984387665,1.7605841466853043,1.7938080346614194,0.18091903753970937,-2.6896055936813354,0.22,-0.09999999999999998
1775605157.2275898,-0.8011664000497379,-0.055121271361824986,-1.3778052984387665,1.7407754896017549,1.7841897922170318,0.2666069954249813,-2.6892963647842407,0.22,-0.09999999999999998
1775605157.3276358,-0.8011664000497379,-0.055121271361824986,-1.3778052984387665,1.7245924797399068,1.77631816575031,0.18023374940487252,-2.6880089044570923,0.22,-0.09999999999999998
1775605157.4276,-0.8011664000497379,-0.055121271361824986,-1.3778052984387665,1.7050272833024416,1.7667780582181745,0.1718114004872585,-2.6885722875595093,0.22,-0.09999999999999998
1775605157.5273912,-0.8011664000497379,-0.055121271361824986,-1.3778052984387665,1.685851737594706,1.7574784616391292,0.23601860441737446,-2.690952181816101,0.22,-0.09999999999999998
1775605157.6275873,-0.8011664000497379,-0.055121271361824986,-1.3778052984387665,1.6700511748168732,1.74986240532192,0.17282878322968903,-2.6943682432174683,0.22,-0.09999999999999998
1775605157.7275531,-0.8011664000497379,-0.055121271361824986,-1.3778052984387665,1.6500065361868188,1.740267388314489,0.177586243452282,-2.6968239545822144,0.22,-0.14999999999999997
1775605157.8275042,-0.8011664000497379,-0.055121271361824986,-1.3778052984387665,1.6302107380926776,1.730915317420389,0.24173952482957045,-2.703166127204895,0.22,-0.19999999999999996
1775605157.9276614,-0.7455687224181239,-0.30204002389806667,-1.3690209648973632,1.614706776706427,1.7236779259705173,0.14103848235383054,-2.7069867849349976,0.22,-0.19999999999999998
1775605158.027559,-0.7455687224181239,-0.30204002389806667,-1.3690209648973632,1.5951802236634631,1.7146463712823847,0.1667491308901051,-2.711385130882263,0.22,-0.19999999999999998
1775605158.1274817,-0.7455687224181239,-0.30204002389806667,-1.3690209648973632,1.5754680078431904,1.7057780643528402,0.25363239093911166,-2.723317503929138,0.22,-0.19999999999999998
1775605158.2275774,-0.7455687224181239,-0.30204002389806667,-1.3690209648973632,1.5560990149407858,1.6973221287601734,0.21997089195420977,-2.734059691429138,0.22,-0.19999999999999998
1775605158.3276026,-0.7455687224181239,-0.30204002389806667,-1.3690209648973632,1.5403955145506982,1.6905925839539524,0.16459074076152586,-2.7403916120529175,0.22,-0.25
1775605158.427579,-0.7455687224181239,-0.30204002389806667,-1.3690209648973632,1.5206048825263259,1.682285441306283,0.17037305774653744,-2.749855399131775,0.22,-0.3
1775605158.527591,-0.7455687224181239,-0.30204002389806667,-1.3690209648973632,1.5010318652410553,1.6743805309792836,0.25337165728011096,-2.762106776237488,0.22,-0.3
1775605158.6274517,-0.7455687224181239,-0.30204002389806667,-1.3690209648973632,1.4851853976257643,1.6681316512081301,0.17114984588423357,-2.77042019367218,0.22,-0.3
1775605158.7274408,-0.7455687224181239,-0.30204002389806667,-1.3690209648973632,1.4653406384768637,1.6605019510180379,0.16953643073528862,-2.779699444770813,0.22,-0.3
1775605158.8274708,-0.7455687224181239,-0.30204002389806667,-1.3690209648973632,1.4495325500360616,1.6546490211249874,0.16679925558576272,-2.793136715888977,0.22,-0.25
1775605158.9275076,-0.7455687224181239,-0.30204002389806667,-1.3690209648973632,1.4297300367898653,1.6475602947909165,0.1691984497043273,-2.8069931268692017,0.22,-0.15000000000000002
1775605159.0274303,-0.7455687224181239,-0.30204002389806667,-1.3690209648973632,1.409400678166897,1.6405973432849805,0.258890776858182,-2.815147280693054,0.22,-0.10000000000000002
1775605159.1275153,-0.7455687224181239,-0.30204002389806667,-1.3690209648973632,1.393167996295423,1.6351888674841408,0.17027163037519666,-2.8237351179122925,0.22,-0.049999999999999975
1775605159.227579,-0.7455687224181239,-0.30204002389806667,-1.3690209648973632,1.372518101850072,1.6284664954469588,0.17658972041466028,-2.829475522041321,0.22,2.7755575615628914e-17
1775605159.3275254,-0.7183788202889532,-0.5577619890901675,-1.4930523906773439,1.3513265823871565,1.6216090909467398,0.26763242905401474,-2.8284367322921753,0.22,2.7755575615628914e-17
1775605159.4274743,-0.7183788202889532,-0.5577619890901675,-1.4930523906773439,1.3343466877592582,1.616123416547083,0.17858338478169838,-2.830679774284363,0.22,0.05000000000000003
1775605159.5274572,-0.7183788202889532,-0.5577619890901675,-1.4930523906773439,1.3134766193832543,1.6094237807643965,0.17571388536953347,-2.8322566747665405,0.22,0.15000000000000002
1775605159.6275384,-0.7183788202889532,-0.5577619890901675,-1.4930523906773439,1.293343279562186,1.6029963044960704,0.28518235846659534,-2.8330506086349487,0.22,0.2
1775605159.7273772,-0.7183788202889532,-0.5577619890901675,-1.4930523906773439,1.2726336684849506,1.5963765432812724,0.25643383008250425,-2.831194281578064,0.22,0.20000000000000004
1775605159.8276057,-0.7183788202889532,-0.5577619890901675,-1.4930523906773439,1.2565397698423202,1.59119473872649,0.16298610905061695,-2.827967047691345,0.22,0.25000000000000006
1775605159.9274712,-0.7183788202889532,-0.5577619890901675,-1.4930523906773439,1.2358041343746318,1.5844087858064868,0.17454832864986283,-2.82156503200531,0.22,0.30000000000000004
1775605160.0275571,-0.7183788202889532,-0.5577619890901675,-1.4930523906773439,1.2158466755531767,1.577688822255073,0.25726038315629823,-2.812914252281189,0.22,0.35000000000000003
1775605160.1275616,-0.7183788202889532,-0.5577619890901675,-1.4930523906773439,1.1963464598751994,1.5708839885818435,0.24222900495978975,-2.800915837287903,0.22,0.4
1775605160.2274704,-0.7183788202889532,-0.5577619890901675,-1.4930523906773439,1.1808596494096995,1.5652578912767838,0.15796953119426352,-2.782534956932068,0.22,0.45
1775605160.3276556,-0.7183788202889532,-0.5577619890901675,-1.4930523906773439,1.1611318634091017,1.5576770380530731,0.16901191079062777,-2.764245867729187,0.22,0.5
1775605160.427542,-0.7183788202889532,-0.5577619890901675,-1.4930523906773439,1.1420472048234669,1.549848346829763,0.24422766292502054,-2.7441097497940063,0.22,0.55
1775605160.527577,-0.7183788202889532,-0.5577619890901675,-1.4930523906773439,1.1272084362744057,1.5434153109053597,0.16122462909893204,-2.7193485498428345,0.22,0.6
1775605160.6275966,-0.7183788202889532,-0.5577619890901675,-1.4930523906773439,1.108840014577861,1.5350157563906108,0.15978767868978266,-2.7052446603775024,0.22,0.6
1775605160.7276716,-0.690062404454388,-0.8294372913949188,-1.3352554211424896,1.0910030525043846,1.5263790964352824,0.23731454892487966,-2.68036687374115,0.22,0.6
1775605160.827519,-0.690062404454388,-0.8294372913949188,-1.3352554211424896,1.0772230239110105,1.5193050058985973,0.15230551676864212,-2.6514989137649536,0.22,0.6
1775605160.9275923,-0.690062404454388,-0.8294372913949188,-1.3352554211424896,1.0595961336516655,1.5097058906390435,0.1617503899634532,-2.631400942802429,0.22,0.6
1775605161.0274923,-0.690062404454388,-0.8294372913949188,-1.3352554211424896,1.0426932382819802,1.4999038706787495,0.23478452757277105,-2.6031664609909058,0.22,0.6
1775605161.1276064,-0.690062404454388,-0.8294372913949188,-1.3352554211424896,1.0290787188062778,1.4915066725906247,0.16075167488578548,-2.5722776651382446,0.22,0.6
1775605161.2275813,-0.690062404454388,-0.8294372913949188,-1.3352554211424896,1.0123717063235633,1.480613480599057,0.15838609104357504,-2.551803946495056,0.22,0.6
1775605161.327599,-0.690062404454388,-0.8294372913949188,-1.3352554211424896,0.9960606896130667,1.4692687905135378,0.23672170872465215,-2.5217193365097046,0.22,0.6
1775605161.4274561,-0.690062404454388,-0.8294372913949188,-1.3352554211424896,0.9835830885577684,1.460133184329805,0.1586217291657313,-2.4944347143173218,0.22,0.6
1775605161.5275264,-0.6428679236399483,-0.9497460684342683,-1.1184141273772576,0.9677211971281876,1.4478762359031017,0.15718875430097265,-2.471793532371521,0.22,0.6
1775605161.6275833,-0.6428679236399483,-0.9497460684342683,-1.1184141273772576,0.9527530613471467,1.4355941052203631,0.23475077470537886,-2.4439324140548706,0.22,0.6
1775605161.7276485,-0.6428679236399483,-0.9497460684342683,-1.1184141273772576,0.9409250479425767,1.425358963812026,0.15801235458448842,-2.4156001806259155,0.22,0.6
1775605161.8275049,-0.6428679236399483,-0.9497460684342683,-1.1184141273772576,0.9264179580606755,1.4121940967464004,0.15244537771497477,-2.388149619102478,0.22,0.65
1775605161.9274938,-0.6428679236399483,-0.9497460684342683,-1.1184141273772576,0.9122630837979501,1.3986143797089534,0.2673285555979662,-2.3677133321762085,0.22,0.7
1775605162.0274718,-0.6428679236399483,-0.9497460684342683,-1.1184141273772576,0.9013008552700269,1.387563633501817,0.16012320817226533,-2.3382389545440674,0.22,0.7
1775605162.127591,-0.6428679236399483,-0.9497460684342683,-1.1184141273772576,0.8878196270261417,1.3732457883898934,0.16619648354359745,-2.3067699670791626,0.22,0.75
1775605162.2275088,-0.6428679236399483,-0.9497460684342683,-1.1184141273772576,0.8750199904855469,1.3587177808844442,0.15431219462890106,-2.27731990814209,0.22,0.7999999999999999
1775605162.3275986,-0.5734984101401416,-1.0702539761403482,-0.8940665197652998,0.8628892203835861,1.3439203006960907,0.23025689321078346,-2.2452298402786255,0.22,0.7999999999999999
1775605162.4274905,-0.5734984101401416,-1.0702539761403482,-0.8940665197652998,0.8537271459831096,1.3320647720410512,0.15251724261320798,-2.2066482305526733,0.22,0.7999999999999999
1775605162.527504,-0.5734984101401416,-1.0702539761403482,-0.8940665197652998,0.8426251931793222,1.3165429264613613,0.1506640958435291,-2.1708825826644897,0.22,0.7999999999999999
1775605162.6275475,-0.5734984101401416,-1.0702539761403482,-0.8940665197652998,0.8322892642018521,1.3008934071625993,0.22289998457353846,-2.140684723854065,0.22,0.7999999999999999
1775605162.7275422,-0.5734984101401416,-1.0702539761403482,-0.8940665197652998,0.8244257583864105,1.2879911730992675,0.15195096727196636,-2.0994768142700195,0.22,0.7999999999999999
1775605162.8275063,-0.5734984101401416,-1.0702539761403482,-0.8940665197652998,0.8149315186730195,1.2711749763076103,0.15539817538281023,-2.0626808404922485,0.22,0.7999999999999999
1775605162.927666,-0.5221048219311392,-1.1486180944040394,-0.6926467328266459,0.806321540474282,1.2544564606746247,0.2251248018478985,-2.0326706171035767,0.22,0.7999999999999999
1775605163.0275395,-0.5221048219311392,-1.1486180944040394,-0.6926467328266459,0.7998149466177473,1.2405955878122072,0.154119464910648,-1.9894739389419556,0.22,0.7999999999999999
1775605163.1274674,-0.5221048219311392,-1.1486180944040394,-0.6926467328266459,0.792467286637019,1.2230932821499898,0.22727448087015933,-1.9486910104751587,0.22,0.7999999999999999
1775605163.22748,-0.5221048219311392,-1.1486180944040394,-0.6926467328266459,0.7871409000161681,1.209034552170415,0.12783880959523622,-1.9116860628128052,0.22,0.7499999999999999
1775605163.3274,-0.5221048219311392,-1.1486180944040394,-0.6926467328266459,0.7810305552483956,1.1909822984028662,0.15202121952292896,-1.8790209293365479,0.22,0.7
1775605163.4274802,-0.5221048219311392,-1.1486180944040394,-0.6926467328266459,0.7754281584094853,1.1723428286996076,0.2153343065517648,-1.8443539142608643,0.22,0.7
1775605163.527497,-0.4347543860173431,-1.2036356068455998,-0.4744143244584704,0.7715065400658662,1.1575410496482412,0.1312019359550878,-1.8122003078460693,0.22,0.7
1775605163.627527,-0.4347543860173431,-1.2036356068455998,-0.4744143244584704,0.7670878613692622,1.1386896169629581,0.1520460471964403,-1.7891763448715212,0.22,0.7
1775605163.7275074,-0.4347543860173431,-1.2036356068455998,-0.4744143244584704,0.7632348008739412,1.1197665663559788,0.2260897545662509,-1.7540379762649536,0.22,0.7
1775605163.8274534,-0.4347543860173431,-1.2036356068455998,-0.4744143244584704,0.7606158898320717,1.1045767378604048,0.15424822027608295,-1.730505585670471,0.22,0.7
1775605163.9275064,-0.4347543860173431,-1.2036356068455998,-0.4744143244584704,0.7578185150464306,1.0857248017657906,0.1476711673267641,-1.698089361190796,0.22,0.7
1775605164.0274734,-0.4347543860173431,-1.2036356068455998,-0.4744143244584704,0.7556303256891748,1.0662064652658254,0.2370299478209155,-1.669486403465271,0.22,0.6499999999999999
1775605164.1274981,-0.4347543860173431,-1.2036356068455998,-0.4744143244584704,0.7541014415297287,1.0474887062947797,0.22989476862285238,-1.6415932178497314,0.22,0.6
1775605164.2275026,-0.4347543860173431,-1.2036356068455998,-0.4744143244584704,0.7532147158541954,1.031821650458101,0.1567577166550004,-1.6097811460494995,0.22,0.6
1775605164.3275197,-0.31758357069176,-1.2516768788831818,-0.24712227811510518,0.7527071122508295,1.0118330059948546,0.2404902499871766,-1.5854759216308594,0.22,0.6
1775605164.4275994,-0.31758357069176,-1.2516768788831818,-0.24712227811510518,0.7527245408039525,0.9922176637887385,0.23014417761447778,-1.558529734611511,0.22,0.6
1775605164.527637,-0.31758357069176,-1.2516768788831818,-0.24712227811510518,0.7531424953303835,0.9765057494620404,0.15986731019764353,-1.527795910835266,0.22,0.6
1775605164.6276612,-0.31758357069176,-1.2516768788831818,-0.24712227811510518,0.7541829084748906,0.9567403970518163,0.16006823524457886,-1.5077035427093506,0.22,0.5499999999999999
1775605164.72762,-0.31758357069176,-1.2516768788831818,-0.24712227811510518,0.7557382296928351,0.9370344129276115,0.23793505626460046,-1.4823938608169556,0.22,0.5
1775605164.8274686,-0.31758357069176,-1.2516768788831818,-0.24712227811510518,0.7573399292463244,0.9211951178581504,0.16159578729738405,-1.4558986425399782,0.22,0.45
1775605164.9273767,-0.31758357069176,-1.2516768788831818,-0.24712227811510518,0.7598753230837623,0.900953040328365,0.24430604621978688,-1.439230680465698,0.22,0.4
1775605165.0276525,-0.31758357069176,-1.2516768788831818,-0.24712227811510518,0.7627004753743291,0.8812606682864147,0.2436178863051556,-1.4205710887908938,0.22,0.4
1775605165.1274853,-0.31758357069176,-1.2516768788831818,-0.24712227811510518,0.7652791674951482,0.8652686355414996,0.16212660823160277,-1.3990023136138916,0.22,0.35000000000000003
1775605165.227644,-0.31758357069176,-1.2516768788831818,-0.24712227811510518,0.7689963116222829,0.8447982039363588,0.16677746783202016,-1.381148099899292,0.22,0.30000000000000004
1775605165.3276622,-0.1440434680607421,-1.2750296533494279,-0.023226880916411594,0.7731367351790691,0.8241508587268328,0.2205602942996875,-1.3687875270843506,0.22,0.30000000000000004
1775605165.4274883,-0.1440434680607421,-1.2750296533494279,-0.023226880916411594,0.7765874381297726,0.8076251049813817,0.16944747461334775,-1.3589385151863098,0.22,0.30000000000000004
1775605165.5275996,-0.1440434680607421,-1.2750296533494279,-0.023226880916411594,0.7811828173907386,0.7868926985118448,0.2554014991410465,-1.3478649258613586,0.22,0.30000000000000004
1775605165.6276155,-0.1440434680607421,-1.2750296533494279,-0.023226880916411594,0.785089873629505,0.770390897338159,0.1511424733239458,-1.331769049167633,0.22,0.30000000000000004
1775605165.72758,-0.1440434680607421,-1.2750296533494279,-0.023226880916411594,0.7900033323368744,0.7506432801226914,0.1654482696740602,-1.3198162317276,0.22,0.30000000000000004
1775605165.8275871,-0.1440434680607421,-1.2750296533494279,-0.023226880916411594,0.7952601436602748,0.7305130055456039,0.16104810515591014,-1.311008095741272,0.22,0.30000000000000004
1775605165.927486,-0.1440434680607421,-1.2750296533494279,-0.023226880916411594,0.800890051894151,0.7099323280225396,0.2312946534584123,-1.2996747493743894,0.22,0.25000000000000006
1775605166.0276003,-0.1440434680607421,-1.2750296533494279,-0.023226880916411594,0.8053168035870958,0.6942185932295085,0.15833983498407403,-1.292506217956543,0.22,0.20000000000000007
1775605166.127462,-0.1440434680607421,-1.2750296533494279,-0.023226880916411594,0.8111772714956637,0.674018443130653,0.17397589161395716,-1.2810388803482053,0.22,0.15000000000000008
1775605166.2276456,-0.1440434680607421,-1.2750296533494279,-0.023226880916411594,0.8172302397683862,0.6540866297569906,0.24736796231337038,-1.271785497665405,0.22,0.10000000000000007
1775605166.3275917,-0.1440434680607421,-1.2750296533494279,-0.023226880916411594,0.8224181063731616,0.637490154080069,0.17286473277596778,-1.2647548317909243,0.22,0.10000000000000003
1775605166.427603,-0.1440434680607421,-1.2750296533494279,-0.023226880916411594,0.8290703831294975,0.6167112465001205,0.17349668889828143,-1.258490800857544,0.22,0.10000000000000003
1775605166.5276246,-0.1440434680607421,-1.2750296533494279,-0.023226880916411594,0.8359807368830349,0.5955635774457939,0.266080080109745,-1.253430962562561,0.22,0.10000000000000003
1775605166.6276176,-0.1440434680607421,-1.2750296533494279,-0.023226880916411594,0.8414456857539281,0.5789496257847031,0.1747637286798096,-1.2535169124603271,0.22,0.10000000000000003
1775605166.7274272,0.14864725439595897,-1.2567845629476213,0.10283908818927123,0.8480983738554015,0.5587829515296604,0.16319188752239563,-1.249210774898529,0.22,0.10000000000000003
1775605166.8275867,0.14864725439595897,-1.2567845629476213,0.10283908818927123,0.855124790764129,0.5378336696946258,0.17595326718465748,-1.245510458946228,0.22,0.10000000000000003
1775605166.9274812,0.14864725439595897,-1.2567845629476213,0.10283908818927123,0.8607671044029668,0.5210653324885175,0.1742755961344237,-1.2468525171279907,0.22,0.15000000000000002
1775605167.027587,0.14864725439595897,-1.2567845629476213,0.10283908818927123,0.8677847263946045,0.5003267637416565,0.17686408930243253,-1.241714894771576,0.22,0.2
1775605167.127636,0.14864725439595897,-1.2567845629476213,0.10283908818927123,0.8749496784499409,0.4795047498694585,0.26362317670315216,-1.2368603348731997,0.22,0.25
1775605167.2274616,0.14864725439595897,-1.2567845629476213,0.10283908818927123,0.8806380631216794,0.4632338793862912,0.17274578695964693,-1.2309235334396362,0.22,0.35
1775605167.32746,0.14864725439595897,-1.2567845629476213,0.10283908818927123,0.8877481939718751,0.4433314047089609,0.17440868880197338,-1.2237807512283325,0.22,0.39999999999999997
1775605167.4274473,0.14864725439595897,-1.2567845629476213,0.10283908818927123,0.89520685571529,0.423016868147467,0.17323016227991164,-1.21026611328125,0.22,0.45
1775605167.5274472,0.14864725439595897,-1.2567845629476213,0.10283908818927123,0.9012147720133832,0.4074025756012684,0.16846778052756584,-1.19537478685379,0.22,0.5
1775605167.6273832,0.14864725439595897,-1.2567845629476213,0.10283908818927123,0.908584818639923,0.3890876985290859,0.15555559741884445,-1.1774213910102842,0.22,0.55
1775605167.7274058,0.14864725439595897,-1.2567845629476213,0.10283908818927123,0.9162595278499712,0.37106346911497745,0.16561509530426835,-1.154036819934845,0.22,0.6
1775605167.8275678,0.14864725439595897,-1.2567845629476213,0.10283908818927123,0.9245950881340064,0.35263816607276555,0.1616681426261074,-1.1383766531944273,0.22,0.6
1775605167.9275706,0.14864725439595897,-1.2567845629476213,0.10283908818927123,0.9330281206423735,0.33504020875023754,0.23899144172821962,-1.1143017411231997,0.22,0.65
1775605168.0276344,0.14864725439595897,-1.2567845629476213,0.10283908818927123,0.9401302384888527,0.3211325291935633,0.16172582541996058,-1.0804107785224915,0.22,0.7
1775605168.127564,0.40477358762331483,-1.2188279255069019,0.30145713523180856,0.9496318042506001,0.3037696433381953,0.15755348285600312,-1.0581942200660706,0.22,0.75
1775605168.2274818,0.40477358762331483,-1.2188279255069019,0.30145713523180856,0.9594165552735696,0.2870912318795349,0.2321983529935421,-1.0262354016304016,0.22,0.7999999999999999
1775605168.327512,0.40477358762331483,-1.2188279255069019,0.30145713523180856,0.9678008216739558,0.27376711483810945,0.15658925206818441,-0.9887152910232543,0.22,0.85
1775605168.4275868,0.40477358762331483,-1.2188279255069019,0.30145713523180856,0.978428627112783,0.2580385517098948,0.1540732786235256,-0.9608148336410524,0.22,0.8999999999999999
1775605168.5276234,0.40477358762331483,-1.2188279255069019,0.30145713523180856,0.9892981207672923,0.2431920952434826,0.21600656948900487,-0.92331725358963,0.22,0.95
1775605168.6274264,0.40477358762331483,-1.2188279255069019,0.30145713523180856,0.9985558383546668,0.23137903942932764,0.15030998880694268,-0.8823989033699036,0.22,0.9999999999999999
1775605168.7275121,0.40477358762331483,-1.2188279255069019,0.30145713523180856,1.0105651864737086,0.21727191372407653,0.14854070593786264,-0.844273179769516,0.22,1.0499999999999998
1775605168.8275287,0.49459606647071885,-1.1671260648057151,0.5304508069832964,1.0230276569804584,0.20394233692391267,0.21853234529954796,-0.8022021949291228,0.22,1.0999999999999999
1775605168.9275022,0.49459606647071885,-1.1671260648057151,0.5304508069832964,1.0331053042321812,0.1939768136814662,0.14636199012330986,-0.7523233294487,0.22,1.15
1775605169.0274637,0.49459606647071885,-1.1671260648057151,0.5304508069832964,1.0463385315989076,0.18208422023503495,0.13766996516403374,-0.6989698112010956,0.22,1.2
1775605169.127459,0.49459606647071885,-1.1671260648057151,0.5304508069832964,1.0601192310600132,0.17095019442802542,0.14199408034400213,-0.6559448838233948,0.22,1.2
1775605169.2274337,0.49459606647071885,-1.1671260648057151,0.5304508069832964,1.0739978300370399,0.16107701055623314,0.21192307379253333,-0.594180628657341,0.22,1.25
1775605169.3274896,0.49459606647071885,-1.1671260648057151,0.5304508069832964,1.0855780676768176,0.1536779539664828,0.14062454740199948,-0.5349325239658356,0.22,1.3
1775605169.427488,0.565779892467799,-1.1220196605476571,0.8229780330224499,1.100253584030382,0.14538748080908628,0.12930991867315458,-0.47877636551856995,0.22,1.3
1775605169.5274284,0.565779892467799,-1.1220196605476571,0.8229780330224499,1.115196037779861,0.13809346295187067,0.1349975514070968,-0.42510225623846054,0.22,1.3
1775605169.6274939,0.565779892467799,-1.1220196605476571,0.8229780330224499,1.1304146997853135,0.13191640067448435,0.19243533578203156,-0.3594033236731775,0.22,1.25
1775605169.727407,0.565779892467799,-1.1220196605476571,0.8229780330224499,1.142663202681082,0.1276889146615687,0.12467890225761664,-0.29756621271371847,0.22,1.2
1775605169.8275502,0.5999255391242982,-1.0840711516582735,1.0546106554310275,1.158980482130266,0.1230754401170383,0.13891244686271068,-0.24873796105384827,0.22,1.15
1775605169.927582,0.5999255391242982,-1.0840711516582735,1.0546106554310275,1.1755567300743617,0.11950542029627434,0.2032772441093178,-0.18875755369663236,0.22,1.0999999999999999
1775605170.0275366,0.5999255391242982,-1.0840711516582735,1.0546106554310275,1.1889432249595353,0.1173109032987593,0.12731124508149133,-0.13237857818603516,0.22,1.0499999999999998
1775605170.127437,0.5999255391242982,-1.0840711516582735,1.0546106554310275,1.2060224995014388,0.11541379421724525,0.14261850063760512,-0.07627034187316895,0.22,0.9999999999999999
1775605170.2276947,0.6372336578251602,-1.0235638022197238,1.26454821879389,1.2239879130010511,0.11438324079723292,0.14403545639188017,-0.03429287672042847,0.22,0.9999999999999999
1775605170.327639,0.6372336578251602,-1.0235638022197238,1.26454821879389,1.2387173593449898,0.11429962369630293,0.13382557368672945,0.015380263328552246,0.22,0.9999999999999999
1775605170.4274905,0.6372336578251602,-1.0235638022197238,1.26454821879389,1.2563730578844612,0.11489388034477226,0.14142213429604672,0.06222179532051087,0.22,0.9499999999999998
1775605170.527661,0.6372336578251602,-1.0235638022197238,1.26454821879389,1.274787564791973,0.11639840127481275,0.14884676937291708,0.10323357582092284,0.22,0.8999999999999999
1775605170.6274724,0.6372336578251602,-1.0235638022197238,1.26454821879389,1.2928810457084299,0.1187675940486215,0.217313457211702,0.1473783254623413,0.22,0.8499999999999999
1775605170.727426,0.6372336578251602,-1.0235638022197238,1.26454821879389,1.3073550677664028,0.12121398598158177,0.14799054670768755,0.1913730502128601,0.22,0.7499999999999999
1775605170.8274548,0.6556070453074022,-0.9305386634656712,1.5316518889511543,1.3258357546124087,0.12508197548396938,0.17355321144501978,0.2248976230621338,0.22,0.7
1775605170.9274702,0.6556070453074022,-0.9305386634656712,1.5316518889511543,1.3405659822035787,0.12877359536615032,0.1510346811700069,0.26162415742874146,0.22,0.6499999999999999
1775605171.02746,0.6556070453074022,-0.9305386634656712,1.5316518889511543,1.3588852157242646,0.13393659833845384,0.15392259825990395,0.29768192768096924,0.22,0.6
1775605171.1274767,0.6556070453074022,-0.9305386634656712,1.5316518889511543,1.3775012073519082,0.13995533554115167,0.23532288688551778,0.3234096169471741,0.22,0.5499999999999999
1775605171.227511,0.6556070453074022,-0.9305386634656712,1.5316518889511543,1.3922806487716304,0.14515364185860694,0.15715656824887975,0.34954357147216797,0.22,0.5
1775605171.327418,0.6556070453074022,-0.9305386634656712,1.5316518889511543,1.410818769808203,0.1521594554181846,0.15986423015342374,0.37890022993087763,0.22,0.45
1775605171.4274352,0.6556070453074022,-0.9305386634656712,1.5316518889511543,1.4296613089906554,0.15991138059642607,0.2473372707028682,0.40013909339904785,0.22,0.4
1775605171.5275319,0.6556070453074022,-0.9305386634656712,1.5316518889511543,1.4446460915268227,0.1664531575843887,0.14023025410663542,0.42053109407424927,0.0,0.0
1775605171.627527,0.6374157906874608,-0.8127596042335534,1.7583367302036619,1.4627539604833184,0.17469210240354577,0.1545421130910993,0.433648943901062,0.0,-0.05
1775605171.7275002,0.6374157906874608,-0.8127596042335534,1.7583367302036619,1.4716694181538035,0.178870047203597,0.08408864891530089,0.4406638145446777,0.0,-0.1
1775605171.8275876,0.6374157906874608,-0.8127596042335534,1.7583367302036619,1.4727000327727515,0.17935492897180583,0.00760886510540108,0.43768972158432007,0.0,-0.1
1775605171.9275208,0.6374157906874608,-0.8127596042335534,1.7583367302036619,1.4729064965714176,0.17945117736428812,0.0015193101340644209,0.4337316751480102,0.0,-0.15000000000000002
1775605172.0274804,0.6374157906874608,-0.8127596042335534,1.7583367302036619,1.4731366636213619,0.17955646689787205,0.0025297370333243635,0.424685537815094,0.005,-0.2
1775605172.1274774,0.6374157906874608,-0.8127596042335534,1.7583367302036619,1.4732523450827542,0.17960778314529638,0.0010335892856313362,0.40978533029556274,0.01,-0.2
1775605172.2275603,0.6374157906874608,-0.8127596042335534,1.7583367302036619,1.473322288017421,0.17963733902826756,0.0010850876352682208,0.3909805417060852,0.015,-0.2
1775605172.3276048,0.6374157906874608,-0.8127596042335534,1.7583367302036619,1.473604401100746,0.1797498692454367,0.006064890983385364,0.37583130598068243,0.02,-0.2
1775605172.4274135,0.6374157906874608,-0.8127596042335534,1.7583367302036619,1.4742193525936111,0.17998415591510494,0.007580869257134989,0.35555118322372437,0.025,-0.2
1775605172.5275974,0.6374157906874608,-0.8127596042335534,1.7583367302036619,1.475386300710929,0.1804040879619132,0.013158689103987256,0.33415997028350825,0.03,-0.2
1775605172.627642,0.6374157906874608,-0.8127596042335534,1.7583367302036619,1.4771368313705078,0.18099526586698345,0.015706349124530557,0.31546711921691895,0.03,-0.15000000000000002
1775605172.7275817,0.6374157906874608,-0.8127596042335534,1.7583367302036619,1.479240026873971,0.18164745030013776,0.02682130314715138,0.29199522733688354,0.03,-0.10000000000000002
1775605172.8275893,0.6374157906874608,-0.8127596042335534,1.7583367302036619,1.481305350883395,0.1822498740465825,0.022297624570978777,0.27533286809921265,0.03,-0.1
1775605172.927436,0.6374157906874608,-0.8127596042335534,1.7583367302036619,1.4843294561817997,0.183089558526401,0.02526176140426768,0.2655271291732788,0.034999999999999996,0.0
1775605173.0274549,0.6374157906874608,-0.8127596042335534,1.7583367302036619,1.4873383073197346,0.18388885098661537,0.03591538954050948,0.2562916874885559,0.039999999999999994,0.0
1775605173.1275423,0.6374157906874608,-0.8127596042335534,1.7583367302036619,1.4897392360380022,0.18451187222722162,0.02585527656002789,0.252886712551117,0.04499999999999999,0.0
1775605173.2274895,0.6374157906874608,-0.8127596042335534,1.7583367302036619,1.49275367452351,0.18528985965441322,0.025359474949555535,0.2522711753845215,0.04999999999999999,0.0
1775605173.327573,0.6374157906874608,-0.8127596042335534,1.7583367302036619,1.4965032156153808,0.1862580892959369,0.04872782566316707,0.25294047594070435,0.05,0.0
1775605173.4275503,0.6374157906874608,-0.8127596042335534,1.7583367302036619,1.499786704986152,0.1871077156565949,0.03391211258953016,0.25316739082336426,0.05,0.0
1775605173.5275006,0.6374157906874608,-0.8127596042335534,1.7583367302036619,1.5043934296437966,0.18829958158275484,0.039988671480237804,0.25343483686447144,0.05,0.0
1775605173.6274467,0.6374157906874608,-0.8127596042335534,1.7583367302036619,1.5094412705809634,0.18960538096526175,0.06279600614976577,0.2529723048210144,0.05,0.0
1775605173.7275121,0.6374157906874608,-0.8127596042335534,1.7583367302036619,1.5135582075323732,0.19066933344082482,0.04153729913482342,0.2525376081466675,0.055,0.0
1775605173.82756,0.6374157906874608,-0.8127596042335534,1.7583367302036619,1.518631213742647,0.19197891308728163,0.04168438077454011,0.2528700828552246,0.06,-0.05
1775605173.9274726,0.6374157906874608,-0.8127596042335534,1.7583367302036619,1.5238765277457753,0.193329841358998,0.06590608874730661,0.2513667941093445,0.065,-0.1
1775605174.0274198,0.6374157906874608,-0.8127596042335534,1.7583367302036619,1.5284150338503781,0.19448201830273532,0.049002219171970576,0.24587243795394897,0.07,-0.1
1775605174.1273654,0.6374157906874608,-0.8127596042335534,1.7583367302036619,1.534360546737319,0.19595465257187508,0.050584276240880126,0.23832416534423828,0.07,-0.1
1775605174.2273955,0.6374157906874608,-0.8127596042335534,1.7583367302036619,1.540882582327248,0.19752029469950683,0.06230990271140993,0.2317638397216797,0.07,-0.1
1775605174.3274686,0.6374157906874608,-0.8127596042335534,1.7583367302036619,1.5465798347111994,0.19883400263980014,0.05948259924912514,0.22235280275344851,0.07,-0.05
1775605174.4273984,0.62217658255652,-0.715043932859363,1.5530323079671071,1.5537963505438603,0.20042909705753212,0.05967050134579885,0.21246755123138425,0.07,0.0
1775605174.5274706,0.62217658255652,-0.715043932859363,1.5530323079671071,1.5609761374344524,0.20195473054873242,0.062073585251812106,0.20551609992980954,0.07,0.0
1775605174.6275842,0.62217658255652,-0.715043932859363,1.5530323079671071,1.5683870689061863,0.20348806474109812,0.08990861492243998,0.2031645774841309,0.07,0.05
1775605174.7274752,0.62217658255652,-0.715043932859363,1.5530323079671071,1.5740641140473832,0.20465703033269952,0.05925503016307293,0.20309919118881226,0.07,0.1
1775605174.8274684,0.62217658255652,-0.715043932859363,1.5530323079671071,1.5813507228136645,0.2061666213518806,0.059268740765605114,0.2063609957695007,0.07,0.1
1775605174.927544,0.62217658255652,-0.715043932859363,1.5530323079671071,1.5886036283370237,0.20771347154859002,0.08857568370708407,0.21270912885665894,0.07,0.1
1775605175.027439,0.62217658255652,-0.715043932859363,1.5530323079671071,1.5944110379433238,0.20899902164894946,0.059213189283520186,0.22205114364624023,0.07,0.1
1775605175.127578,0.62217658255652,-0.715043932859363,1.5530323079671071,1.60173652790087,0.21068608701943314,0.059248304669520135,0.23312270641326902,0.07,0.1
1775605175.227514,0.62217658255652,-0.715043932859363,1.5530323079671071,1.6090661384842646,0.21246572095266963,0.09132577493590048,0.24240732192993164,0.07,0.1
1775605175.3275435,0.62217658255652,-0.715043932859363,1.5530323079671071,1.6150027178945736,0.21397390032589872,0.060392057559304206,0.2541753053665161,0.07,0.05
1775605175.427481,0.62217658255652,-0.715043932859363,1.5530323079671071,1.6222704928957157,0.21589444814258818,0.06134593253179094,0.26428723335266113,0.07,0.0
1775605175.5275915,0.62217658255652,-0.715043932859363,1.5530323079671071,1.6294968096183142,0.21787176313742493,0.08184115260151784,0.26927959918975836,0.07,0.0
1775605175.627478,0.62217658255652,-0.715043932859363,1.5530323079671071,1.635229918513722,0.21945615590022588,0.06073293829610209,0.2696690559387207,0.07,0.0
1775605175.7276466,0.62217658255652,-0.715043932859363,1.5530323079671071,1.6424026809360464,0.22143732883318307,0.059670819653334074,0.2692141532897949,0.07,0.0
1775605175.8274472,0.62217658255652,-0.715043932859363,1.5530323079671071,1.6495051831628842,0.22338763765491657,0.07892727147461978,0.2668559551239014,0.07500000000000001,0.0
1775605175.9276118,0.62217658255652,-0.715043932859363,1.5530323079671071,1.6550965655887147,0.22491464914421086,0.05625853128483108,0.2663309574127197,0.08,0.0
1775605176.0275698,0.62217658255652,-0.715043932859363,1.5530323079671071,1.6622759675914178,0.2268716249162358,0.05772448620172659,0.2660014033317566,0.08,0.0
1775605176.1277437,0.62217658255652,-0.715043932859363,1.5530323079671071,1.6698698408507333,0.22894419434207883,0.09391676890292103,0.26645743846893316,0.08,0.0
1775605176.2275536,0.62217658255652,-0.715043932859363,1.5530323079671071,1.6763887092927308,0.2307258465856747,0.06836201149469577,0.26724451780319214,0.08,0.0
1775605176.3276415,0.62217658255652,-0.715043932859363,1.5530323079671071,1.684663635581667,0.23299466259380577,0.06988517308307046,0.26841396093368525,0.08,0.0
1775605176.4274673,0.62217658255652,-0.715043932859363,1.5530323079671071,1.692935321201926,0.2352752658764285,0.10174029090586886,0.26922309398651123,0.08,0.0
1775605176.5275679,0.62217658255652,-0.715043932859363,1.5530323079671071,1.6996209402034301,0.23711876785848063,0.07126783551502623,0.26892608404159546,0.08,0.0
1775605176.627474,0.62217658255652,-0.715043932859363,1.5530323079671071,1.7076979248223976,0.23934373420891888,0.06489643588370762,0.26875537633895874,0.08,0.0
1775605176.7276058,0.62217658255652,-0.715043932859363,1.5530323079671071,1.7159232587495252,0.24160198012535902,0.10203532335435452,0.26713407039642334,0.08,0.0
1775605176.8275316,0.62217658255652,-0.715043932859363,1.5530323079671071,1.7225870620818988,0.24342935435793142,0.06055567219281041,0.2683951854705811,0.08,0.0
1775605176.9275973,0.62217658255652,-0.715043932859363,1.5530323079671071,1.7307358517841727,0.24567956037665908,0.06566593037394684,0.2701919674873352,0.08,0.0
1775605177.027516,0.62217658255652,-0.715043932859363,1.5530323079671071,1.7391014073759883,0.2480005631908943,0.0687944163300355,0.2711052894592285,0.08,0.0
1775605177.1273956,0.62217658255652,-0.715043932859363,1.5530323079671071,1.7472212132445708,0.2502605773909993,0.09460348255361889,0.27181476354599,0.08,0.0
1775605177.2275417,0.62217658255652,-0.715043932859363,1.5530323079671071,1.7535113302034542,0.25201482369465394,0.05580035698392267,0.2719651460647583,0.08,0.0
1775605177.3275702,0.62217658255652,-0.715043932859363,1.5530323079671071,1.761679750867854,0.2542889596466423,0.0669444314070862,0.2707820534706116,0.08,0.0
1775605177.4274755,0.62217658255652,-0.715043932859363,1.5530323079671071,1.769874969277494,0.2565611953059578,0.10292449313590797,0.2706233263015747,0.08,0.0
1775605177.527572,0.62217658255652,-0.715043932859363,1.5530323079671071,1.7778265973042162,0.2587646686841049,0.09633282328758327,0.27031236886978155,0.08,0.0
1775605177.6273887,0.62217658255652,-0.715043932859363,1.5530323079671071,1.7842662700620862,0.2605479303194182,0.05588420616132799,0.27021569013595576,0.08,0.0
1775605177.7275987,0.62217658255652,-0.715043932859363,1.5530323079671071,1.79246093913166,0.2628221447922206,0.062317439170440185,0.271509051322937,0.08,0.0
1775605177.8275754,0.62217658255652,-0.715043932859363,1.5530323079671071,1.800750739131519,0.2651321535229243,0.0673708073898583,0.27202874422073364,0.08,0.0
1775605177.9275036,0.62217658255652,-0.715043932859363,1.5530323079671071,1.8074297805436672,0.2669993449942516,0.05895009751665386,0.2730411291122436,0.08,0.0
1775605178.0276623,0.6169423746848844,-0.44403219883459655,1.6165124826937076,1.8157902295215773,0.26933867620096996,0.06717813027918168,0.2726832628250122,0.08,0.0
1775605178.1275403,0.6169423746848844,-0.44403219883459655,1.6165124826937076,1.8240543065969026,0.27164669805691233,0.10097589068105685,0.2719364762306214,0.08,0.0
1775605178.2276363,0.6169423746848844,-0.44403219883459655,1.6165124826937076,1.8306381231169397,0.27347845849831226,0.06937342463139078,0.27105742692947393,0.08,0.0
1775605178.3276377,0.6169423746848844,-0.44403219883459655,1.6165124826937076,1.8387359912758248,0.27572287764284875,0.0678261688359291,0.2696723937988281,0.08,0.0
1775605178.4276326,0.6169423746848844,-0.44403219883459655,1.6165124826937076,1.8470066589423202,0.2780071702878362,0.10395057788731146,0.2692723870277405,0.08,0.0
1775605178.527642,0.6169423746848844,-0.44403219883459655,1.6165124826937076,1.8537404686308483,0.27986633734820515,0.06893191008452851,0.26945793628692627,0.08,0.0
1775605178.627525,0.6169423746848844,-0.44403219883459655,1.6165124826937076,1.8620358916832176,0.2821560709360965,0.06837121737914043,0.2687756419181824,0.08,0.0
1775605178.7275264,0.6169423746848844,-0.44403219883459655,1.6165124826937076,1.87035601611497,0.28445144044874215,0.10311726363946122,0.26965105533599854,0.08,0.0
1775605178.8274186,0.6169423746848844,-0.44403219883459655,1.6165124826937076,1.8769428648039468,0.2862722678161403,0.06837599228365061,0.2700990438461304,0.08,0.0
1775605178.9275527,0.6169423746848844,-0.44403219883459655,1.6165124826937076,1.8850914492997906,0.28852321808726666,0.06874219558607696,0.26873350143432617,0.08,0.0
1775605179.0275154,0.6169423746848844,-0.44403219883459655,1.6165124826937076,1.8933379277745366,0.2908000184115449,0.10235843004295857,0.269587516784668,0.08,0.0
1775605179.1274881,0.6169423746848844,-0.44403219883459655,1.6165124826937076,1.8999992387023885,0.29263645789936266,0.06945557651698284,0.26859927177429205,0.08,0.0
1775605179.2274425,0.6169423746848844,-0.44403219883459655,1.6165124826937076,1.908247704419626,0.29490604889128863,0.06877453724349367,0.26881301403045654,0.08,0.0
1775605179.327498,0.6169423746848844,-0.44403219883459655,1.6165124826937076,1.9166153950039684,0.297219340897302,0.10255078219386042,0.2704744338989258,0.08,0.0
1775605179.4273756,0.6169423746848844,-0.44403219883459655,1.6165124826937076,1.923321919249684,0.2990821987618358,0.06834102642432212,0.2709579467773437,0.08,0.0
1775605179.527589,0.6169423746848844,-0.44403219883459655,1.6165124826937076,1.9316123835383279,0.3013898216435915,0.06890015395802013,0.2719184160232544,0.08,0.0
1775605179.6274128,0.6169423746848844,-0.44403219883459655,1.6165124826937076,1.9382188612361864,0.30323454922125054,0.06838925606139908,0.2728251814842224,0.08,0.0
1775605179.7276158,0.6169423746848844,-0.44403219883459655,1.6165124826937076,1.9464095313751144,0.3055231251733508,0.06821276461288053,0.27205634117126465,0.08,0.0
1775605179.827573,0.6169423746848844,-0.44403219883459655,1.6165124826937076,1.954675616456681,0.3078239447956964,0.10363979574052165,0.2711365818977356,0.08,0.0
1775605179.9276147,0.6169423746848844,-0.44403219883459655,1.6165124826937076,1.961261020569914,0.30964998879077493,0.06931723755246663,0.26989030838012695,0.08,0.0
1775605180.0276024,0.6169423746848844,-0.44403219883459655,1.6165124826937076,1.9694330831409452,0.3119110039883641,0.06887674469942481,0.27004003524780273,0.08,0.0
1775605180.1275103,0.6169423746848844,-0.44403219883459655,1.6165124826937076,1.9777491074230673,0.31422118108629954,0.10417125635584645,0.271999716758728,0.08,0.0
1775605180.227474,0.6169423746848844,-0.44403219883459655,1.6165124826937076,1.9844035865949277,0.316082223925047,0.06884030728808171,0.2729488015174866,0.08,0.0
1775605180.3276005,0.6169423746848844,-0.44403219883459655,1.6165124826937076,1.9925437271533766,0.31836352171549687,0.06834744171920826,0.2741808295249939,0.08,0.0
1775605180.427499,0.6169423746848844,-0.44403219883459655,1.6165124826937076,2.0009007011934394,0.3207152366308382,0.10287837168723364,0.2742686867713928,0.08,0.0
1775605180.5275965,0.6169423746848844,-0.44403219883459655,1.6165124826937076,2.007528214445925,0.3225787011475004,0.06883292340258093,0.2738757133483887,0.08,0.0
1775605180.6276376,0.6169423746848844,-0.44403219883459655,1.6165124826937076,2.015668264362182,0.3248603228185338,0.06637834676762215,0.2728636860847473,0.08,0.0
1775605180.7275956,0.6169423746848844,-0.44403219883459655,1.6165124826937076,2.023614837490423,0.3270819567928742,0.06489050603788965,0.27223676443099976,0.08,0.0
1775605180.8276544,0.6169423746848844,-0.44403219883459655,1.6165124826937076,2.0316839791894257,0.329335200495141,0.09979100815317712,0.27271735668182373,0.08,0.0
1775605180.9276218,0.6169423746848844,-0.44403219883459655,1.6165124826937076,2.038436172311534,0.3312227523454865,0.07035474067341874,0.2725411057472229,0.08,0.0
1775605181.0276415,0.6169423746848844,-0.44403219883459655,1.6165124826937076,2.0466995161043395,0.3335333986069979,0.0695704763339588,0.27286243438720703,0.08,0.0
1775605181.1274886,0.6169423746848844,-0.44403219883459655,1.6165124826937076,2.054890489312111,0.3358208899410998,0.10017352361596739,0.2723637819290161,0.08,0.0
1775605181.2276397,0.6169423746848844,-0.44403219883459655,1.6165124826937076,2.0615216990445533,0.3376711571158895,0.0683742327426722,0.27171665430068975,0.08,0.0
1775605181.327585,0.6169423746848844,-0.44403219883459655,1.6165124826937076,2.0697156087292785,0.33994810532672354,0.06883128137789325,0.27014899253845215,0.08,0.0
1775605181.427502,0.6106727929060384,-0.20406651741862067,1.5792951668181558,2.077595306674711,0.3421268057707459,0.09625066518796405,0.27011668682098394,0.08,0.0
1775605181.5275362,0.6106727929060384,-0.20406651741862067,1.5792951668181558,2.0857198268532846,0.3443698130700989,0.10271930664198668,0.2691683769226074,0.08,0.0
1775605181.6275623,0.6106727929060384,-0.20406651741862067,1.5792951668181558,2.0923322756093756,0.3461930220938332,0.06944863511993225,0.26937842369079584,0.08,0.0
1775605181.727593,0.6106727929060384,-0.20406651741862067,1.5792951668181558,2.100796729639317,0.3485362514232709,0.07138243718478625,0.271088182926178,0.08,0.0
1775605181.8275952,0.6106727929060384,-0.20406651741862067,1.5792951668181558,2.107501882164847,0.35040404017292703,0.07088489128740288,0.27197593450546265,0.08,0.0
1775605181.927471,0.6106727929060384,-0.20406651741862067,1.5792951668181558,2.1155955669864945,0.3526634993012261,0.06324500865443508,0.273032009601593,0.08,0.0
1775605182.0276372,0.6106727929060384,-0.20406651741862067,1.5792951668181558,2.1237844678948536,0.35495839802299517,0.06534150754554391,0.2736344337463379,0.08,0.0
1775605182.1275144,0.6106727929060384,-0.20406651741862067,1.5792951668181558,2.1320689970106947,0.3572872393403388,0.10312352854121211,0.2741163969039917,0.08,0.0
1775605182.227638,0.6106727929060384,-0.20406651741862067,1.5792951668181558,2.138575447245689,0.3591137214573728,0.06832133285708396,0.2736337184906006,0.08,0.0
1775605182.3275888,0.6106727929060384,-0.20406651741862067,1.5792951668181558,2.1467399649120544,0.3614018310703677,0.06879589297854441,0.27292776107788086,0.08,0.0
1775605182.427479,0.6106727929060384,-0.20406651741862067,1.5792951668181558,2.15500497600927,0.36370650548144984,0.10329275834468889,0.27189952135086054,0.08,0.0
1775605182.5275047,0.6106727929060384,-0.20406651741862067,1.5792951668181558,2.161683948339787,0.3655739433753332,0.0708701315915753,0.27326190471649164,0.08,0.0
1775605182.6276093,0.6106727929060384,-0.20406651741862067,1.5792951668181558,2.169847141664263,0.36786677193188433,0.07066210142387477,0.27465295791625977,0.08,0.0
1775605182.7274544,0.6106727929060384,-0.20406651741862067,1.5792951668181558,2.178130687128822,0.37019910977354986,0.10326790396802908,0.2749186158180237,0.08,0.0
1775605182.8274984,0.6106727929060384,-0.20406651741862067,1.5792951668181558,2.1847071839473955,0.37205697868013715,0.0673631130237302,0.27557581663131714,0.08,0.0
1775605182.9275,0.6106727929060384,-0.20406651741862067,1.5792951668181558,2.1927927426464633,0.3743453476560214,0.06424690230838581,0.2762889862060547,0.08,0.0
1775605183.0275877,0.6106727929060384,-0.20406651741862067,1.5792951668181558,2.2007815722240016,0.3766037152637429,0.10072434407852897,0.2750347852706909,0.08,0.0
1775605183.1274848,0.6106727929060384,-0.20406651741862067,1.5792951668181558,2.208993100010381,0.3789116598272104,0.10197239936364351,0.2737116813659668,0.08,0.0
1775605183.2274766,0.6106727929060384,-0.20406651741862067,1.5792951668181558,2.2155494360214902,0.3807477279647528,0.06889874591987379,0.273331880569458,0.08,0.0
1775605183.3273883,0.6106727929060384,-0.20406651741862067,1.5792951668181558,2.223957060026868,0.3831063175287388,0.10631738990168921,0.2734636068344117,0.08,0.0
1775605183.4275496,0.6106727929060384,-0.20406651741862067,1.5792951668181558,2.2306333414329265,0.3849833532352612,0.07037909859009472,0.2747273445129394,0.08,0.0
1775605183.5274644,0.6106727929060384,-0.20406651741862067,1.5792951668181558,2.2387459684658797,0.3872690032452445,0.06830618916010049,0.275006651878357,0.08,0.0
1775605183.6274571,0.6106727929060384,-0.20406651741862067,1.5792951668181558,2.2466870886110213,0.38951005086291907,0.06479137112380978,0.2749581336975098,0.08,0.0
1775605183.7274427,0.6106727929060384,-0.20406651741862067,1.5792951668181558,2.2547279321612064,0.3917704762342595,0.09816424784668257,0.27333950996398926,0.08,0.0
1775605183.8274572,0.6106727929060384,-0.20406651741862067,1.5792951668181558,2.2613337004264147,0.3936177418243371,0.06838500895762768,0.27199798822402954,0.08,0.0
1775605183.9275427,0.6106727929060384,-0.20406651741862067,1.5792951668181558,2.2694777996044757,0.3958848670747482,0.06838729052989337,0.27080458402633667,0.08,0.0
1775605184.0273843,0.6106727929060384,-0.20406651741862067,1.5792951668181558,2.2776501181214424,0.39814495596362065,0.10223983079681544,0.26975309848785395,0.08,0.0
1775605184.1275563,0.6106727929060384,-0.20406651741862067,1.5792951668181558,2.2857962418053472,0.4004047952917269,0.10120047603657731,0.27124774456024175,0.08,0.0
1775605184.2274623,0.6106727929060384,-0.20406651741862067,1.5792951668181558,2.2923049124492767,0.4022233453354298,0.07037764004636357,0.27349859476089483,0.08,0.0
1775605184.3274858,0.6106727929060384,-0.20406651741862067,1.5792951668181558,2.3006880972653887,0.40457534502291326,0.07012477195333842,0.2740491628646851,0.08,0.0
1775605184.4276004,0.6106727929060384,-0.20406651741862067,1.5792951668181558,2.30892243372714,0.4068956744004756,0.10330096243922078,0.2750934362411499,0.08,0.0
1775605184.527549,0.6106727929060384,-0.20406651741862067,1.5792951668181558,2.3155480607113708,0.4087658346416316,0.06724923033369021,0.2748985290527344,0.08,0.0
1775605184.6276429,0.6106727929060384,-0.20406651741862067,1.5792951668181558,2.323782738909427,0.4110849516144006,0.06785554341263457,0.27429378032684326,0.08,0.0
1775605184.7275896,0.6106727929060384,-0.20406651741862067,1.5792951668181558,2.3319940582172363,0.4133936393323159,0.10323566543971933,0.2739263772964477,0.08,0.0
1775605184.8275068,0.6131005980366506,0.034608106792594795,1.5675132698373058,2.338525225320453,0.4152257215230223,0.06882872283840241,0.2733771800994873,0.08,0.0
1775605184.9274695,0.6131005980366506,0.034608106792594795,1.5675132698373058,2.3468103443715203,0.41755246157200215,0.06920055352460541,0.2747698426246643,0.08,0.0
1775605185.0276358,0.6131005980366506,0.034608106792594795,1.5675132698373058,2.354969913049793,0.4198581566693493,0.10019139163743773,0.27590399980545044,0.08,0.0
1775605185.1274607,0.6131005980366506,0.034608106792594795,1.5675132698373058,2.3617404672952573,0.4217739096196732,0.07098173081873685,0.275875449180603,0.08,0.0
1775605185.2274506,0.6131005980366506,0.034608106792594795,1.5675132698373058,2.369946596584297,0.42410097727568213,0.06812292394764498,0.27664047479629517,0.08,0.0
1775605185.327538,0.6131005980366506,0.034608106792594795,1.5675132698373058,2.3780060369451035,0.426388678501164,0.10281205858433952,0.2767878770828247,0.08,0.0
1775605185.427595,0.6131005980366506,0.034608106792594795,1.5675132698373058,2.3844097135799083,0.4282065670665405,0.06419085817113537,0.276032030582428,0.08,0.0
1775605185.5274558,0.6131005980366506,0.034608106792594795,1.5675132698373058,2.3924460163089116,0.4304830857545516,0.0642322117830487,0.27593386173248297,0.08,0.0
1775605185.6275415,0.6131005980366506,0.034608106792594795,1.5675132698373058,2.4007272758746225,0.4328235269911814,0.10451989889244316,0.2756301164627076,0.08,0.0
1775605185.7276392,0.6131005980366506,0.034608106792594795,1.5675132698373058,2.4089581784787177,0.4351560080125973,0.10276022338741689,0.27667224407196045,0.08,0.0
1775605185.8276362,0.6131005980366506,0.034608106792594795,1.5675132698373058,2.415459287673296,0.43700141061245446,0.0702941548342227,0.2771797180175781,0.08,0.0
1775605185.927584,0.6131005980366506,0.034608106792594795,1.5675132698373058,2.4236644990540226,0.43933171295122997,0.06782727974079093,0.27658367156982416,0.08,0.0
1775605186.027593,0.6131005980366506,0.034608106792594795,1.5675132698373058,2.4319171684065557,0.44168019793235613,0.10320515298642238,0.2775469422340393,0.08,0.0
1775605186.127646,0.6131005980366506,0.034608106792594795,1.5675132698373058,2.4383202651422455,0.4435001275716785,0.06780736900215632,0.27647840976715093,0.08,0.0
1775605186.2275138,0.6131005980366506,0.034608106792594795,1.5675132698373058,2.4463567078439348,0.44577615045222435,0.06427489875857763,0.27513259649276733,0.08,0.0
1775605186.3276393,0.6131005980366506,0.034608106792594795,1.5675132698373058,2.4545918014575347,0.4480937906229254,0.1011719493681934,0.2738409638404846,0.08,0.0
1775605186.4275746,0.6131005980366506,0.034608106792594795,1.5675132698373058,2.462612160698374,0.4503335099018455,0.102166865997019,0.2717246413230896,0.08,0.0
1775605186.5275936,0.6131005980366506,0.034608106792594795,1.5675132698373058,2.469097302748128,0.45214221267329796,0.06620380997338016,0.27273446321487427,0.08,0.0
1775605186.627495,0.6131005980366506,0.034608106792594795,1.5675132698373058,2.4772139586938238,0.45441351330666785,0.06526908769656725,0.2736286520957946,0.08,0.0
1775605186.7276127,0.6131005980366506,0.034608106792594795,1.5675132698373058,2.4853278558201923,0.4566946500939239,0.10153850032902209,0.2743246555328369,0.08,0.0
1775605186.827567,0.6131005980366506,0.034608106792594795,1.5675132698373058,2.4920015793826824,0.45858075778166213,0.07031853124515625,0.2763930559158326,0.08,0.0
1775605186.927607,0.6131005980366506,0.034608106792594795,1.5675132698373058,2.500037001892513,0.46086038143860697,0.06628832745300924,0.2763966917991638,0.08,0.0
1775605187.0275788,0.6131005980366506,0.034608106792594795,1.5675132698373058,2.5083172800284586,0.46320429146661746,0.06879893034431375,0.27529871463775635,0.08,0.0
1775605187.1274884,0.6131005980366506,0.034608106792594795,1.5675132698373058,2.5165255604955776,0.4655237603881372,0.10057334142037377,0.2752089500427246,0.08,0.0
1775605187.227485,0.6131005980366506,0.034608106792594795,1.5675132698373058,2.5229567003835887,0.4673375534011909,0.0682554054860427,0.2743704319000244,0.08,0.0
1775605187.3273854,0.6131005980366506,0.034608106792594795,1.5675132698373058,2.5312639283186926,0.4696791672186993,0.07026002396617263,0.27530807256698603,0.08,0.0
1775605187.427546,0.6131005980366506,0.034608106792594795,1.5675132698373058,2.5395430269377393,0.4720272372602003,0.10378898803776336,0.27736324071884155,0.08,0.0
1775605187.5276492,0.6131005980366506,0.034608106792594795,1.5675132698373058,2.546188057611063,0.4739217405026367,0.06991833449936716,0.27794194221496576,0.08,0.0
1775605187.627503,0.6131005980366506,0.034608106792594795,1.5675132698373058,2.554316948530966,0.47624280622964327,0.06521905045604608,0.2783639430999756,0.08,0.0
1775605187.7276337,0.6131005980366506,0.034608106792594795,1.5675132698373058,2.562543248324172,0.47859146996435187,0.10321323588486118,0.2780148386955261,0.08,0.0
1775605187.8276536,0.6131005980366506,0.034608106792594795,1.5675132698373058,2.569138854103484,0.48047469969789924,0.0682919257000178,0.27800226211547857,0.08,0.0
1775605187.927642,0.6131005980366506,0.034608106792594795,1.5675132698373058,2.5772936016302403,0.4827973888345009,0.0677425513431069,0.2769882678985596,0.08,0.0
1775605188.0275846,0.6131005980366506,0.034608106792594795,1.5675132698373058,2.585498210150977,0.4851298131196188,0.10256963475244367,0.27671897411346436,0.08,0.0
1775605188.1274974,0.6131005980366506,0.034608106792594795,1.5675132698373058,2.592070406475661,0.487002835446754,0.06832934583450241,0.27869272232055664,0.08,0.0
1775605188.2273908,0.6183261582575598,0.2853208798357659,1.570625927663116,2.6004891804900194,0.48941488860442656,0.06981222113601247,0.2798158526420593,0.08,0.0
1775605188.3276427,0.6183261582575598,0.2853208798357659,1.570625927663116,2.608905135244326,0.49183676093806605,0.10472988639033716,0.280492901802063,0.08,0.0
1775605188.4275656,0.6183261582575598,0.2853208798357659,1.570625927663116,2.615544065026946,0.49375253360450655,0.0698934923056963,0.2814292907714843,0.08,0.0
1775605188.5276494,0.6183261582575598,0.2853208798357659,1.570625927663116,2.623715091220738,0.49611028322556094,0.06774756206399607,0.2801186442375183,0.08,0.0
1775605188.6274157,0.6183261582575598,0.2853208798357659,1.570625927663116,2.630283437520424,0.4979967648349345,0.06770846618795531,0.27918136119842535,0.08,0.0
1775605188.727514,0.6183261582575598,0.2853208798357659,1.570625927663116,2.6383133968819448,0.5002955574949974,0.06273909498895168,0.27820658683776855,0.08,0.0
1775605188.827498,0.6183261582575598,0.2853208798357659,1.570625927663116,2.6464429318767237,0.5026143650002914,0.06774516418663169,0.2769320011138916,0.08,0.0
1775605188.9274926,0.6183261582575598,0.2853208798357659,1.570625927663116,2.6546234073899093,0.5049391187811423,0.1005555759319384,0.2768665552139283,0.08,0.0
1775605189.0273795,0.6183261582575598,0.2853208798357659,1.570625927663116,2.6611232907024704,0.5067888344186812,0.06512203717428702,0.2775240540504456,0.08,0.0
1775605189.127555,0.6183261582575598,0.2853208798357659,1.570625927663116,2.6692048869310017,0.5090911585726593,0.06838191600746837,0.2774098515510559,0.08,0.0
1775605189.2274919,0.6183261582575598,0.2853208798357659,1.570625927663116,2.6774562354131204,0.5114442805482753,0.1027491368811217,0.27815210819244385,0.08,0.0
1775605189.3274825,0.6183261582575598,0.2853208798357659,1.570625927663116,2.6855110470324806,0.5137482261405937,0.10359527384887511,0.27846348285675043,0.08,0.0
1775605189.427367,0.6183261582575598,0.2853208798357659,1.570625927663116,2.6920816941444072,0.5156266788438643,0.06782504711673683,0.27804493904113764,0.08,0.0
1775605189.527656,0.6183261582575598,0.2853208798357659,1.570625927663116,2.7003804003066203,0.5179983173651405,0.06836716539021322,0.2787061333656311,0.08,0.0
1775605189.627595,0.6183261582575598,0.2853208798357659,1.570625927663116,2.708582227632747,0.5203405017967758,0.1016562527424031,0.2776437997817993,0.08,0.0
1775605189.727566,0.6183261582575598,0.2853208798357659,1.570625927663116,2.7152024974859614,0.5222295375363936,0.06777873637896857,0.27871829271316534,0.08,0.0
1775605189.8275595,0.6183261582575598,0.2853208798357659,1.570625927663116,2.723377021818073,0.5245751299620278,0.06928520887328765,0.280063271522522,0.08,0.0
1775605189.927646,0.6183261582575598,0.2853208798357659,1.570625927663116,2.731741852163291,0.5269915919391285,0.10512365611228196,0.28196489810943604,0.08,0.0
1775605190.0275254,0.6183261582575598,0.2853208798357659,1.570625927663116,2.738159444504894,0.5288527511041698,0.06920620090696408,0.2828956246376037,0.08,0.0
1775605190.127518,0.6183261582575598,0.2853208798357659,1.570625927663116,2.7463252795460846,0.5312284189567733,0.06818455698199613,0.2830592393875122,0.08,0.0
1775605190.227645,0.6183261582575598,0.2853208798357659,1.570625927663116,2.7545890432051716,0.5336299050144185,0.10309841380144999,0.282728374004364,0.08,0.0
1775605190.3276258,0.6183261582575598,0.2853208798357659,1.570625927663116,2.7611777465674097,0.5355371404940793,0.06817669219023965,0.2808247804641723,0.08,0.0
1775605190.4275548,0.6183261582575598,0.2853208798357659,1.570625927663116,2.7693003456317697,0.5378801297748491,0.06735664191475321,0.2806567549705505,0.08,0.0
1775605190.527641,0.6183261582575598,0.2853208798357659,1.570625927663116,2.7773730829609122,0.5402133244586507,0.09911285470344956,0.2820882797241211,0.08,0.0
1775605190.62747,0.6183261582575598,0.2853208798357659,1.570625927663116,2.7838875671978407,0.5421038700550547,0.06466855240458927,0.2829688787460327,0.08,0.0
1775605190.7275639,0.6183261582575598,0.2853208798357659,1.570625927663116,2.792246658270677,0.5445401134750494,0.06977591654642314,0.2841176986694336,0.08,0.0
1775605190.8276494,0.6183261582575598,0.2853208798357659,1.570625927663116,2.8004819924690003,0.5469486826846688,0.10619985743700247,0.2848371863365173,0.08,0.0
1775605190.9275947,0.6183261582575598,0.2853208798357659,1.570625927663116,2.8085219102707906,0.5493040759566734,0.10316471831348116,0.2846223711967468,0.08,0.0
1775605191.0275335,0.6183261582575598,0.2853208798357659,1.570625927663116,2.8151302442623143,0.5512344520481083,0.06947471914674522,0.28372669219970703,0.08,0.0
1775605191.1275876,0.6183261582575598,0.2853208798357659,1.570625927663116,2.8232958310257597,0.5536109720459188,0.10297890485471406,0.28262054920196533,0.08,0.0
1775605191.227485,0.6183261582575598,0.2853208798357659,1.570625927663116,2.8297867128193728,0.5554920305431258,0.06745168620453953,0.28133451938629145,0.08,0.0
1775605191.3274982,0.6183261582575598,0.2853208798357659,1.570625927663116,2.8378594099003083,0.5578253662636594,0.068280866336754,0.28164899349212646,0.08,0.0
1775605191.427432,0.6183261582575598,0.2853208798357659,1.570625927663116,2.84622313586265,0.5602456512345266,0.06920376864914665,0.28140926361083984,0.08,0.0
1775605191.5276535,0.6183261582575598,0.2853208798357659,1.570625927663116,2.852884902034318,0.5621735705092323,0.06822193170424981,0.2814182043075562,0.08,0.0
1775605191.6275053,0.6133477899655149,0.5412893342473971,1.5876118014886698,2.861201525676062,0.5645745113022723,0.06951128588277054,0.2810634374618531,0.08,0.0
1775605191.7276044,0.6133477899655149,0.5412893342473971,1.5876118014886698,2.869372090510274,0.5669338607945794,0.1182506607083605,0.2809613347053528,0.08,0.0
1775605191.8274581,0.6133477899655149,0.5412893342473971,1.5876118014886698,2.8758908505430347,0.5688096087630482,0.06794926893662424,0.2794073224067688,0.08,0.0
1775605191.927507,0.6133477899655149,0.5412893342473971,1.5876118014886698,2.88406513984005,0.5711560218265805,0.06975307508741493,0.279444694519043,0.08,0.0
1775605192.0274599,0.6133477899655149,0.5412893342473971,1.5876118014886698,2.8922148591222605,0.5734962935929894,0.10204233911758377,0.2796412706375122,0.08,0.0
1775605192.1274533,0.6133477899655149,0.5412893342473971,1.5876118014886698,2.9002436835323757,0.5757990479257813,0.10158851434264185,0.27966898679733276,0.08,0.0
1775605192.2274218,0.6133477899655149,0.5412893342473971,1.5876118014886698,2.9065428511880675,0.577614161480616,0.06570230606130208,0.28131598234176636,0.08,0.0
1775605192.3274722,0.6133477899655149,0.5412893342473971,1.5876118014886698,2.914905431122103,0.5800384013898843,0.06853116402206941,0.28274744749069214,0.08,0.0
1775605192.4274957,0.6133477899655149,0.5412893342473971,1.5876118014886698,2.9230958872994335,0.5824200456756914,0.08022797327288231,0.28349196910858154,0.08,0.0
1775605192.5275397,0.6133477899655149,0.5412893342473971,1.5876118014886698,2.9311138764315214,0.5847602481885479,0.10210752134573306,0.2840745449066162,0.08,0.0
1775605192.6274621,0.6133477899655149,0.5412893342473971,1.5876118014886698,2.9375286498817683,0.5866311005818479,0.06470603687565817,0.2837942838668823,0.08,0.0
1775605192.727379,0.6133477899655149,0.5412893342473971,1.5876118014886698,2.9456932219967493,0.5890111046062676,0.07242823843564443,0.2829908728599549,0.08,0.0
1775605192.8274376,0.6133477899655149,0.5412893342473971,1.5876118014886698,2.9538122267421865,0.5913665176274249,0.10150490484556454,0.2818175554275512,0.08,0.0
1775605192.9274666,0.6133477899655149,0.5412893342473971,1.5876118014886698,2.9602551579365497,0.5932311727266031,0.06471923173966979,0.2818950414657593,0.08,0.0
1775605193.0274227,0.6133477899655149,0.5412893342473971,1.5876118014886698,2.968591494294563,0.5956550244825055,0.07102580778576667,0.2838379144668579,0.08,0.0
1775605193.1275878,0.6133477899655149,0.5412893342473971,1.5876118014886698,2.9768756914783485,0.5980768564950097,0.12359153629401307,0.28449088335037226,0.08,0.0
