timestamp,amcl_x,amcl_y,amcl_theta,dubins_x,dubins_y,dubins_v,dubins_theta,teleop_v,teleop_w
1775605442.921455,0.7182201477889213,0.5908620220772837,1.5901222887789996,3.102397102678493,0.634699183015249,0.0,0.2835127711296081,0.0,0.0
1775605443.0213451,0.7182201477889213,0.5908620220772837,1.5901222887789996,3.102397102678493,0.634699183015249,0.0,0.283494770526886,0.0,0.0
1775605443.121478,0.7182201477889213,0.5908620220772837,1.5901222887789996,3.102397102678493,0.634699183015249,0.0,0.28351151943206787,0.0,0.0
1775605443.221345,0.7182201477889213,0.5908620220772837,1.5901222887789996,3.102397102678493,0.634699183015249,0.0,0.2834995985031128,0.0,0.0
1775605443.3213704,0.7182201477889213,0.5908620220772837,1.5901222887789996,3.102397102678493,0.634699183015249,0.0,0.28351271152496343,0.0,0.0
1775605443.4214213,0.7182201477889213,0.5908620220772837,1.5901222887789996,3.102397102678493,0.634699183015249,0.0,0.2834948897361756,0.0,0.0
1775605443.521345,0.7182201477889213,0.5908620220772837,1.5901222887789996,3.102397102678493,0.634699183015249,0.0,0.2834838628768921,0.0,0.0
1775605443.6214,0.7182201477889213,0.5908620220772837,1.5901222887789996,3.102397102678493,0.634699183015249,0.0,0.283455491065979,0.0,0.0
1775605443.7213702,0.7182201477889213,0.5908620220772837,1.5901222887789996,3.102397102678493,0.634699183015249,0.0,0.2835072875022888,0.0,0.0
1775605443.8213644,0.7182201477889213,0.5908620220772837,1.5901222887789996,3.102397102678493,0.634699183015249,0.0,0.28350818157196045,0.0,0.0
1775605443.9213634,0.7182201477889213,0.5908620220772837,1.5901222887789996,3.102397102678493,0.634699183015249,0.0,0.28351759910583496,0.0,0.0
1775605444.0214083,0.7182201477889213,0.5908620220772837,1.5901222887789996,3.102397102678493,0.634699183015249,0.0,0.28349798917770386,0.0,0.0
1775605444.1215415,0.7182201477889213,0.5908620220772837,1.5901222887789996,3.102397102678493,0.634699183015249,0.0,0.28353369235992426,0.0,0.0
1775605444.2214477,0.7182201477889213,0.5908620220772837,1.5901222887789996,3.102397102678493,0.634699183015249,0.0,0.2835097908973694,0.0,0.0
1775605444.3214345,0.7182201477889213,0.5908620220772837,1.5901222887789996,3.102397102678493,0.634699183015249,0.0,0.28348177671432495,0.0,0.0
1775605444.4214516,0.7182201477889213,0.5908620220772837,1.5901222887789996,3.102397102678493,0.634699183015249,0.0,0.2835002541542054,0.0,0.0
1775605444.521361,0.7182201477889213,0.5908620220772837,1.5901222887789996,3.102397102678493,0.634699183015249,0.0,0.28350913524627686,0.0,0.0
1775605444.6214771,0.7182201477889213,0.5908620220772837,1.5901222887789996,3.102397102678493,0.634699183015249,0.0,0.28350961208343506,0.0,0.0
1775605444.7213185,0.7182201477889213,0.5908620220772837,1.5901222887789996,3.102397102678493,0.634699183015249,0.0,0.28352910280227656,0.0,0.0
1775605444.8213809,0.7182201477889213,0.5908620220772837,1.5901222887789996,3.102397102678493,0.634699183015249,0.0,0.28350919485092163,0.0,0.0
1775605444.9214659,0.7182201477889213,0.5908620220772837,1.5901222887789996,3.102397102678493,0.634699183015249,0.0,0.2834693193435669,0.0,0.0
1775605445.0214162,0.7182201477889213,0.5908620220772837,1.5901222887789996,3.102397102678493,0.634699183015249,0.0,0.2834997773170472,0.0,0.0
1775605445.1215014,0.7182201477889213,0.5908620220772837,1.5901222887789996,3.102397102678493,0.634699183015249,0.0,0.2835116386413574,0.0,0.0
1775605445.2213633,0.7182201477889213,0.5908620220772837,1.5901222887789996,3.102397102678493,0.634699183015249,0.0,0.28348696231842035,0.0,0.0
1775605445.3213458,0.7182201477889213,0.5908620220772837,1.5901222887789996,3.102397102678493,0.634699183015249,0.0,0.2834813594818115,0.0,0.0
1775605445.4213128,0.7182201477889213,0.5908620220772837,1.5901222887789996,3.102397102678493,0.634699183015249,0.0,0.2835058569908142,0.0,0.0
1775605445.5213666,0.7182201477889213,0.5908620220772837,1.5901222887789996,3.102397102678493,0.634699183015249,0.0,0.28347003459930425,0.0,0.0
1775605445.6214633,0.7182201477889213,0.5908620220772837,1.5901222887789996,3.102397102678493,0.634699183015249,0.0,0.283494770526886,0.0,0.0
1775605445.7213817,0.7182201477889213,0.5908620220772837,1.5901222887789996,3.102397102678493,0.634699183015249,0.0,0.2834900021553039,0.0,0.0
1775605445.8214464,0.7182201477889213,0.5908620220772837,1.5901222887789996,3.102397102678493,0.634699183015249,0.0,0.28352820873260504,0.0,0.0
1775605445.9213877,0.7182201477889213,0.5908620220772837,1.5901222887789996,3.102397102678493,0.634699183015249,0.0,0.2834908962249756,0.0,0.0
1775605446.0214107,0.7182201477889213,0.5908620220772837,1.5901222887789996,3.102397102678493,0.634699183015249,0.0,0.28349936008453364,0.0,0.0
1775605446.121393,0.7182201477889213,0.5908620220772837,1.5901222887789996,3.102397102678493,0.634699183015249,0.0,0.2835080623626709,0.0,0.0
1775605446.2214153,0.7182201477889213,0.5908620220772837,1.5901222887789996,3.102397102678493,0.634699183015249,0.0,0.28350818157196045,0.0,0.0
1775605446.3214834,0.7182201477889213,0.5908620220772837,1.5901222887789996,3.102397102678493,0.634699183015249,0.0,0.28351110219955444,0.0,0.0
1775605446.4213986,0.7182201477889213,0.5908620220772837,1.5901222887789996,3.102397102678493,0.634699183015249,0.0,0.2835139036178589,0.0,0.0
1775605446.5214505,0.7182201477889213,0.5908620220772837,1.5901222887789996,3.102397102678493,0.634699183015249,0.0,0.28350222110748297,0.0,0.0
1775605446.6213963,0.7182201477889213,0.5908620220772837,1.5901222887789996,3.102397102678493,0.634699183015249,0.0,0.2835019230842591,0.0,0.0
1775605446.7213776,0.7182201477889213,0.5908620220772837,1.5901222887789996,3.102397102678493,0.634699183015249,0.0,0.28350222110748297,0.0,0.0
1775605446.8214326,0.7182201477889213,0.5908620220772837,1.5901222887789996,3.102397102678493,0.634699183015249,0.0,0.28350085020065313,0.0,0.0
1775605446.9213932,0.7182201477889213,0.5908620220772837,1.5901222887789996,3.102397102678493,0.634699183015249,0.0,0.2834721803665161,0.0,0.0
1775605447.0213995,0.7182201477889213,0.5908620220772837,1.5901222887789996,3.102397102678493,0.634699183015249,0.0,0.2834738492965699,0.0,0.0
1775605447.1214495,0.7182201477889213,0.5908620220772837,1.5901222887789996,3.102397102678493,0.634699183015249,0.0,0.28347551822662354,0.0,0.0
1775605447.221364,0.7182201477889213,0.5908620220772837,1.5901222887789996,3.102397102678493,0.634699183015249,0.0,0.2834622263908386,0.0,0.0
1775605447.3213663,0.7182201477889213,0.5908620220772837,1.5901222887789996,3.102397102678493,0.634699183015249,0.0,0.2834760546684265,0.0,0.0
1775605447.4213207,0.7182201477889213,0.5908620220772837,1.5901222887789996,3.102397102678493,0.634699183015249,0.0,0.28344935178756714,0.0,0.0
1775605447.5214713,0.7182201477889213,0.5908620220772837,1.5901222887789996,3.102397102678493,0.634699183015249,0.0,0.28346365690231323,0.0,0.0
1775605447.621355,0.7182201477889213,0.5908620220772837,1.5901222887789996,3.102397102678493,0.634699183015249,0.0,0.2834638357162475,0.0,0.0
1775605447.7213552,0.7182201477889213,0.5908620220772837,1.5901222887789996,3.102397102678493,0.634699183015249,0.0,0.28346896171569824,0.0,0.0
1775605447.8214457,0.7182201477889213,0.5908620220772837,1.5901222887789996,3.102397102678493,0.634699183015249,0.0,0.2835121154785156,0.0,0.0
1775605447.9213831,0.7182201477889213,0.5908620220772837,1.5901222887789996,3.102397102678493,0.634699183015249,0.0,0.28346610069274897,0.0,0.0
1775605448.0213575,0.7182201477889213,0.5908620220772837,1.5901222887789996,3.102397102678493,0.634699183015249,0.0,0.28348034620285034,0.0,0.0
1775605448.121465,0.7182201477889213,0.5908620220772837,1.5901222887789996,3.102397102678493,0.634699183015249,0.0,0.2834787964820862,0.0,0.0
1775605448.2213495,0.7182201477889213,0.5908620220772837,1.5901222887789996,3.102397102678493,0.634699183015249,0.0,0.283489465713501,0.0,0.0
1775605448.3213513,0.7182201477889213,0.5908620220772837,1.5901222887789996,3.102397102678493,0.634699183015249,0.0,0.2835190296173095,0.0,0.0
1775605448.4214578,0.7182201477889213,0.5908620220772837,1.5901222887789996,3.102397102678493,0.634699183015249,0.0,0.2834784984588623,0.0,0.0
1775605448.5214458,0.7182201477889213,0.5908620220772837,1.5901222887789996,3.102397102678493,0.634699183015249,0.0,0.28351306915283203,0.0,0.0
1775605448.621379,0.7182201477889213,0.5908620220772837,1.5901222887789996,3.102397102678493,0.634699183015249,0.0,0.28349459171295166,0.0,0.0
1775605448.7214093,0.7182201477889213,0.5908620220772837,1.5901222887789996,3.102397102678493,0.634699183015249,0.0,0.2834981679916382,0.0,0.0
1775605448.8214066,0.7182201477889213,0.5908620220772837,1.5901222887789996,3.102397102678493,0.634699183015249,0.0,0.28350627422332764,0.0,0.0
1775605448.9214914,0.7182201477889213,0.5908620220772837,1.5901222887789996,3.102397102678493,0.634699183015249,0.0,0.2834950685501098,0.0,0.0
1775605449.0213468,0.7182201477889213,0.5908620220772837,1.5901222887789996,3.102397102678493,0.634699183015249,0.0,0.2834944725036621,0.0,0.0
1775605449.1214645,0.7182201477889213,0.5908620220772837,1.5901222887789996,3.102397102678493,0.634699183015249,0.0,0.2834892272949219,0.0,0.0
1775605449.2213976,0.7182201477889213,0.5908620220772837,1.5901222887789996,3.102397102678493,0.634699183015249,0.0,0.2834920883178711,0.0,0.0
1775605449.321403,0.7182201477889213,0.5908620220772837,1.5901222887789996,3.102397102678493,0.634699183015249,0.0,0.2834886312484741,0.0,0.0
1775605449.4213984,0.7182201477889213,0.5908620220772837,1.5901222887789996,3.102397102678493,0.634699183015249,0.0,0.2835031747817993,0.0,0.0
1775605449.5213566,0.6456429284836468,0.8281147260555162,1.5978401327821667,3.102397102678493,0.634699183015249,0.0,0.28350311517715454,0.0,0.0
1775605449.6212935,0.6456429284836468,0.8281147260555162,1.5978401327821667,3.102397102678493,0.634699183015249,0.0,0.2834888696670532,0.0,0.0
1775605449.7213097,0.6456429284836468,0.8281147260555162,1.5978401327821667,3.102397102678493,0.634699183015249,0.0,0.2835137844085694,0.0,0.0
1775605449.821358,0.6456429284836468,0.8281147260555162,1.5978401327821667,3.102397102678493,0.634699183015249,0.0,0.28349053859710693,0.0,0.0
1775605449.9213784,0.6456429284836468,0.8281147260555162,1.5978401327821667,3.102397102678493,0.634699183015249,0.0,0.28348046541213995,0.0,0.0
1775605450.0213542,0.6456429284836468,0.8281147260555162,1.5978401327821667,3.102397102678493,0.634699183015249,0.0,0.2834787368774414,0.0,0.0
1775605450.1213562,0.6456429284836468,0.8281147260555162,1.5978401327821667,3.102397102678493,0.634699183015249,0.0,0.28348934650421137,0.0,0.0
1775605450.221337,0.6456429284836468,0.8281147260555162,1.5978401327821667,3.102397102678493,0.634699183015249,0.0,0.28351444005966187,0.0,0.0
1775605450.321308,0.6456429284836468,0.8281147260555162,1.5978401327821667,3.102397102678493,0.634699183015249,0.0,0.283520221710205,0.0,0.0
1775605450.4213448,0.6456429284836468,0.8281147260555162,1.5978401327821667,3.102397102678493,0.634699183015249,0.0,0.283507764339447,0.0,0.0
1775605450.521446,0.6456429284836468,0.8281147260555162,1.5978401327821667,3.102397102678493,0.634699183015249,0.0,0.28350770473480225,0.0,0.0
1775605450.6213138,0.6456429284836468,0.8281147260555162,1.5978401327821667,3.102397102678493,0.634699183015249,0.0,0.2835049033164978,0.0,0.0
1775605450.721418,0.6456429284836468,0.8281147260555162,1.5978401327821667,3.102397102678493,0.634699183015249,0.0,0.283534288406372,0.0,0.0
1775605450.8214068,0.6456429284836468,0.8281147260555162,1.5978401327821667,3.102397102678493,0.634699183015249,0.0,0.28348422050476074,0.0,0.0
1775605450.9214609,0.6456429284836468,0.8281147260555162,1.5978401327821667,3.102397102678493,0.634699183015249,0.0,0.2834967374801635,0.0,0.0
1775605451.0213358,0.6456429284836468,0.8281147260555162,1.5978401327821667,3.102397102678493,0.634699183015249,0.0,0.2834855914115906,0.0,0.0
1775605451.1213784,0.6456429284836468,0.8281147260555162,1.5978401327821667,3.102397102678493,0.634699183015249,0.0,0.2834892272949219,0.0,0.0
1775605451.221359,0.6456429284836468,0.8281147260555162,1.5978401327821667,3.102397102678493,0.634699183015249,0.0,0.28347086906433105,0.0,0.0
1775605451.321556,0.6456429284836468,0.8281147260555162,1.5978401327821667,3.102397102678493,0.634699183015249,0.0,0.2834855914115906,0.0,0.0
1775605451.4213507,0.6456429284836468,0.8281147260555162,1.5978401327821667,3.102397102678493,0.634699183015249,0.0,0.2834680676460266,0.0,0.0
1775605451.5213857,0.6456429284836468,0.8281147260555162,1.5978401327821667,3.102397102678493,0.634699183015249,0.0,0.28350770473480225,0.0,0.0
1775605451.6214106,0.6456429284836468,0.8281147260555162,1.5978401327821667,3.102397102678493,0.634699183015249,0.0,0.28349947929382324,0.0,0.0
1775605451.7214494,0.6456429284836468,0.8281147260555162,1.5978401327821667,3.102397102678493,0.634699183015249,0.0,0.2835014462471008,0.0,0.0
1775605451.821351,0.6456429284836468,0.8281147260555162,1.5978401327821667,3.102397102678493,0.634699183015249,0.0,0.2834824323654175,0.0,0.0
1775605451.9213665,0.6456429284836468,0.8281147260555162,1.5978401327821667,3.102397102678493,0.634699183015249,0.0,0.28349924087524414,0.0,0.0
1775605452.0214262,0.6456429284836468,0.8281147260555162,1.5978401327821667,3.102397102678493,0.634699183015249,0.0,0.28350901603698736,0.0,0.0
1775605452.1213553,0.6456429284836468,0.8281147260555162,1.5978401327821667,3.102397102678493,0.634699183015249,0.0,0.28348934650421137,0.0,0.0
1775605452.2213984,0.6456429284836468,0.8281147260555162,1.5978401327821667,3.102397102678493,0.634699183015249,0.0,0.2834831476211548,0.0,0.0
1775605452.3215065,0.6456429284836468,0.8281147260555162,1.5978401327821667,3.102397102678493,0.634699183015249,0.0,0.28350520133972174,0.0,0.0
1775605452.4213886,0.6456429284836468,0.8281147260555162,1.5978401327821667,3.102397102678493,0.634699183015249,0.0,0.28349894285202026,0.0,0.0
1775605452.5213149,0.6456429284836468,0.8281147260555162,1.5978401327821667,3.102397102678493,0.634699183015249,0.0,0.2834938764572144,0.0,0.0
1775605452.621379,0.6456429284836468,0.8281147260555162,1.5978401327821667,3.102397102678493,0.634699183015249,0.0,0.28350496292114263,0.0,0.0
1775605452.7213886,0.6456429284836468,0.8281147260555162,1.5978401327821667,3.102397102678493,0.634699183015249,0.0,0.2834975123405456,0.0,0.0
1775605452.821388,0.6456429284836468,0.8281147260555162,1.5978401327821667,3.102397102678493,0.634699183015249,0.0,0.2835086584091186,0.0,0.0
1775605452.92139,0.6456429284836468,0.8281147260555162,1.5978401327821667,3.102397102678493,0.634699183015249,0.0,0.2834780812263489,0.0,0.0
1775605453.0214558,0.6456429284836468,0.8281147260555162,1.5978401327821667,3.102397102678493,0.634699183015249,0.0,0.2834917306900024,0.0,0.0
1775605453.121384,0.6456429284836468,0.8281147260555162,1.5978401327821667,3.102397102678493,0.634699183015249,0.0,0.28346866369247437,0.0,0.0
1775605453.2214265,0.6456429284836468,0.8281147260555162,1.5978401327821667,3.102397102678493,0.634699183015249,0.0,0.2834727764129639,0.0,0.0
1775605453.3214,0.6456429284836468,0.8281147260555162,1.5978401327821667,3.102397102678493,0.634699183015249,0.0,0.2834869027137757,0.0,0.0
1775605453.4213824,0.6456429284836468,0.8281147260555162,1.5978401327821667,3.102397102678493,0.634699183015249,0.0,0.2834888696670532,0.0,0.0
1775605453.5213866,0.6456429284836468,0.8281147260555162,1.5978401327821667,3.102397102678493,0.634699183015249,0.0,0.2834816575050354,0.0,0.0
1775605453.6213534,0.6456429284836468,0.8281147260555162,1.5978401327821667,3.102397102678493,0.634699183015249,0.0,0.2834518551826477,0.0,0.0
1775605453.7213418,0.6456429284836468,0.8281147260555162,1.5978401327821667,3.102397102678493,0.634699183015249,0.0,0.28348219394683843,0.0,0.0
1775605453.821377,0.6456429284836468,0.8281147260555162,1.5978401327821667,3.102397102678493,0.634699183015249,0.0,0.2835015058517456,0.0,0.0
1775605453.9214911,0.6456429284836468,0.8281147260555162,1.5978401327821667,3.102397102678493,0.634699183015249,0.0,0.2835010290145874,0.0,0.0
1775605454.0214746,0.6456429284836468,0.8281147260555162,1.5978401327821667,3.102397102678493,0.634699183015249,0.0,0.2834830284118653,0.0,0.0
1775605454.1214492,0.6456429284836468,0.8281147260555162,1.5978401327821667,3.102397102678493,0.634699183015249,0.0,0.28347140550613403,0.0,0.0
1775605454.2213817,0.6456429284836468,0.8281147260555162,1.5978401327821667,3.102397102678493,0.634699183015249,0.0,0.28347152471542353,0.0,0.0
1775605454.3214016,0.6456429284836468,0.8281147260555162,1.5978401327821667,3.102397102678493,0.634699183015249,0.0,0.2834708094596863,0.0,0.0
1775605454.4213815,0.6456429284836468,0.8281147260555162,1.5978401327821667,3.102397102678493,0.634699183015249,0.0,0.2835034132003784,0.0,0.0
1775605454.5213673,0.6456429284836468,0.8281147260555162,1.5978401327821667,3.102397102678493,0.634699183015249,0.0,0.283477783203125,0.0,0.0
1775605454.6213808,0.6456429284836468,0.8281147260555162,1.5978401327821667,3.102397102678493,0.634699183015249,0.0,0.28349965810775757,0.0,0.0
1775605454.7213914,0.6456429284836468,0.8281147260555162,1.5978401327821667,3.102397102678493,0.634699183015249,0.0,0.2834709882736206,0.0,0.0
1775605454.8213599,0.6456429284836468,0.8281147260555162,1.5978401327821667,3.102397102678493,0.634699183015249,0.0,0.28349852561950684,0.0,0.0
1775605454.9214158,0.6456429284836468,0.8281147260555162,1.5978401327821667,3.102397102678493,0.634699183015249,0.0,0.2835031747817993,0.0,0.0
1775605455.0214448,0.6456429284836468,0.8281147260555162,1.5978401327821667,3.102397102678493,0.634699183015249,0.0,0.28350603580474854,0.0,0.0
1775605455.1214032,0.6456429284836468,0.8281147260555162,1.5978401327821667,3.102397102678493,0.634699183015249,0.0,0.2834882140159607,0.0,0.0
1775605455.221356,0.6456429284836468,0.8281147260555162,1.5978401327821667,3.102397102678493,0.634699183015249,0.0,0.28348320722579956,0.0,0.0
1775605455.3214636,0.6456429284836468,0.8281147260555162,1.5978401327821667,3.102397102678493,0.634699183015249,0.0,0.28350055217742925,0.0,0.0
1775605455.4213712,0.6456429284836468,0.8281147260555162,1.5978401327821667,3.102397102678493,0.634699183015249,0.0,0.2834879159927368,0.0,0.0
1775605455.5214722,0.6456429284836468,0.8281147260555162,1.5978401327821667,3.102397102678493,0.634699183015249,0.0,0.28350222110748297,0.0,0.0
1775605455.6213896,0.6456429284836468,0.8281147260555162,1.5978401327821667,3.102397102678493,0.634699183015249,0.0,0.28348827362060547,0.0,0.0
1775605455.7214515,0.6456429284836468,0.8281147260555162,1.5978401327821667,3.102397102678493,0.634699183015249,0.0,0.28349918127059937,0.0,0.0
1775605455.8214767,0.6456429284836468,0.8281147260555162,1.5978401327821667,3.102397102678493,0.634699183015249,0.0,0.2834914922714234,0.0,0.0
1775605455.921384,0.6456429284836468,0.8281147260555162,1.5978401327821667,3.102397102678493,0.634699183015249,0.0,0.28346776962280273,0.0,0.0
1775605456.0213835,0.6456429284836468,0.8281147260555162,1.5978401327821667,3.102397102678493,0.634699183015249,0.0,0.28348469734191895,0.0,0.0
1775605456.1214268,0.6456429284836468,0.8281147260555162,1.5978401327821667,3.102397102678493,0.634699183015249,0.0,0.2834662199020386,0.0,0.0
1775605456.2213917,0.6456429284836468,0.8281147260555162,1.5978401327821667,3.102397102678493,0.634699183015249,0.0,0.2834882140159607,0.0,0.0
1775605456.3213792,0.6456429284836468,0.8281147260555162,1.5978401327821667,3.102397102678493,0.634699183015249,0.0,0.28347986936569214,0.0,0.0
1775605456.4213111,0.6456429284836468,0.8281147260555162,1.5978401327821667,3.102397102678493,0.634699183015249,0.0,0.2834968566894531,0.0,0.0
1775605456.521434,0.6456429284836468,0.8281147260555162,1.5978401327821667,3.102397102678493,0.634699183015249,0.0,0.2835171222686767,0.0,0.0
1775605456.621362,0.6456429284836468,0.8281147260555162,1.5978401327821667,3.102397102678493,0.634699183015249,0.0,0.28349292278289795,0.0,0.0
1775605456.7214873,0.6456429284836468,0.8281147260555162,1.5978401327821667,3.102397102678493,0.634699183015249,0.0,0.2834833264350891,0.0,0.0
1775605456.821327,0.6456429284836468,0.8281147260555162,1.5978401327821667,3.102397102678493,0.634699183015249,0.0,0.28349393606185913,0.0,0.0
1775605456.921541,0.6456429284836468,0.8281147260555162,1.5978401327821667,3.102397102678493,0.634699183015249,0.0,0.28345316648483276,0.0,0.0
1775605457.0213103,0.6456429284836468,0.8281147260555162,1.5978401327821667,3.102397102678493,0.634699183015249,0.0,0.2835074663162231,0.0,0.0
1775605457.1214173,0.6456429284836468,0.8281147260555162,1.5978401327821667,3.102397102678493,0.634699183015249,0.0,0.28347986936569214,0.0,0.0
1775605457.221378,0.6456429284836468,0.8281147260555162,1.5978401327821667,3.102397102678493,0.634699183015249,0.0,0.2835072875022888,0.0,0.0
1775605457.3213897,0.6456429284836468,0.8281147260555162,1.5978401327821667,3.102397102678493,0.634699183015249,0.0,0.2834739089012146,0.0,0.0
1775605457.4213328,0.6456429284836468,0.8281147260555162,1.5978401327821667,3.102397102678493,0.634699183015249,0.0,0.2834704518318177,0.0,0.0
1775605457.5214307,0.6456429284836468,0.8281147260555162,1.5978401327821667,3.102397102678493,0.634699183015249,0.0,0.28347003459930425,0.0,0.0
1775605457.6214147,0.6456429284836468,0.8281147260555162,1.5978401327821667,3.102397102678493,0.634699183015249,0.0,0.2834737300872803,0.0,0.0
1775605457.7214336,0.6456429284836468,0.8281147260555162,1.5978401327821667,3.102397102678493,0.634699183015249,0.0,0.2834535837173462,0.0,0.0
1775605457.8213782,0.6456429284836468,0.8281147260555162,1.5978401327821667,3.102397102678493,0.634699183015249,0.0,0.2834810018539429,0.0,0.0
1775605457.9213965,0.6456429284836468,0.8281147260555162,1.5978401327821667,3.102397102678493,0.634699183015249,0.0,0.2834799289703369,0.0,0.0
1775605458.021351,0.6456429284836468,0.8281147260555162,1.5978401327821667,3.102397102678493,0.634699183015249,0.0,0.2834599614143372,0.0,0.0
1775605458.1213753,0.6456429284836468,0.8281147260555162,1.5978401327821667,3.102397102678493,0.634699183015249,0.0,0.28349995613098145,0.0,0.0
1775605458.221392,0.6456429284836468,0.8281147260555162,1.5978401327821667,3.102397102678493,0.634699183015249,0.0,0.2834590673446655,0.0,0.0
1775605458.321348,0.6456429284836468,0.8281147260555162,1.5978401327821667,3.102397102678493,0.634699183015249,0.0,0.28346413373947144,0.0,0.0
1775605458.4214065,0.6456429284836468,0.8281147260555162,1.5978401327821667,3.102397102678493,0.634699183015249,0.0,0.28346890211105347,0.0,0.0
1775605458.5214257,0.6456429284836468,0.8281147260555162,1.5978401327821667,3.102397102678493,0.634699183015249,0.0,0.2834969758987427,0.0,0.0
1775605458.6214528,0.6456429284836468,0.8281147260555162,1.5978401327821667,3.102397102678493,0.634699183015249,0.0,0.2834900617599487,0.0,0.0
1775605458.7214568,0.6456429284836468,0.8281147260555162,1.5978401327821667,3.102397102678493,0.634699183015249,0.0,0.2834686040878296,0.0,0.0
1775605458.8213987,0.6456429284836468,0.8281147260555162,1.5978401327821667,3.102397102678493,0.634699183015249,0.0,0.28351074457168585,0.0,0.0
1775605458.9214356,0.6456429284836468,0.8281147260555162,1.5978401327821667,3.102397102678493,0.634699183015249,0.0,0.2834793329238892,0.0,0.0
1775605459.021415,0.6456429284836468,0.8281147260555162,1.5978401327821667,3.102397102678493,0.634699183015249,0.0,0.2834882140159607,0.0,0.0
1775605459.121464,0.6456429284836468,0.8281147260555162,1.5978401327821667,3.102397102678493,0.634699183015249,0.0,0.2834998369216919,0.0,0.0
1775605459.2214537,0.6456429284836468,0.8281147260555162,1.5978401327821667,3.102397102678493,0.634699183015249,0.0,0.28348684310913086,0.0,0.0
1775605459.3213737,0.6456429284836468,0.8281147260555162,1.5978401327821667,3.102397102678493,0.634699183015249,0.0,0.2834929823875427,0.0,0.0
1775605459.4214091,0.6456429284836468,0.8281147260555162,1.5978401327821667,3.102397102678493,0.634699183015249,0.0,0.28350090980529785,0.0,0.0
1775605459.5213866,0.6456429284836468,0.8281147260555162,1.5978401327821667,3.102397102678493,0.634699183015249,0.0,0.2834810018539429,0.0,0.0
1775605459.6213286,0.6456429284836468,0.8281147260555162,1.5978401327821667,3.102397102678493,0.634699183015249,0.0,0.2834678292274475,0.0,0.0
1775605459.7213778,0.6456429284836468,0.8281147260555162,1.5978401327821667,3.102397102678493,0.634699183015249,0.0,0.28346455097198486,0.0,0.0
1775605459.8214984,0.6456429284836468,0.8281147260555162,1.5978401327821667,3.102397102678493,0.634699183015249,0.0,0.2834901809692383,0.0,0.0
1775605459.9213753,0.6456429284836468,0.8281147260555162,1.5978401327821667,3.102397102678493,0.634699183015249,0.0,0.28347146511077875,0.0,0.0
1775605460.021396,0.6456429284836468,0.8281147260555162,1.5978401327821667,3.102397102678493,0.634699183015249,0.0,0.28344297409057617,0.0,0.0
1775605460.1213863,0.6456429284836468,0.8281147260555162,1.5978401327821667,3.102397102678493,0.634699183015249,0.0,0.2834739685058594,0.0,0.0
1775605460.2214003,0.6456429284836468,0.8281147260555162,1.5978401327821667,3.102397102678493,0.634699183015249,0.0,0.2834665775299072,0.0,0.0
1775605460.3214142,0.6456429284836468,0.8281147260555162,1.5978401327821667,3.102397102678493,0.634699183015249,0.0,0.2834764122962951,0.0,0.0
1775605460.4213526,0.6456429284836468,0.8281147260555162,1.5978401327821667,3.102397102678493,0.634699183015249,0.0,0.2834340333938599,0.0,0.0
1775605460.5213933,0.6456429284836468,0.8281147260555162,1.5978401327821667,3.102397102678493,0.634699183015249,0.0,0.28349947929382324,0.0,0.0
1775605460.621406,0.6456429284836468,0.8281147260555162,1.5978401327821667,3.102397102678493,0.634699183015249,0.0,0.2834551334381104,0.0,0.0
1775605460.7213686,0.6456429284836468,0.8281147260555162,1.5978401327821667,3.102397102678493,0.634699183015249,0.0,0.283442735671997,0.0,0.0
1775605460.8213675,0.6456429284836468,0.8281147260555162,1.5978401327821667,3.102397102678493,0.634699183015249,0.0,0.2834674119949341,0.0,0.0
1775605460.9213724,0.6456429284836468,0.8281147260555162,1.5978401327821667,3.102397102678493,0.634699183015249,0.0,0.283475399017334,0.0,0.0
1775605461.0215251,0.6456429284836468,0.8281147260555162,1.5978401327821667,3.102397102678493,0.634699183015249,0.0,0.2834733724594116,0.0,0.0
1775605461.1214113,0.6456429284836468,0.8281147260555162,1.5978401327821667,3.102397102678493,0.634699183015249,0.0,0.2834744453430176,0.0,0.0
1775605461.2213936,0.6456429284836468,0.8281147260555162,1.5978401327821667,3.102397102678493,0.634699183015249,0.0,0.2834519147872924,0.0,0.0
1775605461.3213363,0.6456429284836468,0.8281147260555162,1.5978401327821667,3.102397102678493,0.634699183015249,0.0,0.28347480297088623,0.0,0.0
1775605461.421358,0.6456429284836468,0.8281147260555162,1.5978401327821667,3.102397102678493,0.634699183015249,0.0,0.2834815382957458,0.0,0.0
1775605461.5212827,0.6456429284836468,0.8281147260555162,1.5978401327821667,3.102397102678493,0.634699183015249,0.0,0.28345036506652826,0.0,0.0
1775605461.6212873,0.6456429284836468,0.8281147260555162,1.5978401327821667,3.102397102678493,0.634699183015249,0.0,0.2834393382072449,0.0,0.0
1775605461.7213616,0.6456429284836468,0.8281147260555162,1.5978401327821667,3.102397102678493,0.634699183015249,0.0,0.2834590673446655,0.0,0.0
1775605461.821281,0.6456429284836468,0.8281147260555162,1.5978401327821667,3.102397102678493,0.634699183015249,0.0,0.28345930576324463,0.0,0.0
1775605461.921266,0.6456429284836468,0.8281147260555162,1.5978401327821667,3.102397102678493,0.634699183015249,0.0,0.2834453582763672,0.0,0.0
1775605462.0212667,0.6456429284836468,0.8281147260555162,1.5978401327821667,3.102397102678493,0.634699183015249,0.0,0.28345412015914917,0.0,0.0
1775605462.1212723,0.6456429284836468,0.8281147260555162,1.5978401327821667,3.102397102678493,0.634699183015249,0.0,0.28343546390533453,0.0,0.0
1775605462.2212825,0.6456429284836468,0.8281147260555162,1.5978401327821667,3.102397102678493,0.634699183015249,0.0,0.283443808555603,0.0,0.0
1775605462.3212347,0.6456429284836468,0.8281147260555162,1.5978401327821667,3.102397102678493,0.634699183015249,0.0,0.28344130516052246,0.0,0.0
1775605462.421358,0.6456429284836468,0.8281147260555162,1.5978401327821667,3.102397102678493,0.634699183015249,0.0,0.28340899944305425,0.0,0.0
1775605462.5214024,0.6456429284836468,0.8281147260555162,1.5978401327821667,3.102397102678493,0.634699183015249,0.0,0.2834511995315552,0.0,0.0
1775605462.6214516,0.6456429284836468,0.8281147260555162,1.5978401327821667,3.102397102678493,0.634699183015249,0.0,0.28344792127609253,0.0,0.0
1775605462.7213986,0.6456429284836468,0.8281147260555162,1.5978401327821667,3.102397102678493,0.634699183015249,0.0,0.2834464907646179,0.0,0.0
1775605462.8214018,0.6456429284836468,0.8281147260555162,1.5978401327821667,3.102397102678493,0.634699183015249,0.0,0.28346848487854,0.0,0.0
1775605462.921443,0.6456429284836468,0.8281147260555162,1.5978401327821667,3.102397102678493,0.634699183015249,0.0,0.28346866369247437,0.0,0.0
1775605463.0214026,0.6456429284836468,0.8281147260555162,1.5978401327821667,3.102397102678493,0.634699183015249,0.0,0.28344714641571045,0.0,0.0
1775605463.1214375,0.6456429284836468,0.8281147260555162,1.5978401327821667,3.102397102678493,0.634699183015249,0.0,0.2834600806236267,0.0,0.0
1775605463.221385,0.6456429284836468,0.8281147260555162,1.5978401327821667,3.102397102678493,0.634699183015249,0.0,0.2834436297416687,0.0,0.0
1775605463.3214388,0.6456429284836468,0.8281147260555162,1.5978401327821667,3.102397102678493,0.634699183015249,0.0,0.2834430932998657,0.005,0.0
1775605463.4213471,0.6456429284836468,0.8281147260555162,1.5978401327821667,3.102397102678493,0.634699183015249,0.0,0.2834433913230896,0.01,0.0
1775605463.5214326,0.6456429284836468,0.8281147260555162,1.5978401327821667,3.1024943020683393,0.6347275091890041,0.002028096415484013,0.2835745215415955,0.015,0.0
1775605463.621353,0.6456429284836468,0.8281147260555162,1.5978401327821667,3.103028884976821,0.6348833502622696,0.006588007342967547,0.28393346071243286,0.02,0.0
1775605463.7214448,0.6456429284836468,0.8281147260555162,1.5978401327821667,3.104000751203348,0.6351670497298023,0.00862100185098318,0.2840244770050049,0.025,0.0
1775605463.8214405,0.6456429284836468,0.8281147260555162,1.5978401327821667,3.1057500271192,0.6356779940086522,0.0232699632005257,0.2842556834220886,0.03,0.0
1775605463.9213884,0.6456429284836468,0.8281147260555162,1.5978401327821667,3.1073535131638756,0.6361464173722999,0.01622003301610546,0.28397148847579956,0.034999999999999996,0.0
1775605464.02136,0.6456429284836468,0.8281147260555162,1.5978401327821667,3.1100260086080818,0.6369270589037295,0.0222645760949182,0.28446751832962036,0.039999999999999994,0.0
1775605464.1214523,0.6456429284836468,0.8281147260555162,1.5978401327821667,3.1129165440795954,0.6377736862773632,0.036919697992707105,0.2850167751312256,0.04499999999999999,0.0
1775605464.2213829,0.6456429284836468,0.8281147260555162,1.5978401327821667,3.1153209382676006,0.63847917289611,0.02578612847158509,0.28557705879211426,0.04999999999999999,0.0
1775605464.3214474,0.6456429284836468,0.8281147260555162,1.5978401327821667,3.1186966191892744,0.6394703372736694,0.028862643248852054,0.28537136316299433,0.055,0.0
1775605464.4213533,0.6456429284836468,0.8281147260555162,1.5978401327821667,3.1226310556665644,0.6406248610530975,0.03241129842030284,0.28593844175338745,0.06,0.0
1775605464.521463,0.6456429284836468,0.8281147260555162,1.5978401327821667,3.127050843032201,0.6419232198674109,0.05459080360852832,0.2856374979019165,0.065,0.0
1775605464.6214092,0.6456429284836468,0.8281147260555162,1.5978401327821667,3.1313736371833816,0.6431925495981443,0.04614945133465034,0.2850568294525147,0.07,0.0
1775605464.721471,0.6456429284836468,0.8281147260555162,1.5978401327821667,3.137178853121363,0.6448934147334753,0.04768738314153428,0.28532248735427856,0.07500000000000001,0.0
1775605464.8214295,0.6456429284836468,0.8281147260555162,1.5978401327821667,3.1439309791341628,0.6468731390745999,0.08707551118170286,0.2853325605392456,0.08,0.0
1775605464.921401,0.6456429284836468,0.8281147260555162,1.5978401327821667,3.1510704196983634,0.6489712221512886,0.0922755014535769,0.28636491298675537,0.085,0.0
1775605465.021308,0.6456429284836468,0.8281147260555162,1.5978401327821667,3.157261510828994,0.6507953413132161,0.0652200053730874,0.28681898117065424,0.09,0.0
1775605465.121355,0.6456429284836468,0.8281147260555162,1.5978401327821667,3.165466379554181,0.6532178102857054,0.0698144021199297,0.2877011299133301,0.09,0.0
1775605465.2213962,0.6456429284836468,0.8281147260555162,1.5978401327821667,3.1739347248293575,0.6557310937910651,0.10730852804849725,0.2892919182777405,0.09,0.0
1775605465.3214285,0.6456429284836468,0.8281147260555162,1.5978401327821667,3.18097017271934,0.657823825473562,0.07533477164913083,0.28872376680374146,0.09,0.0
1775605465.4213648,0.6456429284836468,0.8281147260555162,1.5978401327821667,3.190188899673519,0.6605664821440629,0.07695871159141088,0.28926545381546015,0.09,0.0
1775605465.521373,0.6456429284836468,0.8281147260555162,1.5978401327821667,3.1992157702785096,0.6632439174876291,0.1118228485846796,0.28822374343872076,0.095,0.0
1775605465.621365,0.6456429284836468,0.8281147260555162,1.5978401327821667,3.208170599365882,0.6658972117680391,0.11628567005516256,0.28762280941009516,0.09999999999999999,0.0
1775605465.7214766,0.6456429284836468,0.8281147260555162,1.5978401327821667,3.2152069855517125,0.6679867842026253,0.07220537507294808,0.28938698768615717,0.09999999999999999,0.0
1775605465.8213613,0.6456429284836468,0.8281147260555162,1.5978401327821667,3.2250066358961753,0.6709070672599483,0.08299211700845584,0.2901686429977417,0.09999999999999999,0.0
1775605465.9214568,0.6456429284836468,0.8281147260555162,1.5978401327821667,3.2351921216360657,0.6739506108208648,0.12886937365031736,0.29091411828994745,0.09999999999999999,0.0
1775605466.0213795,0.6456429284836468,0.8281147260555162,1.5978401327821667,3.243339952832273,0.6763873084073916,0.0858340988515659,0.28932231664657587,0.09999999999999999,0.0
1775605466.121338,0.6456429284836468,0.8281147260555162,1.5978401327821667,3.2535792242575985,0.6794276062967184,0.08486043621885406,0.2879605293273925,0.09999999999999999,0.0
1775605466.2213597,0.6456429284836468,0.8281147260555162,1.5978401327821667,3.26365570241569,0.6823936096514389,0.12481681304651729,0.2849768400192261,0.09999999999999999,0.0
1775605466.321406,0.6456429284836468,0.8281147260555162,1.5978401327821667,3.2718656773706574,0.6847987162529838,0.08552940297442527,0.2858681678771972,0.09999999999999999,0.0
1775605466.4213104,0.6456429284836468,0.8281147260555162,1.5978401327821667,3.2821612026771123,0.6878272812670168,0.08710437109714302,0.28655338287353516,0.09999999999999999,0.0
1775605466.5213294,0.6456429284836468,0.8281147260555162,1.5978401327821667,3.2923039578528703,0.6908369395988978,0.12485173800828725,0.28947609663009644,0.09999999999999999,0.0
1775605466.621398,0.6456429284836468,0.8281147260555162,1.5978401327821667,3.3004050333320416,0.6932532978763426,0.0810079061391616,0.29032415151596064,0.09999999999999999,0.0
1775605466.721466,0.6456429284836468,0.8281147260555162,1.5978401327821667,3.310494949778094,0.6962630482042157,0.08553991499455488,0.29006695747375494,0.09999999999999999,0.0
1775605466.8214467,0.6456429284836468,0.8281147260555162,1.5978401327821667,3.320683398193393,0.6992966581527476,0.08391657176288642,0.28882128000259394,0.09999999999999999,0.0
1775605466.9213643,0.6456429284836468,0.8281147260555162,1.5978401327821667,3.3308504101539986,0.7023135538030019,0.12741013403030224,0.2887270450592041,0.09999999999999999,0.0
1775605467.0214367,0.6456429284836468,0.8281147260555162,1.5978401327821667,3.3390488710740516,0.7047576193542603,0.08548026543357645,0.29036575555801386,0.09999999999999999,0.0
1775605467.1213753,0.6456429284836468,0.8281147260555162,1.5978401327821667,3.3494275178547124,0.7078619726208262,0.13035363694992377,0.29094475507736206,0.09999999999999999,0.0
1775605467.2214408,0.6456429284836468,0.8281147260555162,1.5978401327821667,3.35774289541308,0.7103567815505568,0.08750000830835364,0.29169487953186035,0.105,0.0
1775605467.3213434,0.6456429284836468,0.8281147260555162,1.5978401327821667,3.3679247835666053,0.7134123389866932,0.0846133604879393,0.2909972667694092,0.10999999999999999,0.0
1775605467.4214034,0.6456429284836468,0.8281147260555162,1.5978401327821667,3.3781312804927506,0.7164739515894429,0.12772798184158132,0.2911755442619324,0.11499999999999999,0.0
1775605467.5213723,0.6138816091713334,1.123697160883292,1.612173847692443,3.3860853321307363,0.7188519086109263,0.08396234245265399,0.2895286083221436,0.11999999999999998,0.0
1775605467.621403,0.6138816091713334,1.123697160883292,1.612173847692443,3.396926128237814,0.722089332659682,0.09302725669211165,0.2916069030761719,0.12499999999999999,0.0
1775605467.7214706,0.6138816091713334,1.123697160883292,1.612173847692443,3.408052132272859,0.7254331001580439,0.09481067286607094,0.2915773391723633,0.12999999999999998,0.0
1775605467.8214533,0.6138816091713334,1.123697160883292,1.612173847692443,3.419928680663463,0.7290056427410035,0.14115333161713767,0.29219603538513184,0.12999999999999998,0.05
1775605467.9214041,0.6138816091713334,1.123697160883292,1.612173847692443,3.429429798066768,0.7318640801336266,0.10166217627849568,0.29165530204772955,0.12999999999999998,0.1
1775605468.0213373,0.6138816091713334,1.123697160883292,1.612173847692443,3.4414247234630295,0.7354824053132246,0.10220433851208573,0.29417586326599127,0.12999999999999998,0.15000000000000002
1775605468.1214359,0.6138816091713334,1.123697160883292,1.612173847692443,3.453305773831704,0.7391271563639867,0.14812675083229254,0.3003697395324707,0.12999999999999998,0.2
1775605468.221393,0.6138816091713334,1.123697160883292,1.612173847692443,3.4631527909171385,0.7422379376316809,0.10234318190174443,0.3141593337059021,0.12999999999999998,0.25
1775605468.32141,0.6138816091713334,1.123697160883292,1.612173847692443,3.475400701558935,0.7463139390373953,0.10425782298389395,0.33139652013778687,0.12999999999999998,0.3
1775605468.4214067,0.6138816091713334,1.123697160883292,1.612173847692443,3.487448528377264,0.7506576858139495,0.15449602018595093,0.3567107915878296,0.12999999999999998,0.35
1775605468.521383,0.6138816091713334,1.123697160883292,1.612173847692443,3.4968168569416247,0.7542906507338311,0.10334980065784263,0.3853517174720764,0.12999999999999998,0.39999999999999997
1775605468.6214948,0.6138816091713334,1.123697160883292,1.612173847692443,3.5086230098905995,0.759253627251465,0.10329983197396393,0.41413676738739014,0.12999999999999998,0.44999999999999996
1775605468.7214704,0.6138816091713334,1.123697160883292,1.612173847692443,3.520354992866133,0.7647565258181214,0.15525600367519904,0.454245924949646,0.12999999999999998,0.49999999999999994
1775605468.8213487,0.6138816091713334,1.123697160883292,1.612173847692443,3.5294273676722194,0.7694172273901715,0.10446605679024783,0.500808835029602,0.12999999999999998,0.5
1775605468.9213812,0.5636425741266945,1.3020419752012247,1.8760329137613314,3.5405375334293807,0.7757863660507888,0.10068341518164925,0.5491334795951843,0.12999999999999998,0.55
1775605469.0214167,0.5636425741266945,1.3020419752012247,1.8760329137613314,3.550792929222679,0.7822989937704455,0.09521901815802829,0.5888724923133849,0.12999999999999998,0.6
1775605469.121407,0.5636425741266945,1.3020419752012247,1.8760329137613314,3.5612278441903,0.789765963522662,0.1532224488395269,0.6443166732788086,0.12999999999999998,0.65
1775605469.2213478,0.5636425741266945,1.3020419752012247,1.8760329137613314,3.5691576288063143,0.7960988629301942,0.10642078986308769,0.7091280221939087,0.12999999999999998,0.7
1775605469.3214107,0.5579199668532001,1.3387658394076727,2.0984492288939096,3.5787196025494454,0.8046933123666478,0.1006108285549659,0.7623126506805419,0.12999999999999998,0.75
1775605469.421467,0.5579199668532001,1.3387658394076727,2.0984492288939096,3.5876047246940246,0.813914526648817,0.1541659198277926,0.8324462175369263,0.12999999999999998,0.7999999999999999
1775605469.521407,0.5579199668532001,1.3387658394076727,2.0984492288939096,3.594175125325218,0.8216809331795875,0.10326690847210465,0.9123257398605346,0.12999999999999998,0.7999999999999999
1775605469.621271,0.5579199668532001,1.3387658394076727,2.0984492288939096,3.601685041144629,0.8319906167462492,0.10021743404367107,0.9781759977340698,0.12999999999999998,0.7999999999999999
1775605469.7214258,0.51453467495945,1.3931689027934928,2.386882093956217,3.608298644149594,0.8428960898743012,0.1524490291421069,1.0573881864547732,0.12999999999999998,0.7999999999999999
1775605469.8214219,0.51453467495945,1.3931689027934928,2.386882093956217,3.613046037357245,0.8521213152708498,0.10488419498958848,1.1414228677749634,0.12999999999999998,0.7999999999999999
1775605469.9213908,0.51453467495945,1.3931689027934928,2.386882093956217,3.618120540915575,0.8640713616662548,0.10534705875694449,1.2041567564010618,0.12999999999999998,0.7499999999999999
1775605470.0214036,0.51453467495945,1.3931689027934928,2.386882093956217,3.622132298260262,0.8762580347868099,0.14547205035868088,1.2847667932510376,0.12999999999999998,0.7
1775605470.1213849,0.51453467495945,1.3931689027934928,2.386882093956217,3.6246413520430707,0.8859861867322504,0.09822599035532298,1.3612543344497678,0.12999999999999998,0.6499999999999999
1775605470.2213302,0.4762862731221912,1.4223687700208039,2.6813521597860093,3.6270022557026533,0.8987785112240432,0.10539550256021277,1.4195792675018308,0.12999999999999998,0.5499999999999999
1775605470.3212738,0.4762862731221912,1.4223687700208039,2.6813521597860093,3.628416650982538,0.9116328687728381,0.2002642403141558,1.4882558584213257,0.12999999999999998,0.5
1775605470.4213948,0.4762862731221912,1.4223687700208039,2.6813521597860093,3.62899898059117,0.9218914429474193,0.10402716142043122,1.5454375743865967,0.12999999999999998,0.45
1775605470.5212376,0.4762862731221912,1.4223687700208039,2.6813521597860093,3.629077837963201,0.9347736555794768,0.10400059278223515,1.5874677896499634,0.12999999999999998,0.4
1775605470.6213474,0.4425255464871467,1.4475302695432715,2.920816238567463,3.6284652385971063,0.9476412662667064,0.14216216334437257,1.6373199224472044,0.12999999999999998,0.35000000000000003
1775605470.7214496,0.4425255464871467,1.4475302695432715,2.920816238567463,3.6275914868271415,0.9578542556078317,0.09851839209647813,1.6780301332473755,0.12999999999999998,0.30000000000000004
1775605470.8213966,0.4425255464871467,1.4475302695432715,2.920816238567463,3.626105038691609,0.9701667918263933,0.09322038924663299,1.7066565752029417,0.12999999999999998,0.25000000000000006
1775605470.921464,0.4425255464871467,1.4475302695432715,2.920816238567463,3.6241615291387714,0.9826972482568808,0.1495033577859389,1.737758755683899,0.12999999999999998,0.20000000000000007
1775605471.0214806,0.4425255464871467,1.4475302695432715,2.920816238567463,3.6223275483974984,0.9929110959919981,0.10601916766159798,1.7617546319961548,0.12999999999999998,0.20000000000000004
1775605471.1212947,0.4425255464871467,1.4475302695432715,2.920816238567463,3.6198105687973103,1.0053393059977644,0.10508899031261561,1.7804104089736938,0.12999999999999998,0.20000000000000004
1775605471.2213094,0.4425255464871467,1.4475302695432715,2.920816238567463,3.6170471787580243,1.0176112938089634,0.15031175906150734,1.7997952699661257,0.12999999999999998,0.20000000000000004
1775605471.3214374,0.4425255464871467,1.4475302695432715,2.920816238567463,3.6140160218295354,1.030002402591665,0.1522140993527825,1.8172904253005984,0.12999999999999998,0.20000000000000004
1775605471.4214509,0.36738976928822736,1.4608949916648224,-3.141415074861321,3.611414334337962,1.039969796882648,0.1049326708870448,1.8352218866348264,0.12999999999999998,0.20000000000000004
1775605471.5214636,0.36738976928822736,1.4608949916648224,-3.141415074861321,3.6078749028410146,1.0523043150298867,0.15567625856025502,1.8590954542160034,0.12999999999999998,0.20000000000000004
1775605471.6213634,0.36738976928822736,1.4608949916648224,-3.141415074861321,3.604817686088971,1.0622209562028473,0.10398933614644919,1.8825370073318481,0.12999999999999998,0.20000000000000004
1775605471.7213683,0.36738976928822736,1.4608949916648224,-3.141415074861321,3.6008201286144454,1.0743082447512533,0.10135842582279983,1.8981274366378786,0.12999999999999998,0.20000000000000004
1775605471.8213875,0.36738976928822736,1.4608949916648224,-3.141415074861321,3.5966759144048153,1.0861048223812475,0.14798268242683724,1.9166284799575803,0.12999999999999998,0.20000000000000004
1775605471.9214995,0.36738976928822736,1.4608949916648224,-3.141415074861321,3.5922382517202402,1.0979834606327612,0.1500193855435009,1.9371324777603147,0.12999999999999998,0.20000000000000004
1775605472.0215046,0.36738976928822736,1.4608949916648224,-3.141415074861321,3.5883915961238477,1.1077303444857134,0.10441464125876164,1.9582492113113403,0.12999999999999998,0.20000000000000004
1775605472.121423,0.36738976928822736,1.4608949916648224,-3.141415074861321,3.5835786862707995,1.1193251479632327,0.10101512943083012,1.9723001718521118,0.13499999999999998,0.20000000000000004
1775605472.2213807,0.36738976928822736,1.4608949916648224,-3.141415074861321,3.578471533283851,1.1309870097890513,0.15235859494977497,1.9907952547073362,0.13999999999999999,0.20000000000000004
1775605472.3213382,0.36738976928822736,1.4608949916648224,-3.141415074861321,3.5741136082161833,1.140544135525475,0.10725794719497819,2.00977885723114,0.145,0.20000000000000004
1775605472.421497,0.36738976928822736,1.4608949916648224,-3.141415074861321,3.5680177191733566,1.1532840691010573,0.11551162492469855,2.0270906686782837,0.15,0.20000000000000004
1775605472.5213995,0.36738976928822736,1.4608949916648224,-3.141415074861321,3.561217334833762,1.1667493021931832,0.1841249808133499,2.045525908470154,0.155,0.20000000000000004
1775605472.621288,0.23414722943578592,1.4277325121421518,-2.8874917330941874,3.5555420244066043,1.17757703878524,0.12764825621817827,2.063763260841369,0.165,0.20000000000000004
1775605472.721475,0.23414722943578592,1.4277325121421518,-2.8874917330941874,3.548068555630927,1.191260382051489,0.13014281400545027,2.0814253091812134,0.17,0.20000000000000004
1775605472.8213835,0.23414722943578592,1.4277325121421518,-2.8874917330941874,3.539821213236108,1.2057291980989095,0.13714891949088873,2.0983179807662964,0.17,0.15000000000000002
1775605472.921379,0.23414722943578592,1.4277325121421518,-2.8874917330941874,3.5326297059727985,1.2178549286725322,0.14409974482730484,2.1161776781082153,0.17,0.10000000000000003
1775605473.0213459,0.23414722943578592,1.4277325121421518,-2.8874917330941874,3.5234533105094097,1.232773511441085,0.137075498850039,2.1322208642959595,0.17,0.05000000000000003
1775605473.121315,0.23414722943578592,1.4277325121421518,-2.8874917330941874,3.5139413869573892,1.2477511071554779,0.13666869715884694,2.1414119005203247,0.17,2.7755575615628914e-17
1775605473.221398,0.23414722943578592,1.4277325121421518,-2.8874917330941874,3.50379566718816,1.2632535638362248,0.221064959684921,2.154595732688904,0.17,-0.049999999999999975
1775605473.321396,0.23414722943578592,1.4277325121421518,-2.8874917330941874,3.4956849229420817,1.2754897358551198,0.14690629906754737,2.1577974557876587,0.17,-0.09999999999999998
1775605473.4214203,0.23414722943578592,1.4277325121421518,-2.8874917330941874,3.486035006770624,1.290076293527106,0.14260564605207643,2.1525439023971558,0.17,-0.09999999999999998
1775605473.5213666,0.23414722943578592,1.4277325121421518,-2.8874917330941874,3.476370678715712,1.3048956277096655,0.2186061566134519,2.145302414894104,0.17,-0.09999999999999998
1775605473.6214216,0.23414722943578592,1.4277325121421518,-2.8874917330941874,3.4686420242914786,1.3168675915309735,0.13853843755222248,2.1424790620803833,0.17,-0.09999999999999998
1775605473.7213879,0.23414722943578592,1.4277325121421518,-2.8874917330941874,3.4590190727740016,1.3319245310241379,0.13677739793362156,2.1357542276382446,0.17,-0.09999999999999998
1775605473.821318,0.23414722943578592,1.4277325121421518,-2.8874917330941874,3.449601124068294,1.3468717495892282,0.13507882025374138,2.129128336906433,0.17,-0.09999999999999998
1775605473.9214218,0.23414722943578592,1.4277325121421518,-2.8874917330941874,3.440011210462384,1.3623680448660223,0.21874920243853205,2.120688557624817,0.17,-0.09999999999999998
1775605474.0213158,0.23414722943578592,1.4277325121421518,-2.8874917330941874,3.4325891557941044,1.3745916896657204,0.14833386533381387,2.1118658781051636,0.17,-0.09999999999999998
1775605474.121401,0.23414722943578592,1.4277325121421518,-2.8874917330941874,3.4231646842294268,1.3904546811306384,0.1447134723275833,2.101141095161438,0.17,-0.09999999999999998
1775605474.221404,0.23414722943578592,1.4277325121421518,-2.8874917330941874,3.4141245891812857,1.4061028531545225,0.21581733753660545,2.0900012254714966,0.17,-0.09999999999999998
1775605474.3213375,0.23414722943578592,1.4277325121421518,-2.8874917330941874,3.4069332910978796,1.4188138261584975,0.14704852164744808,2.0814114809036255,0.17,-0.09999999999999998
1775605474.4213333,-0.06493411712454243,1.341318550890626,-2.8432383500455667,3.398150068644597,1.4345787009614492,0.13963800349882444,2.0758970975875854,0.17,-0.09999999999999998
1775605474.5213344,-0.06493411712454243,1.341318550890626,-2.8432383500455667,3.3894054685063653,1.4505672596912897,0.21808151070020113,2.068860411643982,0.17,-0.09999999999999998
1775605474.6213639,-0.06493411712454243,1.341318550890626,-2.8432383500455667,3.382774382458513,1.4629223041334372,0.1338384933296323,2.058059811592102,0.17,-0.049999999999999975
1775605474.7212925,-0.06493411712454243,1.341318550890626,-2.8432383500455667,3.374271475346273,1.4790407039267919,0.14646918241636894,2.0517770051956177,0.17,2.7755575615628914e-17
1775605474.8213108,-0.06493411712454243,1.341318550890626,-2.8432383500455667,3.365967013119612,1.4950629477299913,0.21784651919008566,2.0468515157699585,0.17,2.7755575615628914e-17
1775605474.9213545,-0.06493411712454243,1.341318550890626,-2.8432383500455667,3.359324266813231,1.508012170146754,0.1425956725189029,2.043679356575012,0.17,2.7755575615628914e-17
1775605475.0213385,-0.06493411712454243,1.341318550890626,-2.8432383500455667,3.3512057056687334,1.5239307832274847,0.14586822310009526,2.040475010871887,0.17,2.7755575615628914e-17
1775605475.1212723,-0.06493411712454243,1.341318550890626,-2.8432383500455667,3.343307472320239,1.5395071188477947,0.14863407673843843,2.0393413305282593,0.17,2.7755575615628914e-17
1775605475.2213988,-0.06493411712454243,1.341318550890626,-2.8432383500455667,3.335049375837179,1.5558374630746201,0.2199554686653083,2.0383318662643433,0.17,2.7755575615628914e-17
1775605475.3213723,-0.06493411712454243,1.341318550890626,-2.8432383500455667,3.3284407483030343,1.568917668005948,0.1450015419819409,2.0389946699142456,0.17,2.7755575615628914e-17
1775605475.421302,-0.06493411712454243,1.341318550890626,-2.8432383500455667,3.3204405401847867,1.5847260759302024,0.14474665161445002,2.0400935411453247,0.17,2.7755575615628914e-17
1775605475.5213547,-0.06493411712454243,1.341318550890626,-2.8432383500455667,3.3123305123248703,1.6006774409959221,0.22259645043970958,2.0422481298446655,0.17,2.7755575615628914e-17
1775605475.6213274,-0.06493411712454243,1.341318550890626,-2.8432383500455667,3.305588551619678,1.6138886491867903,0.1461336173154854,2.0432335138320923,0.17,2.7755575615628914e-17
1775605475.7213376,-0.06493411712454243,1.341318550890626,-2.8432383500455667,3.2973909903912753,1.6298805839864319,0.14104201586357915,2.0442477464675903,0.17,2.7755575615628914e-17
1775605475.8214746,-0.06493411712454243,1.341318550890626,-2.8432383500455667,3.2894067671608545,1.6454699144213198,0.15517822590779812,2.0437527894973755,0.17,2.7755575615628914e-17
1775605475.921341,-0.06493411712454243,1.341318550890626,-2.8432383500455667,3.2812819143487664,1.661413734224869,0.2083464505149151,2.041944146156311,0.17,2.7755575615628914e-17
1775605476.0214682,-0.06493411712454243,1.341318550890626,-2.8432383500455667,3.27466728681569,1.6744625283052001,0.14605732275564223,2.038169503211975,0.17,2.7755575615628914e-17
1775605476.121282,-0.06493411712454243,1.341318550890626,-2.8432383500455667,3.2665720342314417,1.690534838433434,0.15462629857805418,2.036171555519104,0.17,2.7755575615628914e-17
1775605476.2212923,-0.3280813193748498,1.2647543497233305,-2.886219558867743,3.25861590827572,1.7064221122503889,0.21806676719514592,2.0348440408706665,0.17,2.7755575615628914e-17
1775605476.3212929,-0.3280813193748498,1.2647543497233305,-2.886219558867743,3.252202811007014,1.7192323470563011,0.14602270471943335,2.035272240638733,0.17,2.7755575615628914e-17
1775605476.4214783,-0.3280813193748498,1.2647543497233305,-2.886219558867743,3.2439869005800186,1.7356688895110985,0.15070338516806622,2.034039616584778,0.17,2.7755575615628914e-17
1775605476.5213437,-0.3280813193748498,1.2647543497233305,-2.886219558867743,3.2361192552959523,1.751458896373205,0.15843755319898306,2.0320922136306763,0.17,2.7755575615628914e-17
1775605476.6214094,-0.3280813193748498,1.2647543497233305,-2.886219558867743,3.2279716966409864,1.7678446706835271,0.21977551238064907,2.0327526330947876,0.17,2.7755575615628914e-17
1775605476.7213037,-0.3280813193748498,1.2647543497233305,-2.886219558867743,3.221540181613711,1.7807305885968316,0.15100959239281045,2.033889651298523,0.17,2.7755575615628914e-17
1775605476.8212755,-0.3280813193748498,1.2647543497233305,-2.886219558867743,3.213388401884884,1.797029406757047,0.1576678391358869,2.0353697538375854,0.17,2.7755575615628914e-17
1775605476.921269,-0.3280813193748498,1.2647543497233305,-2.886219558867743,3.2052941902303425,1.8131872153023787,0.21468342701888107,2.035727620124817,0.17,2.7755575615628914e-17
1775605477.0212915,-0.3280813193748498,1.2647543497233305,-2.886219558867743,3.198748973756885,1.8262709668925927,0.15170106120788646,2.0329850912094116,0.17,2.7755575615628914e-17
1775605477.1213055,-0.3280813193748498,1.2647543497233305,-2.886219558867743,3.190786486853056,1.8422399476656555,0.15861701713898105,2.032795548439026,0.17,2.7755575615628914e-17
1775605477.2212746,-0.3280813193748498,1.2647543497233305,-2.886219558867743,3.182794895038641,1.8583640492964695,0.21260900449961362,2.030008912086487,0.17,2.7755575615628914e-17
1775605477.321281,-0.3280813193748498,1.2647543497233305,-2.886219558867743,3.176587397399629,1.8709655231641988,0.1449806788686529,2.0265761613845825,0.17,2.7755575615628914e-17
1775605477.421256,-0.3280813193748498,1.2647543497233305,-2.886219558867743,3.168680980136402,1.8871033844732863,0.14949459717817318,2.0259793996810913,0.17,2.7755575615628914e-17
1775605477.521447,-0.3280813193748498,1.2647543497233305,-2.886219558867743,3.160768022816139,1.9032944013386992,0.16454131066723035,2.024513602256775,0.17,0.05000000000000003
1775605477.6214743,-0.3280813193748498,1.2647543497233305,-2.886219558867743,3.1529493104432764,1.9193905612199644,0.2117468556723822,2.022740960121155,0.17,0.10000000000000003
1775605477.7213883,-0.3280813193748498,1.2647543497233305,-2.886219558867743,3.146786069256566,1.9320418989737413,0.14695425530791617,2.0264264345169067,0.17,0.15000000000000002
1775605477.821459,-0.3280813193748498,1.2647543497233305,-2.886219558867743,3.1388682678219193,1.9480330240710253,0.1449660109090203,2.036333918571472,0.17,0.2
1775605477.9216888,-0.3280813193748498,1.2647543497233305,-2.886219558867743,3.1305790860495666,1.9640914866493193,0.21077764983746358,2.0541287660598755,0.17,0.25000000000000006
1775605478.0213356,-0.6124985415663344,1.1957776470104573,-2.869342002134456,3.1222519628649286,1.9794713227940561,0.21107789812504846,2.075952887535095,0.17,0.30000000000000004
1775605478.121492,-0.6124985415663344,1.1957776470104573,-2.869342002134456,3.1151771476436387,1.991927972992793,0.14797947946834297,2.1021443605422974,0.17,0.35000000000000003
1775605478.2213948,-0.6124985415663344,1.1957776470104573,-2.869342002134456,3.105894789373788,2.0073448463431602,0.1491101271619551,2.124920964241028,0.17,0.4
1775605478.3213944,-0.6124985415663344,1.1957776470104573,-2.869342002134456,3.096093751046272,2.0224972600488984,0.2165154442435747,2.1575855016708374,0.17,0.4
1775605478.421365,-0.6124985415663344,1.1957776470104573,-2.869342002134456,3.0860728345132165,2.0368615249308784,0.2041797659530994,2.194057822227478,0.17,0.4
1775605478.5213296,-0.6124985415663344,1.1957776470104573,-2.869342002134456,3.0777978971801496,2.0479605630131137,0.12079693529873191,2.234186291694641,0.17,0.4
1775605478.6213644,-0.6124985415663344,1.1957776470104573,-2.869342002134456,3.0664621343229594,2.0620018049623132,0.145967125377377,2.2668124437332153,0.17,0.4
1775605478.7213852,-0.6124985415663344,1.1957776470104573,-2.869342002134456,3.054442864126312,2.0757662766220166,0.21908024322740774,2.303545594215393,0.17,0.4
1775605478.8214786,-0.7140105863087086,1.1653542096893903,-2.6182301085126447,3.042427391594004,2.08847400477199,0.20811381019003578,2.34483802318573,0.17,0.4
1775605478.921387,-0.7140105863087086,1.1653542096893903,-2.6182301085126447,3.0322000876915864,2.0985405321067208,0.13082166625147404,2.3871716260910034,0.17,0.4
1775605479.021395,-0.7140105863087086,1.1653542096893903,-2.6182301085126447,3.0192049959012834,2.1103955443703435,0.1424701315326142,2.425230622291565,0.17,0.4
1775605479.121382,-0.7140105863087086,1.1653542096893903,-2.6182301085126447,3.0053682326211018,2.122097907641957,0.14879504616323053,2.4584633111953735,0.17,0.4
1775605479.2213783,-0.7140105863087086,1.1653542096893903,-2.6182301085126447,2.9909586598548827,2.1332528551673073,0.2064331237875658,2.499764323234558,0.17,0.4
1775605479.3213334,-0.7140105863087086,1.1653542096893903,-2.6182301085126447,2.9794265515089866,2.1415794788546756,0.14736912292200616,2.53669273853302,0.17,0.4
1775605479.4213755,-0.7946232615339335,1.1054818071636698,-2.397506247388979,2.9645183148506677,2.1515672669272594,0.14659535530918275,2.569966673851013,0.17,0.4
1775605479.5214381,-0.7946232615339335,1.1054818071636698,-2.397506247388979,2.949234532507557,2.1608726112250842,0.20969013153936453,2.6126757860183716,0.17,0.4
1775605479.621394,-0.7946232615339335,1.1054818071636698,-2.397506247388979,2.9335632514068726,2.169562221415925,0.18590047518328848,2.6498323678970337,0.17,0.4
1775605479.7214282,-0.7946232615339335,1.1054818071636698,-2.397506247388979,2.920955059861484,2.1760363275997174,0.13794258253415098,2.691024899482727,0.17,0.4
1775605479.8214083,-0.7946232615339335,1.1054818071636698,-2.397506247388979,2.904173681427972,2.183826792648478,0.15024529943944576,2.7237669229507446,0.17,0.4
1775605479.9214294,-0.7946232615339335,1.1054818071636698,-2.397506247388979,2.88794711579986,2.190551295456635,0.19460984524016775,2.764327883720398,0.17,0.4
1775605480.0213768,-0.8614978748223631,1.0517951185521572,-2.1987906477978685,2.8877337774798852,2.1907747904626205,0.11842959131968026,2.802345697079794,0.17,0.4
1775605480.1213765,-0.8614978748223631,1.0517951185521572,-2.1987906477978685,2.8705569453763347,2.196549798591767,0.13899269740483866,2.8409904877292083,0.17,0.4
1775605480.2213626,-0.8614978748223631,1.0517951185521572,-2.1987906477978685,2.85341207714819,2.201584394526279,0.13894828096158787,2.8731951157199305,0.17,0.4
1775605480.32141,-0.8614978748223631,1.0517951185521572,-2.1987906477978685,2.8358368308860276,2.2060009188030723,0.2096723118115811,2.9109799305545256,0.17,0.4
1775605480.421343,-0.8614978748223631,1.0517951185521572,-2.1987906477978685,2.822352970664243,2.2089079496081503,0.13793337656483481,2.9499515930758875,0.17,0.4
1775605480.5213704,-0.8614978748223631,1.0517951185521572,-2.1987906477978685,2.80481321965135,2.2120441985832895,0.1363128098496726,2.9884802738772795,0.17,0.4
1775605480.6213455,-0.9142603417569086,0.9549804155373263,-1.9588837018748384,2.7868418856206856,2.214564802258335,0.1385744716706983,3.019487325345175,0.17,0.4
1775605480.7214758,-0.9142603417569086,0.9549804155373263,-1.9588837018748384,2.7684594635864603,2.216421772336866,0.19629441847883547,3.058056298886435,0.17,0.4
1775605480.821396,-0.9142603417569086,0.9549804155373263,-1.9588837018748384,2.753962816466902,2.2173696612841027,0.11711406859707399,3.0981609264956878,0.17,0.4
1775605480.921312,-0.9142603417569086,0.9549804155373263,-1.9588837018748384,2.736076547267024,2.217899816782811,0.14592665153913392,3.129512492810385,0.17,0.35000000000000003
1775605481.0213635,-0.9142603417569086,0.9549804155373263,-1.9588837018748384,2.7178806602378858,2.2176597849339146,0.22144270074376673,-3.112658143043518,0.17,0.30000000000000004
1775605481.1213853,-0.9142603417569086,0.9549804155373263,-1.9588837018748384,2.703141174259299,2.2169739966359994,0.14844757148049556,-3.0737274885177612,0.17,0.25000000000000006
1775605481.221385,-0.9397999720140957,0.8639767707161474,-1.7479781535445522,2.6849497202245223,2.215529895393962,0.14518287729359133,-3.0494431257247925,0.17,0.20000000000000007
1775605481.321331,-0.9397999720140957,0.8639767707161474,-1.7479781535445522,2.6668567217095482,2.2135770214821187,0.22215561469007675,-3.0259965658187866,0.17,0.15000000000000002
1775605481.421379,-0.9397999720140957,0.8639767707161474,-1.7479781535445522,2.652339831893918,2.2117658145765526,0.1440709934730785,-3.008799910545349,0.17,0.10000000000000003
1775605481.5214162,-0.9397999720140957,0.8639767707161474,-1.7479781535445522,2.6343304786727537,2.209150812833255,0.21671296869519144,-2.991277813911438,0.17,0.05000000000000003
1775605481.6213293,-0.9397999720140957,0.8639767707161474,-1.7479781535445522,2.617204741742421,2.2064476768220627,0.20407250490211046,-2.980294108390808,0.17,2.7755575615628914e-17
1775605481.7213109,-0.9397999720140957,0.8639767707161474,-1.7479781535445522,2.602969895205691,2.204100372961009,0.14995375595980465,-2.9757355451583862,0.17,2.7755575615628914e-17
1775605481.82132,-0.9397999720140957,0.8639767707161474,-1.7479781535445522,2.5848728802018863,2.2010623476451316,0.14572245700198594,-2.97710120677948,0.17,2.7755575615628914e-17
1775605481.921306,-0.9397999720140957,0.8639767707161474,-1.7479781535445522,2.567061788943913,2.19815693490559,0.21365957478172778,-2.981972098350525,0.17,2.7755575615628914e-17
1775605482.0213335,-0.9397999720140957,0.8639767707161474,-1.7479781535445522,2.5526371460967368,2.19587352240735,0.1474112262342144,-2.986655831336975,0.17,2.7755575615628914e-17
1775605482.121385,-0.9397999720140957,0.8639767707161474,-1.7479781535445522,2.5347050331533865,2.1930841670828976,0.1450806794232943,-2.9888168573379517,0.17,2.7755575615628914e-17
1775605482.2213917,-0.9397999720140957,0.8639767707161474,-1.7479781535445522,2.516614970965346,2.190322670555633,0.21778714696725446,-2.991124987602234,0.17,0.05000000000000003
1775605482.3213828,-0.9397999720140957,0.8639767707161474,-1.7479781535445522,2.5020978680884705,2.1881405133723173,0.14597536841605208,-2.9942325353622437,0.17,0.10000000000000003
1775605482.4213336,-0.9397999720140957,0.8639767707161474,-1.7479781535445522,2.484126786736826,2.1854385456924064,0.14584971645812692,-2.9912115335464478,0.17,0.10000000000000003
1775605482.5213118,-0.9397999720140957,0.8639767707161474,-1.7479781535445522,2.4661482803218786,2.182618467442943,0.21870278431599743,-2.982158064842224,0.17,0.15000000000000002
1775605482.6213553,-0.9397999720140957,0.8639767707161474,-1.7479781535445522,2.4518133632201513,2.1802558843527167,0.1447668707104002,-2.974174380302429,0.17,0.2
1775605482.7213936,-0.9397999720140957,0.8639767707161474,-1.7479781535445522,2.434558746163558,2.1772474530110615,0.14309184291528665,-2.962377905845642,0.17,0.20000000000000004
1775605482.822408,-0.9695373677537256,0.5902617932785045,-1.6070041326478492,2.4167401993263415,2.173807629409575,0.21877623422098433,-2.9418834447860718,0.17,0.25000000000000006
1775605482.9214423,-0.9695373677537256,0.5902617932785045,-1.6070041326478492,2.4021094484733134,2.1706938940398706,0.15019746940499892,-2.921233296394348,0.17,0.30000000000000004
1775605483.0213537,-0.9695373677537256,0.5902617932785045,-1.6070041326478492,2.3850226921637963,2.166731472776535,0.13956815186177768,-2.9059618711471558,0.17,0.30000000000000004
1775605483.1214285,-0.9695373677537256,0.5902617932785045,-1.6070041326478492,2.36756322972619,2.162268464194697,0.21606166867616772,-2.8804467916488647,0.17,0.30000000000000004
1775605483.2213898,-0.9695373677537256,0.5902617932785045,-1.6070041326478492,2.3538512469437087,2.1583918045304884,0.13911531176468664,-2.8482412099838257,0.17,0.30000000000000004
1775605483.3213325,-0.9695373677537256,0.5902617932785045,-1.6070041326478492,2.3366258825533595,2.153011230450491,0.14118201376056996,-2.8222447633743286,0.17,0.30000000000000004
1775605483.4213204,-0.9695373677537256,0.5902617932785045,-1.6070041326478492,2.319846292516976,2.1472460216078857,0.1460006499498244,-2.7947863340377808,0.17,0.30000000000000004
1775605483.5214128,-0.9695373677537256,0.5902617932785045,-1.6070041326478492,2.302949871279502,2.1407653869885945,0.22254117690761802,-2.763616442680359,0.17,0.30000000000000004
1775605483.6213305,-0.9793560148558866,0.48101536578565807,-1.4233342252188383,2.286554639926821,2.1339180772036426,0.21565154630268799,-2.73430335521698,0.17,0.30000000000000004
1775605483.7214038,-0.9793560148558866,0.48101536578565807,-1.4233342252188383,2.273409369864389,2.12803575693858,0.1418057265725372,-2.7045587301254272,0.17,0.25000000000000006
1775605483.8213725,-0.9793560148558866,0.48101536578565807,-1.4233342252188383,2.2571710252052264,2.1202211714164845,0.14385131429439268,-2.6793423891067505,0.17,0.20000000000000007
1775605483.9214692,-0.9793560148558866,0.48101536578565807,-1.4233342252188383,2.2441755522549527,2.11350305823024,0.14445298659069392,-2.6531814336776733,0.17,0.15000000000000002
1775605484.0213408,-0.9793560148558866,0.48101536578565807,-1.4233342252188383,2.2283420396508835,2.1048975099111544,0.14697008234528938,-2.6325048208236694,0.17,0.10000000000000003
1775605484.1213615,-0.9793560148558866,0.48101536578565807,-1.4233342252188383,2.2128626612823536,2.096174422603302,0.14426145448731936,-2.62216317653656,0.17,0.10000000000000003
1775605484.2213697,-0.9793560148558866,0.48101536578565807,-1.4233342252188383,2.1973050183244776,2.0871799382542773,0.21235751006692558,-2.6149877309799194,0.17,0.10000000000000003
1775605484.3214083,-0.9793560148558866,0.48101536578565807,-1.4233342252188383,2.18494951997852,2.079929356109348,0.14527668895594673,-2.6078470945358276,0.17,0.10000000000000003
1775605484.421391,-0.9793560148558866,0.48101536578565807,-1.4233342252188383,2.169468552549257,2.0707042884381375,0.14284170427758638,-2.5983909368515015,0.17,0.05000000000000003
1775605484.5214784,-0.9793560148558866,0.48101536578565807,-1.4233342252188383,2.1542457967108013,2.0613943856048,0.14584151970031253,-2.5859872102737427,0.17,2.7755575615628914e-17
1775605484.621468,-0.9793560148558866,0.48101536578565807,-1.4233342252188383,2.1386220333007047,2.051578374139563,0.2218427164775317,-2.5776108503341675,0.17,2.7755575615628914e-17
1775605484.7213886,-0.9793560148558866,0.48101536578565807,-1.4233342252188383,2.126218866796281,2.0437253700627753,0.14589107905192514,-2.578128457069397,0.17,2.7755575615628914e-17
1775605484.8214116,-0.9793560148558866,0.48101536578565807,-1.4233342252188383,2.110950173996378,2.034058000237945,0.21925884741845045,-2.5770496129989624,0.17,2.7755575615628914e-17
1775605484.921407,-0.9793560148558866,0.48101536578565807,-1.4233342252188383,2.098720335854636,2.02630976271448,0.14632214613383873,-2.575382113456726,0.17,2.7755575615628914e-17
1775605485.021401,-0.9793560148558866,0.48101536578565807,-1.4233342252188383,2.083739439475973,2.0167558110466026,0.13638673545027077,-2.5721594095230103,0.17500000000000002,2.7755575615628914e-17
1775605485.1213806,-0.9793560148558866,0.48101536578565807,-1.4233342252188383,2.068381934959724,2.006898166591074,0.14520485069269864,-2.570163369178772,0.18000000000000002,2.7755575615628914e-17
1775605485.221428,-0.9793560148558866,0.48101536578565807,-1.4233342252188383,2.0534990068308128,1.9973320126108354,0.21055598014730198,-2.5691484212875366,0.18500000000000003,2.7755575615628914e-17
1775605485.3213344,-0.9793560148558866,0.48101536578565807,-1.4233342252188383,2.0411764356585067,1.9893998020409078,0.1509479351260572,-2.5691663026809692,0.19000000000000003,2.7755575615628914e-17
1775605485.421505,-0.9153255215997136,0.18967213520120352,-1.254038054317506,2.0248731840945777,1.9788603526581594,0.1571723433310456,-2.567362427711487,0.19500000000000003,2.7755575615628914e-17
1775605485.5215018,-0.9153255215997136,0.18967213520120352,-1.254038054317506,2.0080413920245928,1.9679729543684665,0.2404530449193056,-2.567330479621887,0.20500000000000004,2.7755575615628914e-17
1775605485.6214917,-0.9153255215997136,0.18967213520120352,-1.254038054317506,1.9943525412590433,1.9590772481849192,0.16397073329958148,-2.56367027759552,0.21000000000000005,2.7755575615628914e-17
1775605485.7213929,-0.9153255215997136,0.18967213520120352,-1.254038054317506,1.9769603209807025,1.9477052696617683,0.1606752970209078,-2.5606521368026733,0.21500000000000005,2.7755575615628914e-17
1775605485.8214161,-0.9153255215997136,0.18967213520120352,-1.254038054317506,1.9585932528793866,1.935650501101662,0.26479856753779824,-2.5614289045333862,0.22,2.7755575615628914e-17
1775605485.9213505,-0.9153255215997136,0.18967213520120352,-1.254038054317506,1.9437847935538066,1.9259694696611203,0.17773102111272762,-2.5627421140670776,0.22,2.7755575615628914e-17
1775605486.0213487,-0.9153255215997136,0.18967213520120352,-1.254038054317506,1.925263337171335,1.9138270408086167,0.17575247923185824,-2.56125271320343,0.22,2.7755575615628914e-17
1775605486.1214738,-0.9153255215997136,0.18967213520120352,-1.254038054317506,1.90728276365301,1.902013713220621,0.26296957285832223,-2.5598751306533813,0.22,2.7755575615628914e-17
1775605486.2214186,-0.9153255215997136,0.18967213520120352,-1.254038054317506,1.8890142807528656,1.8899473057092535,0.270397876096796,-2.5563305616378784,0.22,2.7755575615628914e-17
1775605486.3213308,-0.9153255215997136,0.18967213520120352,-1.254038054317506,1.8739692667989374,1.879981142301502,0.18028403465602724,-2.5567551851272583,0.22,2.7755575615628914e-17
1775605486.4215128,-0.9153255215997136,0.18967213520120352,-1.254038054317506,1.8552068196742202,1.8676063297321928,0.1797358531166058,-2.559325098991394,0.22,2.7755575615628914e-17
1775605486.5213869,-0.9153255215997136,0.18967213520120352,-1.254038054317506,1.8364431127460867,1.8552334274604412,0.2700023194422937,-2.556754469871521,0.22,2.7755575615628914e-17
1775605486.6213896,-0.9153255215997136,0.18967213520120352,-1.254038054317506,1.821423258883309,1.8452294233301323,0.17878196756252943,-2.55067241191864,0.22,2.7755575615628914e-17
1775605486.7213871,-0.9153255215997136,0.18967213520120352,-1.254038054317506,1.8027473737984756,1.8327243513353189,0.17975270594616313,-2.5524805784225464,0.22,-0.049999999999999975
1775605486.8214118,-0.9153255215997136,0.18967213520120352,-1.254038054317506,1.7840205026479008,1.8202044477073878,0.2709587287736209,-2.5522431135177612,0.22,-0.09999999999999998
1775605486.9214761,-0.9153255215997136,0.18967213520120352,-1.254038054317506,1.769170102408333,1.810265685002585,0.17514582371866427,-2.550190567970276,0.22,-0.09999999999999998
1775605487.0214894,-0.8217369097141334,-0.0905334964216924,-1.2558320425545961,1.7505302160526865,1.7977523687431314,0.17980816244375694,-2.5513614416122437,0.22,-0.09999999999999998
1775605487.121471,-0.8217369097141334,-0.0905334964216924,-1.2558320425545961,1.732604483057832,1.7858102951451227,0.2639598383694722,-2.5555049180984497,0.22,-0.09999999999999998
1775605487.2214696,-0.8217369097141334,-0.0905334964216924,-1.2558320425545961,1.7183193074491976,1.7763012795668807,0.17833606057040696,-2.552850127220154,0.22,-0.09999999999999998
1775605487.3213143,-0.8217369097141334,-0.0905334964216924,-1.2558320425545961,1.6996399098189712,1.7638014511567843,0.17958991914903316,-2.5525766611099243,0.22,-0.049999999999999975
1775605487.4213026,-0.8217369097141334,-0.0905334964216924,-1.2558320425545961,1.6817143402188306,1.7518591221326545,0.25185049378567326,-2.5554345846176147,0.22,2.7755575615628914e-17
1775605487.5213058,-0.8217369097141334,-0.0905334964216924,-1.2558320425545961,1.6667974878876801,1.7419744861275757,0.18042063544960735,-2.5583866834640503,0.22,2.7755575615628914e-17
1775605487.621349,-0.8217369097141334,-0.0905334964216924,-1.2558320425545961,1.6486415540381565,1.7300132418188803,0.17733428717554928,-2.559388041496277,0.22,2.7755575615628914e-17
1775605487.7213874,-0.8217369097141334,-0.0905334964216924,-1.2558320425545961,1.6300973369920666,1.7178132533751527,0.26294003200542765,-2.560768485069275,0.22,2.7755575615628914e-17
1775605487.8213878,-0.8217369097141334,-0.0905334964216924,-1.2558320425545961,1.6149004568634957,1.7078475426334527,0.18208011984691316,-2.5617297887802124,0.22,2.7755575615628914e-17
1775605487.9213111,-0.8217369097141334,-0.0905334964216924,-1.2558320425545961,1.5961726161435947,1.695604473908591,0.18164290687148688,-2.563228726387024,0.22,2.7755575615628914e-17
1775605488.0214565,-0.8217369097141334,-0.0905334964216924,-1.2558320425545961,1.57733556189289,1.6833900250913567,0.26795001004739794,-2.569296956062317,0.22,2.7755575615628914e-17
1775605488.1213825,-0.8217369097141334,-0.0905334964216924,-1.2558320425545961,1.56245030310168,1.673827504140929,0.17331900493421548,-2.5719231367111206,0.22,2.7755575615628914e-17
1775605488.2213578,-0.8217369097141334,-0.0905334964216924,-1.2558320425545961,1.5439289296503953,1.6619641944908243,0.18161264981238207,-2.5730713605880737,0.22,2.7755575615628914e-17
1775605488.3213627,-0.8217369097141334,-0.0905334964216924,-1.2558320425545961,1.5252659497562715,1.65013476787582,0.26748363458234975,-2.5794700384140015,0.22,2.7755575615628914e-17
1775605488.4212942,-0.8217369097141334,-0.0905334964216924,-1.2558320425545961,1.506764832138315,1.6385708205899943,0.2687902975052197,-2.5843697786331177,0.22,2.7755575615628914e-17
1775605488.521288,-0.8217369097141334,-0.0905334964216924,-1.2558320425545961,1.4913796416509946,1.629041839605901,0.1818540833471051,-2.591140627861023,0.22,2.7755575615628914e-17
1775605488.621304,-0.7271792289667285,-0.36615819694220864,-1.284081277511074,1.4723725462669386,1.617430010885455,0.2022305608961423,-2.594232439994812,0.22,2.7755575615628914e-17
1775605488.7213643,-0.7271792289667285,-0.36615819694220864,-1.284081277511074,1.4537379330774156,1.606131167912788,0.25976988538018275,-2.5981427431106567,0.22,2.7755575615628914e-17
1775605488.8214645,-0.7271792289667285,-0.36615819694220864,-1.284081277511074,1.4380493033494028,1.5966128450795922,0.18383747776242007,-2.597293972969055,0.22,0.05000000000000003
1775605488.9213965,-0.7271792289667285,-0.36615819694220864,-1.284081277511074,1.4197600066608758,1.5855744686211624,0.16855638786014324,-2.6005266904830933,0.22,0.10000000000000003
1775605489.0213888,-0.7271792289667285,-0.36615819694220864,-1.284081277511074,1.4008060713929988,1.5742663746088479,0.2640609727467182,-2.6057275533676147,0.22,0.10000000000000003
1775605489.1213741,-0.7271792289667285,-0.36615819694220864,-1.284081277511074,1.382116347126338,1.5631576638843505,0.26694709810673495,-2.6040295362472534,0.22,0.10000000000000003
1775605489.2213652,-0.7271792289667285,-0.36615819694220864,-1.284081277511074,1.3669119937545868,1.5541110971025702,0.17675295499810179,-2.6066960096359253,0.22,0.10000000000000003
1775605489.32139,-0.7271792289667285,-0.36615819694220864,-1.284081277511074,1.3479044354430945,1.5429432493131299,0.26451806131081157,-2.6116877794265747,0.22,0.10000000000000003
1775605489.421372,-0.7271792289667285,-0.36615819694220864,-1.284081277511074,1.3290992444098695,1.5319808015495957,0.26740793093672616,-2.613589882850647,0.22,0.10000000000000003
1775605489.5213978,-0.7271792289667285,-0.36615819694220864,-1.284081277511074,1.313846810539513,1.5230655802541249,0.17752166062293978,-2.6135255098342896,0.22,0.10000000000000003
1775605489.6213686,-0.7271792289667285,-0.36615819694220864,-1.284081277511074,1.2949739377004663,1.5120684599449232,0.17536828665519527,-2.6129688024520874,0.22,0.10000000000000003
1775605489.7212934,-0.7271792289667285,-0.36615819694220864,-1.284081277511074,1.2763376369616668,1.501118109659235,0.2657989991741125,-2.608946204185486,0.22,0.10000000000000003
1775605489.8214095,-0.7271792289667285,-0.36615819694220864,-1.284081277511074,1.2608804177272521,1.491952081600831,0.1800122373176067,-2.605016350746155,0.22,0.10000000000000003
1775605489.9214416,-0.7271792289667285,-0.36615819694220864,-1.284081277511074,1.2421190426116488,1.4808153106803075,0.1709857545910585,-2.6062361001968384,0.22,0.10000000000000003
1775605490.0213995,-0.7271792289667285,-0.36615819694220864,-1.284081277511074,1.2235941544132398,1.4697760768041974,0.2633369217776522,-2.602805972099304,0.22,0.10000000000000003
1775605490.1213193,-0.7271792289667285,-0.36615819694220864,-1.284081277511074,1.2089660683782681,1.4609987162856197,0.16294315133669876,-2.5990313291549683,0.22,0.10000000000000003
1775605490.2213964,-0.6588627924645127,-0.6572355969730834,-1.322660339079959,1.190237110938266,1.4496602147559512,0.17500452437128178,-2.594659686088562,0.22,0.10000000000000003
1775605490.3213947,-0.6588627924645127,-0.6572355969730834,-1.322660339079959,1.1717331272642733,1.438293099500494,0.2651657359694354,-2.5898674726486206,0.22,0.10000000000000003
1775605490.4213285,-0.6588627924645127,-0.6572355969730834,-1.322660339079959,1.153373932529172,1.4269322736229302,0.26599778375203553,-2.5861929655075073,0.22,0.10000000000000003
1775605490.521374,-0.6588627924645127,-0.6572355969730834,-1.322660339079959,1.1383942081096767,1.417613903431447,0.17622997890534348,-2.5843924283981323,0.22,0.10000000000000003
1775605490.621328,-0.6588627924645127,-0.6572355969730834,-1.322660339079959,1.1198704882677903,1.4059431925696149,0.2652629694988175,-2.575379729270935,0.22,0.10000000000000003
1775605490.7213278,-0.6588627924645127,-0.6572355969730834,-1.322660339079959,1.1049451690008054,1.39639629957208,0.17605257309567063,-2.5690239667892456,0.22,0.15000000000000002
1775605490.8212957,-0.6588627924645127,-0.6572355969730834,-1.322660339079959,1.086376192779491,1.38441980325046,0.1771973656343467,-2.568727135658264,0.22,0.2
1775605490.921383,-0.6588627924645127,-0.6572355969730834,-1.322660339079959,1.0679995724752702,1.3724722834373067,0.3118165591990726,-2.5614086389541626,0.22,0.25
1775605491.0213447,-0.6588627924645127,-0.6572355969730834,-1.322660339079959,1.0501436749039872,1.3606538490402784,0.26141737236262447,-2.554561972618103,0.22,0.3
1775605491.121342,-0.6588627924645127,-0.6572355969730834,-1.322660339079959,1.0359053625668904,1.3511202639605853,0.1706461231757521,-2.547514319419861,0.22,0.35
1775605491.2213366,-0.6588627924645127,-0.6572355969730834,-1.322660339079959,1.0186055978297142,1.3392914499817734,0.1722802916462558,-2.535950541496277,0.22,0.39999999999999997
1775605491.3213687,-0.6588627924645127,-0.6572355969730834,-1.322660339079959,1.0013043349303545,1.3271096245144771,0.2520422955630681,-2.5241273641586304,0.22,0.44999999999999996
1775605491.421326,-0.6588627924645127,-0.6572355969730834,-1.322660339079959,0.987753911348451,1.3173834743851824,0.16591751700728402,-2.5138739347457886,0.22,0.49999999999999994
1775605491.521274,-0.6588627924645127,-0.6572355969730834,-1.322660339079959,0.9714645126432074,1.3053989322312247,0.16648973427305627,-2.4988220930099487,0.22,0.5
1775605491.621367,-0.6588627924645127,-0.6572355969730834,-1.322660339079959,0.9555881043561022,1.2931195303456515,0.2478837955512388,-2.4728535413742065,0.22,0.55
1775605491.7214615,-0.6588627924645127,-0.6572355969730834,-1.322660339079959,0.9431967605259962,1.283124198940401,0.1617318601149383,-2.450694441795349,0.22,0.6
1775605491.821374,-0.5643976821747609,-0.9604191479581459,-1.1691427221693798,0.9278695453551206,1.270244223467878,0.16091231479244733,-2.4272381067276,0.22,0.65
1775605491.9213974,-0.5643976821747609,-0.9604191479581459,-1.1691427221693798,0.9131745769838654,1.257212896755934,0.16005216264400468,-2.40191113948822,0.22,0.7
1775605492.0214858,-0.5643976821747609,-0.9604191479581459,-1.1691427221693798,0.8993883011301284,1.2442007186434878,0.22641061571559906,-2.37440025806427,0.22,0.75
1775605492.1212728,-0.5643976821747609,-0.9604191479581459,-1.1691427221693798,0.8885422896215843,1.23346339623096,0.14895737609968138,-2.3444141149520874,0.22,0.85
1775605492.2212894,-0.5643976821747609,-0.9604191479581459,-1.1691427221693798,0.8751795866388802,1.2193470167173768,0.16890246468830136,-2.310926675796509,0.22,0.8999999999999999
1775605492.3213873,-0.5643976821747609,-0.9604191479581459,-1.1691427221693798,0.8624875779822656,1.2047924775237464,0.28944413384567164,-2.2722039222717285,0.22,0.95
1775605492.4213846,-0.5643976821747609,-0.9604191479581459,-1.1691427221693798,0.8535653564509076,1.1937799566005698,0.14266225976036498,-2.232114315032959,0.22,0.9999999999999999
1775605492.521477,-0.5643976821747609,-0.9604191479581459,-1.1691427221693798,0.8423936595872107,1.1788743016585426,0.15136142208924094,-2.187417507171631,0.22,1.0499999999999998
1775605492.6214674,-0.5087583417990804,-1.0505261837245528,-0.8920378300764324,0.8324367897419462,1.1642815709048537,0.14298685554396917,-2.146910786628723,0.22,1.0999999999999999
1775605492.7214231,-0.5087583417990804,-1.0505261837245528,-0.8920378300764324,0.8247667128163493,1.1517952750583105,0.14628712745958597,-2.1011874675750732,0.22,1.15
1775605492.8214066,-0.5087583417990804,-1.0505261837245528,-0.8920378300764324,0.8160204921478503,1.136127412143996,0.1425647556634141,-2.0479531288146973,0.22,1.2
1775605492.9214275,-0.5087583417990804,-1.0505261837245528,-0.8920378300764324,0.8082257810596257,1.1200771240182619,0.2123923521405372,-2.0021169185638428,0.22,1.25
1775605493.0213587,-0.47069201844703606,-1.1001650624882962,-0.6994972365850166,0.8027734517927114,1.1072149058142542,0.1376990704835296,-1.9461315870285032,0.22,1.3
1775605493.1215274,-0.47069201844703606,-1.1001650624882962,-0.6994972365850166,0.7969275839760019,1.0912175159948787,0.1364929222413084,-1.8829156160354616,0.22,1.35
1775605493.2213876,-0.47069201844703606,-1.1001650624882962,-0.6994972365850166,0.7920974801949907,1.0747784258420856,0.20453640215353397,-1.8317936658859255,0.22,1.4000000000000001
1775605493.3214588,-0.47069201844703606,-1.1001650624882962,-0.6994972365850166,0.7884815860798158,1.0590938921446953,0.1912805132367894,-1.7733608484268186,0.22,1.4000000000000001
1775605493.4214303,-0.4140060635182314,-1.1458417652911623,-0.4507641442837947,0.7862716944422431,1.046352126428572,0.13344835977848632,-1.7070250511169434,0.22,1.4500000000000002
1775605493.5212958,-0.4140060635182314,-1.1458417652911623,-0.4507641442837947,0.7844277936333527,1.029878008435151,0.13372417726832406,-1.6519317626953125,0.22,1.5500000000000003
1775605493.6213477,-0.4140060635182314,-1.1458417652911623,-0.4507641442837947,0.7838173853787014,1.0139211142952103,0.1924727301067462,-1.5798975229263306,0.22,1.6000000000000003
1775605493.7214136,-0.4140060635182314,-1.1458417652911623,-0.4507641442837947,0.7841421878477098,1.0009938628317312,0.12979451232932662,-1.5023657083511353,0.22,1.6000000000000003
1775605493.821391,-0.3638257828731618,-1.1670384606252768,-0.1843901603423591,0.7856867056538707,0.9851759679014708,0.13657520814667595,-1.4376884698867798,0.22,1.5500000000000003
1775605493.9214292,-0.3638257828731618,-1.1670384606252768,-0.1843901603423591,0.7884730873894443,0.9698639691854528,0.18680217707072538,-1.3629198074340823,0.22,1.5000000000000002
1775605494.0213928,-0.3638257828731618,-1.1670384606252768,-0.1843901603423591,0.7915736803246106,0.9577534461637214,0.12427328336435982,-1.2855070233345032,0.22,1.4500000000000002
1775605494.1214788,-0.3638257828731618,-1.1670384606252768,-0.1843901603423591,0.7964989337381136,0.9427235585373988,0.12724818153731163,-1.2077971100807188,0.22,1.4000000000000001
1775605494.2214053,-0.31126199703113916,-1.1778691180722407,0.10896377282339152,0.8015075954782357,0.9306634494306797,0.1310718583223561,-1.1474022269248962,0.22,1.35
1775605494.3213437,-0.31126199703113916,-1.1778691180722407,0.10896377282339152,0.8084910980769474,0.916471715610586,0.12354644056704633,-1.0779523849487307,0.22,1.25
1775605494.4214132,-0.31126199703113916,-1.1778691180722407,0.10896377282339152,0.8168425982526025,0.901919187320361,0.1335795304310716,-1.0100293159484863,0.22,1.3
1775605494.5213401,-0.31126199703113916,-1.1778691180722407,0.10896377282339152,0.8260683087851985,0.888115929578456,0.19928542338213545,-0.959146797657013,0.22,1.25
1775605494.6213026,-0.25128795917880953,-1.168240299669834,0.3605919452800682,0.8341389655448003,0.8774345706031146,0.13545213413563892,-0.8937915563583374,0.22,1.2
1775605494.7214148,-0.25128795917880953,-1.168240299669834,0.3605919452800682,0.8452547260830142,0.8644966530770695,0.15605158813410927,-0.8290591239929198,0.22,1.15
1775605494.821369,-0.25128795917880953,-1.168240299669834,0.3605919452800682,0.8570679222960296,0.852261117273008,0.20737273830284939,-0.78163081407547,0.22,1.0999999999999999
1775605494.9213517,-0.25128795917880953,-1.168240299669834,0.3605919452800682,0.8670587676258121,0.8429735419148466,0.13817754710419206,-0.7224963009357452,0.22,1.0499999999999998
1775605495.021382,-0.19593505131702682,-1.1414005984624784,0.5698075424539243,0.8805017395324735,0.8316301596766852,0.1398169524917588,-0.6680843234062195,0.22,0.9999999999999999
1775605495.1214232,-0.19593505131702682,-1.1414005984624784,0.5698075424539243,0.8946006715902735,0.820985435770037,0.2136189621110105,-0.6294494569301605,0.22,0.9499999999999998
1775605495.2214642,-0.19593505131702682,-1.1414005984624784,0.5698075424539243,0.9065126296912496,0.8128032842438891,0.14507928261742864,-0.5818536430597304,0.22,0.8999999999999999
1775605495.3213878,-0.19593505131702682,-1.1414005984624784,0.5698075424539243,0.921687648911146,0.803226769691596,0.14568717906928091,-0.5352829992771149,0.22,0.8499999999999999
1775605495.421413,-0.19593505131702682,-1.1414005984624784,0.5698075424539243,0.937051917347775,0.7945068215545886,0.21238640291581393,-0.5028503388166428,0.22,0.7999999999999999
1775605495.5213459,-0.19593505131702682,-1.1414005984624784,0.5698075424539243,0.9502117584585347,0.7876669618044276,0.14601197933869373,-0.4602278992533684,0.22,0.7499999999999999
1775605495.621393,-0.12378186481420159,-1.095110301189286,0.8261232599411685,0.9670866896750143,0.7797188839443582,0.14526236674225687,-0.4187585599720478,0.22,0.7
1775605495.7214131,-0.12378186481420159,-1.095110301189286,0.8261232599411685,0.9844847291872185,0.772254478600096,0.1440453027532163,-0.3834182862192392,0.22,0.6499999999999999
1775605495.821444,-0.12378186481420159,-1.095110301189286,0.8261232599411685,1.0026326620221275,0.7652201552941416,0.23409176207080737,-0.35778455971740186,0.22,0.5499999999999999
1775605495.9213614,-0.12378186481420159,-1.095110301189286,0.8261232599411685,1.0171819493463685,0.7600545816042217,0.15184583593846543,-0.32731933146715164,0.22,0.5
1775605496.0213826,-0.12378186481420159,-1.095110301189286,0.8261232599411685,1.0360705253572513,0.7538922305669642,0.15961184750775848,-0.29837244749069214,0.22,0.45
1775605496.1214035,-0.12378186481420159,-1.095110301189286,0.8261232599411685,1.0549748898777838,0.7482906091559582,0.21793281122879568,-0.2799709439277649,0.22,0.4
1775605496.2213886,-0.12378186481420159,-1.095110301189286,0.8261232599411685,1.0708385887014706,0.7439315236182358,0.16697685980424049,-0.2582700699567795,0.22,0.35000000000000003
1775605496.3213735,-0.12378186481420159,-1.095110301189286,0.8261232599411685,1.0908958595611615,0.7387975260326698,0.16447019595606052,-0.23910285532474518,0.22,0.25000000000000006
1775605496.4214313,-0.12378186481420159,-1.095110301189286,0.8261232599411685,1.111209716666852,0.7339627814696484,0.24984585825582065,-0.23076404631137848,0.22,0.20000000000000007
1775605496.5213652,-0.12378186481420159,-1.095110301189286,0.8261232599411685,1.1273070415014979,0.7303286104285258,0.1701564823038559,-0.21607497334480288,0.22,0.15000000000000008
1775605496.6213078,-0.02618828608540007,-0.9381592610153742,1.0514994866150618,1.1482434386351357,0.7258369826038262,0.1718263259433519,-0.20693451166152954,0.22,0.05000000000000007
1775605496.721462,-0.02618828608540007,-0.9381592610153742,1.0514994866150618,1.1694205948227145,0.7213821865040234,0.26008465722144014,-0.2075425237417221,0.22,6.938893903907228e-17
1775605496.8213603,-0.02618828608540007,-0.9381592610153742,1.0514994866150618,1.1862359621246608,0.7178324691871826,0.17269810556380336,-0.20842860639095306,0.22,-0.04999999999999993
1775605496.9214408,-0.02618828608540007,-0.9381592610153742,1.0514994866150618,1.2082796375779168,0.7131935179522717,0.18204152024055667,-0.20589853823184964,0.22,-0.09999999999999994
1775605497.021397,-0.02618828608540007,-0.9381592610153742,1.0514994866150618,1.2296628655724746,0.7087348736969845,0.2633624554455805,-0.20715582370758057,0.22,-0.14999999999999994
1775605497.1213264,-0.02618828608540007,-0.9381592610153742,1.0514994866150618,1.2461806692551212,0.7052460787083287,0.17397735288356386,-0.20936232805252072,0.22,-0.19999999999999996
1775605497.2214017,-0.02618828608540007,-0.9381592610153742,1.0514994866150618,1.2678635131174605,0.7006137111596439,0.17872108315003768,-0.21188120543956757,0.22,-0.24999999999999994
1775605497.3213468,-0.02618828608540007,-0.9381592610153742,1.0514994866150618,1.2885635598015097,0.6961068166317466,0.17049441425730832,-0.22066232562065127,0.22,-0.3499999999999999
1775605497.4213145,-0.02618828608540007,-0.9381592610153742,1.0514994866150618,1.3093497451167573,0.6912908292625186,0.255308427712736,-0.23339244723320007,0.22,-0.3999999999999999
1775605497.5214972,-0.02618828608540007,-0.9381592610153742,1.0514994866150618,1.325921588922101,0.6872417334188778,0.169227182757697,-0.24396509677171704,0.22,-0.4499999999999999
1775605497.6214652,-0.02618828608540007,-0.9381592610153742,1.0514994866150618,1.3463396864577928,0.681986127325802,0.2502974592116242,-0.25965145975351334,0.22,-0.4999999999999999
1775605497.7214215,-0.02618828608540007,-0.9381592610153742,1.0514994866150618,1.3622030013307038,0.6776252186957359,0.1649065564128184,-0.27549958974123,0.22,-0.5499999999999999
1775605497.8212936,-0.02618828608540007,-0.9381592610153742,1.0514994866150618,1.3814890163729447,0.6719758045576204,0.1540548161768062,-0.29646930098533636,0.22,-0.65
1775605497.921394,-0.02618828608540007,-0.9381592610153742,1.0514994866150618,1.401031523925363,0.6657798341054105,0.187722006693365,-0.32331332564353943,0.0,0.0
1775605498.0214102,0.12827855088108858,-0.6920085807899377,0.9219528576252324,1.4193387683150256,0.659398040972432,0.22732890952724052,-0.3457846902310848,0.0,0.0
1775605498.1214142,0.12827855088108858,-0.6920085807899377,0.9219528576252324,1.4278560937766005,0.6562327732471998,0.0668024318626799,-0.3628100596833974,0.0,0.0
1775605498.2214618,0.12827855088108858,-0.6920085807899377,0.9219528576252324,1.4297248641033464,0.6555215248887832,0.005071522124298945,-0.36455614399164915,0.0,0.0
1775605498.321607,0.12827855088108858,-0.6920085807899377,0.9219528576252324,1.4297721587553265,0.6555034766403751,0.0004789828436875409,-0.3645522533915937,0.0,-0.05
1775605498.4213693,0.12827855088108858,-0.6920085807899377,0.9219528576252324,1.4297485113632693,0.6555125005914512,0.0,-0.36454235576093197,0.0,-0.1
1775605498.5214365,0.12827855088108858,-0.6920085807899377,0.9219528576252324,1.4297721575873532,0.6555034735802787,0.0005066699937085207,-0.36480080056935543,0.0,-0.15000000000000002
1775605498.621381,0.12827855088108858,-0.6920085807899377,0.9219528576252324,1.4300083321484864,0.6554124536183341,0.004546950411467105,-0.3691780436784029,0.0,-0.25
1775605498.7212987,0.12827855088108858,-0.6920085807899377,0.9219528576252324,1.4303146572807932,0.6552923261335173,0.003037423178488306,-0.38083072379231453,0.0,-0.3
1775605498.821386,0.12827855088108858,-0.6920085807899377,0.9219528576252324,1.4306428086203227,0.6551586150408024,0.002142872270791196,-0.3970607705414295,0.0,-0.35
1775605498.9214666,0.12827855088108858,-0.6920085807899377,0.9219528576252324,1.430642950557323,0.6551589397460006,-0.0005044777486856741,-0.42506277561187744,0.0,-0.39999999999999997
1775605499.0214682,0.12827855088108858,-0.6920085807899377,0.9219528576252324,1.4306659436574265,0.6551483591887486,0.0,-0.4588317796587944,0.0,-0.44999999999999996
1775605499.1214533,0.12827855088108858,-0.6920085807899377,0.9219528576252324,1.4307111596368964,0.6551255987279208,-7.506643029740939e-14,-0.48982572555541987,0.0,-0.49999999999999994
1775605499.221361,0.12827855088108858,-0.6920085807899377,0.9219528576252324,1.430644932331223,0.655162733068249,-0.0005064619543788665,-0.5352997928857803,0.0,-0.5499999999999999
1775605499.3213418,0.12827855088108858,-0.6920085807899377,0.9219528576252324,1.430601663619453,0.6551890074275879,0.0,-0.5879577696323395,0.0,-0.6
1775605499.4213648,0.1307441733994266,-0.6688521748832233,0.6603224256811758,1.430601341221889,0.6551885457508391,0.0005060774608286835,-0.6324540078639984,0.0,-0.65
1775605499.5214074,0.1307441733994266,-0.6688521748832233,0.6603224256811758,1.4305817015712654,0.6552045118075696,-0.0005079691365848815,-0.6959061920642853,0.0,-0.75
1775605499.621473,0.1307441733994266,-0.6688521748832233,0.6603224256811758,1.4305246975837855,0.6552546579216185,-0.0005061570579015837,-0.766370117664337,0.0,-0.7999999999999999
1775605499.721393,0.1307441733994266,-0.6688521748832233,0.6603224256811758,1.4305067309970296,0.6552724857819632,7.504382763081839e-14,-0.8275866806507111,0.0,-0.85
1775605499.8214378,0.13026881081164116,-0.6568356614041528,0.41932661216554196,1.4305083008149635,0.655273805719455,-0.0009485131125023836,-0.9086248278617858,0.0,-0.8999999999999999
1775605499.9213972,0.13026881081164116,-0.6568356614041528,0.41932661216554196,1.4305369916360224,0.6552321000823843,0.0010127497519726405,-0.9937233924865723,0.0,-0.95
1775605500.0213983,0.13026881081164116,-0.6568356614041528,0.41932661216554196,1.430510134531334,0.6552750095137985,7.510932312469296e-14,-1.0675168633460999,0.0,-0.9999999999999999
1775605500.1214232,0.13026881081164116,-0.6568356614041528,0.41932661216554196,1.430562581948524,0.6551598355604351,0.0025302187864179827,-1.1634458899497986,0.0,-1.0499999999999998
1775605500.221401,0.13026881081164116,-0.6568356614041528,0.41932661216554196,1.4305638234301818,0.6551603042368994,-0.0005066393853918171,-1.2683149576187134,0.0,-1.0999999999999999
1775605500.3214607,0.1318284981419712,-0.628774057114852,0.08299833487793565,1.4305940849652106,0.6550636124214142,-0.0010130844195509964,-1.3565908670425415,0.0,-1.15
1775605500.421341,0.1318284981419712,-0.628774057114852,0.08299833487793565,1.4305913336632765,0.6550631862786741,0.0010123710856695227,-1.4666020870208742,0.005,-1.2
1775605500.5213497,0.14416465845595103,-0.632752921655074,-0.10172747589788207,1.4305855582545708,0.6552401849290911,-0.002023783073067021,-1.589531421661377,0.01,-1.2
1775605500.6213012,0.14416465845595103,-0.632752921655074,-0.10172747589788207,1.430589239782202,0.6552906493081745,-0.0005055899304646124,-1.7098069190979006,0.015,-1.2
1775605500.7213433,0.15726443614448662,-0.6149732372330928,-0.3292130154972642,1.4305388503857057,0.6550169100276294,0.002023509153985196,-1.8089244365692139,0.02,-1.2
1775605500.8214161,0.15726443614448662,-0.6149732372330928,-0.3292130154972642,1.4302161876905628,0.6540310787544488,0.013653513364286144,-1.9326158761978152,0.025,-1.2
1775605500.9214783,0.16591648958237262,-0.6183912573803002,-0.5280443723848107,1.4297623448434236,0.6530146143221742,0.012646603366790072,-2.052225708961487,0.03,-1.2
1775605501.021378,0.16591648958237262,-0.6183912573803002,-0.5280443723848107,1.428779269265919,0.6513324800852587,0.017226115983231767,-2.151067018508911,0.034999999999999996,-1.2
1775605501.1213813,0.17213835635843028,-0.6354943157716506,-0.756874056254302,1.4273959473987314,0.6495238302687721,0.028420725214498916,-2.270057439804077,0.039999999999999994,-1.2
1775605501.221395,0.17213835635843028,-0.6354943157716506,-0.756874056254302,1.425343959448565,0.6474256957970427,0.03592517930836591,-2.3911887407302856,0.04499999999999999,-1.2
1775605501.3213882,0.17971347189731013,-0.6418981317765545,-0.9859636664253764,1.4233404667904375,0.6457596400629104,0.02636107851543752,-2.5170687437057495,0.054999999999999986,-1.2
1775605501.4213555,0.17971347189731013,-0.6418981317765545,-0.9859636664253764,1.4200146775068396,0.6435868049387602,0.03285562144980482,-2.6130577325820923,0.059999999999999984,-1.2
1775605501.521387,0.1907900939482327,-0.6437603121260346,-1.2052155808991802,1.4159901391847431,0.6416233227669442,0.0551894026183496,-2.736737608909607,0.06499999999999999,-1.2
1775605501.6213279,0.1907900939482327,-0.6437603121260346,-1.2052155808991802,1.4121671018004567,0.6402177485087804,0.042136336084354256,-2.855167031288147,0.075,-1.2
1775605501.7212698,0.1955564598315161,-0.6669446342548558,-1.4533448155776763,1.406313683366738,0.6388059275498286,0.04954451659094736,-2.97614061832428,0.08,-1.2
1775605501.8213456,0.1955564598315161,-0.6669446342548558,-1.4533448155776763,1.39975766382219,0.638010104150329,0.054733602548592615,-3.0746699571609497,0.085,-1.2
1775605501.9217086,0.18590893745695422,-0.6838750283422473,-1.667585506004818,1.3936357413521672,0.6379505835622767,0.06338173056124664,3.08378786245455,0.095,-1.2
1775605502.0212853,0.18590893745695422,-0.6838750283422473,-1.667585506004818,1.3851335034596357,0.6388639920166294,0.070404820279494,2.961835567151205,0.09999999999999999,-1.2
1775605502.1214168,0.18509205244690366,-0.7199538063476523,-1.9133984478550554,1.376225601934337,0.6408864178063662,0.08185863569730631,2.8658959309207366,0.105,-1.2
1775605502.2213035,0.18509205244690366,-0.7199538063476523,-1.9133984478550554,1.3781925939575517,0.6398511361290178,0.10792402045903517,2.7394944429397583,0.10999999999999999,-1.2
1775605502.321485,0.1878638909833679,-0.7304322934328468,-2.1170431139170383,1.370631919679648,0.6435125971729123,0.08511950421564203,2.640997290611267,0.11499999999999999,-1.2
1775605502.421355,0.1878638909833679,-0.7304322934328468,-2.1170431139170383,1.361760321853487,0.6492683067651117,0.12765184044243783,2.5187190771102905,0.11999999999999998,-1.2
1775605502.5214403,0.1781990045824669,-0.744267328638114,-2.354751553000152,1.353371727508736,0.6563523611098924,0.1378303486275891,2.3914207220077515,0.12499999999999999,-1.2
1775605502.6213584,0.1781990045824669,-0.744267328638114,-2.354751553000152,1.3470334754798843,0.6629627698551427,0.0917326245782019,2.2680104970932007,0.13499999999999998,-1.2
1775605502.721465,0.15475044817251482,-0.7613306257868979,-2.6058367832726876,1.339770863356835,0.6724125894339189,0.09724556963499517,2.17540442943573,0.13999999999999999,-1.2
1775605502.8214676,0.15475044817251482,-0.7613306257868979,-2.6058367832726876,1.3333788977574865,0.6831825855563392,0.15241622120863407,2.0617586374282837,0.145,-1.2
1775605502.9213676,0.12803992572259085,-0.7627242531194051,-2.8179748940554545,1.3289494478789896,0.6924243320205671,0.10333903450138084,1.974871039390564,0.155,-1.2
1775605503.021407,0.12803992572259085,-0.7627242531194051,-2.8179748940554545,1.3244394554458085,0.705134168932829,0.16383364663444985,1.8713537454605103,0.16,-1.2
1775605503.121416,0.12803992572259085,-0.7627242531194051,-2.8179748940554545,1.3216499658377223,0.715781808048963,0.11078206237928907,1.7752901315689087,0.165,-1.2
1775605503.221427,0.12803992572259085,-0.7627242531194051,-2.8179748940554545,1.3193748006695587,0.7291271200518987,0.11315790325147808,1.6849962472915652,0.17,-1.2
1775605503.3213608,0.06427872052312425,-0.7815547202916153,3.0703259228150204,1.3181950681028338,0.7435542833388114,0.11396357438188935,1.610518455505371,0.17500000000000002,-1.2
1775605503.4213028,0.06427872052312425,-0.7815547202916153,3.0703259228150204,1.3183489103515544,0.7584583905129753,0.17880194670289495,1.5273185968399048,0.18500000000000003,-1.2
1775605503.5212903,0.06427872052312425,-0.7815547202916153,3.0703259228150204,1.319309331752668,0.7703892558682248,0.11890902605702135,1.445647358894348,0.19000000000000003,-1.2
1775605503.6213808,0.06427872052312425,-0.7815547202916153,3.0703259228150204,1.3216263928620344,0.7852422618870856,0.1351223172897805,1.3809282779693604,0.19500000000000003,-1.2
1775605503.7213266,0.003295779512545023,-0.7687664721492203,2.755862296511953,1.325268395027257,0.8003735565696334,0.18589040392768086,1.305715560913086,0.20000000000000004,-1.2
1775605503.8213062,0.003295779512545023,-0.7687664721492203,2.755862296511953,1.329015191060995,0.8125387221580536,0.12791373114652355,1.2316025495529175,0.20000000000000004,-1.2
1775605503.9213815,0.003295779512545023,-0.7687664721492203,2.755862296511953,1.3347437321505409,0.8275810278264845,0.1315871462632379,1.1777102947235107,0.20500000000000004,-1.2
1775605504.0214047,0.003295779512545023,-0.7687664721492203,2.755862296511953,1.3414258069122955,0.8420848666924194,0.19418583227160682,1.1134806871414185,0.21000000000000005,-1.15
1775605504.1213806,-0.04871610444494888,-0.7399125122277713,2.471230987422198,1.3476616500642218,0.8538743699643373,0.13429445294159847,1.0508344173431396,0.21000000000000005,-1.0999999999999999
1775605504.2213473,-0.04871610444494888,-0.7399125122277713,2.471230987422198,1.3564209085370709,0.8684530822361972,0.13688226869707035,1.0058481693267822,0.21000000000000005,-1.0499999999999998
1775605504.3213606,-0.04871610444494888,-0.7399125122277713,2.471230987422198,1.3662830867797136,0.8828949619181176,0.21210104892833426,0.9491816759109497,0.21000000000000005,-0.9999999999999999
1775605504.422039,-0.04871610444494888,-0.7399125122277713,2.471230987422198,1.3748810068443962,0.8943526126091277,0.14475216399783258,0.9025028944015503,0.21000000000000005,-0.9499999999999998
1775605504.5213501,-0.10819011908414829,-0.6836869027252647,2.2394762459322233,1.3862840923870736,0.9083063009006128,0.14462020767097994,0.8644741773605348,0.21000000000000005,-0.8999999999999999
1775605504.6213634,-0.10819011908414829,-0.6836869027252647,2.2394762459322233,1.3985734268605579,0.9219663512468035,0.22175895674684776,0.8220118284225464,0.21000000000000005,-0.8499999999999999
1775605504.721341,-0.10819011908414829,-0.6836869027252647,2.2394762459322233,1.4087985195624684,0.9325338974381867,0.1464201745428358,0.777785062789917,0.21000000000000005,-0.7999999999999999
1775605504.821322,-0.10819011908414829,-0.6836869027252647,2.2394762459322233,1.422076579624825,0.9451988857384234,0.1473549592016025,0.7442256212234497,0.21000000000000005,-0.7499999999999999
1775605504.921321,-0.10819011908414829,-0.6836869027252647,2.2394762459322233,1.4361767822776188,0.9575646177604712,0.2269780202987883,0.7057126760482788,0.21000000000000005,-0.7
1775605505.0213745,-0.10819011908414829,-0.6836869027252647,2.2394762459322233,1.4478983760610367,0.9672593089998014,0.150459522304016,0.6749293804168701,0.21000000000000005,-0.6499999999999999
1775605505.1213763,-0.16894835495555888,-0.5965993474596057,2.000991316081146,1.4631498421365259,0.9791466908175307,0.15490102877811804,0.6477365493774414,0.21000000000000005,-0.5499999999999999
1775605505.2214057,-0.16894835495555888,-0.5965993474596057,2.000991316081146,1.4788760082303216,0.9906576327078396,0.23354155743685306,0.6213001608848572,0.21000000000000005,-0.5
1775605505.321423,-0.16894835495555888,-0.5965993474596057,2.000991316081146,1.4915046985404414,0.9994066358687039,0.16014873660089907,0.5940678119659423,0.21000000000000005,-0.45
1775605505.421302,-0.16894835495555888,-0.5965993474596057,2.000991316081146,1.5079721480402157,1.0102956581732792,0.16035561682675828,0.5713741183280945,0.21000000000000005,-0.4
1775605505.521405,-0.16894835495555888,-0.5965993474596057,2.000991316081146,1.525071375074335,1.021093321065066,0.24316931237786482,0.5553598999977111,0.21000000000000005,-0.35000000000000003
1775605505.621316,-0.16894835495555888,-0.5965993474596057,2.000991316081146,1.5388110142813833,1.0294321114158147,0.1654138065131313,0.5372982621192932,0.21000000000000005,-0.30000000000000004
1775605505.7213883,-0.16894835495555888,-0.5965993474596057,2.000991316081146,1.556350962826787,1.039749985196647,0.16469817534862802,0.5221603512763977,0.21000000000000005,-0.25000000000000006
1775605505.8213255,-0.16894835495555888,-0.5965993474596057,2.000991316081146,1.5743419104158167,1.04994491936618,0.24585803598777758,0.5110843777656556,0.21000000000000005,-0.20000000000000007
1775605505.9214265,-0.16894835495555888,-0.5965993474596057,2.000991316081146,1.592201840193064,1.0598037474076778,0.24716296481539313,0.4996078610420227,0.21000000000000005,-0.15000000000000008
1775605506.021369,-0.16894835495555888,-0.5965993474596057,2.000991316081146,1.6070744097046987,1.0677920815333948,0.16681081322274502,0.4870476722717285,0.21000000000000005,-0.10000000000000007
1775605506.1214154,-0.16894835495555888,-0.5965993474596057,2.000991316081146,1.6261417034479746,1.0778655457221544,0.17316047818253397,0.48496878147125244,0.21000000000000005,-0.05000000000000007
1775605506.2213707,-0.16894835495555888,-0.5965993474596057,2.000991316081146,1.6453996195867948,1.0880116404253501,0.26086547912043323,0.4848231077194214,0.21000000000000005,0.04999999999999993
1775605506.3213048,-0.16894835495555888,-0.5965993474596057,2.000991316081146,1.6604971902203993,1.095954346365624,0.17577361155780855,0.48463100194931025,0.21000000000000005,0.09999999999999994
1775605506.4213629,-0.16894835495555888,-0.5965993474596057,2.000991316081146,1.680413118302978,1.1064804592398874,0.19029275415093838,0.4884583353996277,0.21000000000000005,0.14999999999999994
1775605506.5212848,-0.16894835495555888,-0.5965993474596057,2.000991316081146,1.6992128701583789,1.1165180429734483,0.2598800298835499,0.49253511428833,0.21000000000000005,0.19999999999999996
1775605506.621351,-0.16894835495555888,-0.5965993474596057,2.000991316081146,1.718741736274578,1.1270703149019499,0.26274595884897833,0.49740988016128534,0.21000000000000005,0.24999999999999994
1775605506.7213073,-0.23776729617633863,-0.3034415101889178,1.7984993268226497,1.7340187705037857,1.1354805043707725,0.17106776088782033,0.5072858333587646,0.21000000000000005,0.29999999999999993
1775605506.821309,-0.23776729617633863,-0.3034415101889178,1.7984993268226497,1.7530303008940802,1.1461844247716944,0.175137675982686,0.520113706588745,0.21000000000000005,0.3
1775605506.921383,-0.23776729617633863,-0.3034415101889178,1.7984993268226497,1.7715479856947738,1.1568858408788745,0.25643791100540175,0.5274569988250732,0.21000000000000005,0.3
1775605507.0213633,-0.23776729617633863,-0.3034415101889178,1.7984993268226497,1.786263087266721,1.1656159482341943,0.16941125561364562,0.5421168804168701,0.21000000000000005,0.25
1775605507.121274,-0.23776729617633863,-0.3034415101889178,1.7984993268226497,1.8043929298164172,1.1766730699859222,0.253673976564113,0.5514737367630005,0.21000000000000005,0.2
1775605507.2213664,-0.23776729617633863,-0.3034415101889178,1.7984993268226497,1.8186881020244583,1.1855104404600252,0.16672450689054194,0.5568556785583496,0.21000000000000005,0.15000000000000002
1775605507.321427,-0.23776729617633863,-0.3034415101889178,1.7984993268226497,1.836778944315439,1.1969185329527188,0.1726215359138622,0.5677874684333802,0.21000000000000005,0.10000000000000002
1775605507.4213796,-0.23776729617633863,-0.3034415101889178,1.7984993268226497,1.854707577666164,1.208486822350043,0.2508603485155142,0.5772254467010497,0.21000000000000005,0.05000000000000002
1775605507.521463,-0.23776729617633863,-0.3034415101889178,1.7984993268226497,1.8726453616245542,1.2202269115266624,0.2546188083355988,0.5816644430160522,0.21000000000000005,1.3877787807814457e-17
1775605507.621438,-0.23776729617633863,-0.3034415101889178,1.7984993268226497,1.887563051804484,1.2301102579886922,0.18294720753717936,0.5874483585357666,0.21000000000000005,-0.04999999999999999
1775605507.7214472,-0.23776729617633863,-0.3034415101889178,1.7984993268226497,1.9056648855306637,1.242198842348991,0.1784703216186451,0.5907714366912843,0.21000000000000005,-0.09999999999999999
1775605507.8213909,-0.23776729617633863,-0.3034415101889178,1.7984993268226497,1.9240112146298514,1.2545136929432756,0.26511894779614986,0.5912957787513733,0.21000000000000005,-0.15
1775605507.9213438,-0.23776729617633863,-0.3034415101889178,1.7984993268226497,1.9385240190541764,1.2641831659118212,0.17852473270834066,0.5851597189903259,0.21000000000000005,-0.25
1775605508.021347,-0.23776729617633863,-0.3034415101889178,1.7984993268226497,1.9571359725115773,1.276464330683967,0.17646542969278448,0.5797913670539856,0.21000000000000005,-0.3
1775605508.1214838,-0.23776729617633863,-0.3034415101889178,1.7984993268226497,1.9753991779567641,1.2883076108097522,0.25921182766776246,0.570214033126831,0.21000000000000005,-0.35
1775605508.2214274,-0.23776729617633863,-0.3034415101889178,1.7984993268226497,1.9895651729259418,1.2972560513704294,0.16659582667744427,0.557990550994873,0.21000000000000005,-0.39999999999999997
1775605508.3213758,-0.322219554550653,-0.026265596178156058,1.8534530232908903,2.0076259051230503,1.3083772928145576,0.17008493792296,0.5417697429656982,0.21000000000000005,-0.44999999999999996
1775605508.4213746,-0.322219554550653,-0.026265596178156058,1.8534530232908903,2.0259243570262018,1.3191528011089753,0.2540483099852024,0.5239709615707396,0.21000000000000005,-0.49999999999999994
1775605508.521401,-0.322219554550653,-0.026265596178156058,1.8534530232908903,2.039970474386527,1.3270158997325951,0.1572602321499418,0.4980425834655762,0.21000000000000005,-0.5499999999999999
1775605508.6213436,-0.322219554550653,-0.026265596178156058,1.8534530232908903,2.0580774058895193,1.3366847022949946,0.16776974082959434,0.4785705208778382,0.21000000000000005,-0.6
1775605508.7214425,-0.322219554550653,-0.026265596178156058,1.8534530232908903,2.0758592884227167,1.345661485365271,0.23724431342567498,0.4592723250389099,0.21000000000000005,-0.65
1775605508.8214161,-0.322219554550653,-0.026265596178156058,1.8534530232908903,2.0903156962779974,1.352508408499341,0.15951045701925742,0.42839229106903076,0.21000000000000005,-0.7
1775605508.9213474,-0.322219554550653,-0.026265596178156058,1.8534530232908903,2.1083789497170984,1.360474192923846,0.15977509906143703,0.3957902789115905,0.21000000000000005,-0.75
1775605509.0214324,-0.322219554550653,-0.026265596178156058,1.8534530232908903,2.1265003228496715,1.3677138476357578,0.23644535440550188,0.36578154563903803,0.21000000000000005,-0.7999999999999999
1775605509.121379,-0.33485901067984025,0.12465078974484416,1.628772259089448,2.141385377064496,1.3730675276834055,0.1595824654637166,0.33029466867446894,0.21000000000000005,-0.85
1775605509.2214143,-0.33485901067984025,0.12465078974484416,1.628772259089448,2.15919965223877,1.3788488698563397,0.14933488635991066,0.2882682085037232,0.21500000000000005,-0.8999999999999999
1775605509.321267,-0.33485901067984025,0.12465078974484416,1.628772259089448,2.176416109042173,1.3836320996077691,0.13988341756875086,0.25004601478576655,0.22,-0.8999999999999999
1775605509.421351,-0.33485901067984025,0.12465078974484416,1.628772259089448,2.194578955180286,1.3877669788689473,0.22133377821232125,0.20578038692474365,0.22,-0.8999999999999999
1775605509.5213907,-0.33485901067984025,0.12465078974484416,1.628772259089448,2.209204359624091,1.3905175431490764,0.14843515699601909,0.16226589679718015,0.22,-0.8999999999999999
1775605509.621356,-0.33485901067984025,0.12465078974484416,1.628772259089448,2.228004860756294,1.393316230608091,0.15238347955097387,0.1283572018146515,0.22,-0.8999999999999999
1775605509.7212946,-0.32508312272429973,0.23895826941389373,1.3806683110338427,2.246404730405397,1.395249681475312,0.21952253221815174,0.08737775683403015,0.22,-0.8999999999999999
1775605509.8213527,-0.32508312272429973,0.23895826941389373,1.3806683110338427,2.260696601292586,1.396222475273192,0.14841474374843222,0.04229751229286194,0.22,-0.8999999999999999
1775605509.921361,-0.32508312272429973,0.23895826941389373,1.3806683110338427,2.2791660621068575,1.3967189843602765,0.1531135224926363,0.00777396559715271,0.22,-0.8999999999999999
1775605510.0214162,-0.32508312272429973,0.23895826941389373,1.3806683110338427,2.2978414874049986,1.396394624547652,0.2247562742439987,-0.035432338714599616,0.22,-0.8999999999999999
1775605510.1214168,-0.32508312272429973,0.23895826941389373,1.3806683110338427,2.3130040567255317,1.395560702407884,0.13510691600863983,-0.07964071631431578,0.22,-0.8499999999999999
1775605510.2214096,-0.32508312272429973,0.23895826941389373,1.3806683110338427,2.331517433475414,1.393744736285404,0.15003381511671737,-0.12453624606132507,0.22,-0.7999999999999999
1775605510.3213425,-0.2936201848015326,0.330251736135084,1.1366346972268577,2.3499804473130586,1.391086628879383,0.22239929262846458,-0.15728789567947385,0.22,-0.7999999999999999
1775605510.421345,-0.2936201848015326,0.330251736135084,1.1366346972268577,2.3651511832333676,1.388361350486111,0.1545911372635434,-0.19346757233142856,0.22,-0.7999999999999999
1775605510.5213368,-0.2936201848015326,0.330251736135084,1.1366346972268577,2.383972088613777,1.3843898973082602,0.14975235299247153,-0.230061873793602,0.22,-0.7999999999999999
1775605510.621364,-0.2936201848015326,0.330251736135084,1.1366346972268577,2.4027349639098823,1.379610753947808,0.21941913099147717,-0.26494327932596207,0.22,-0.7999999999999999
1775605510.7213964,-0.2936201848015326,0.330251736135084,1.1366346972268577,2.4172503444507263,1.3753244844893198,0.14980741471951778,-0.3056958429515362,0.22,-0.7999999999999999
1775605510.8213594,-0.2936201848015326,0.330251736135084,1.1366346972268577,2.43477433901505,1.3694707297015283,0.14198696626728113,-0.34754824358969927,0.22,-0.7999999999999999
1775605510.921417,-0.24509136460535597,0.4093693886388341,0.9280344145384858,2.4527438098733385,1.3626074274157192,0.22300691480639245,-0.378655031323433,0.22,-0.85
1775605511.0213158,-0.24509136460535597,0.4093693886388341,0.9280344145384858,2.4668380051126597,1.356622917606933,0.15186583426103956,-0.4209450185298919,0.22,-0.8999999999999999
1775605511.121385,-0.24509136460535597,0.4093693886388341,0.9280344145384858,2.484116056557261,1.3485212844931582,0.15130949751542147,-0.464516818523407,0.22,-0.8999999999999999
1775605511.2213502,-0.24509136460535597,0.4093693886388341,0.9280344145384858,2.5002927184189376,1.3400215931611066,0.22272076261078283,-0.49742689728736883,0.22,-0.95
1775605511.3213677,-0.24509136460535597,0.4093693886388341,0.9280344145384858,2.516299354565051,1.3307943649154625,0.22507282891166291,-0.540700599551201,0.22,-0.9999999999999999
1775605511.4213703,-0.24509136460535597,0.4093693886388341,0.9280344145384858,2.528933689003762,1.3228353107422355,0.1494550855964013,-0.5875934511423111,0.22,-0.9999999999999999
1775605511.5213947,-0.18853161070462826,0.4848878673832546,0.7151062654073029,2.543781395994156,1.3125789225323927,0.1474371815244538,-0.6259665191173553,0.22,-1.0499999999999998
1775605511.6213992,-0.18853161070462826,0.4848878673832546,0.7151062654073029,2.557855013741927,1.3017351174870082,0.20870709279866398,-0.6774262189865113,0.22,-1.0999999999999999
1775605511.7214565,-0.18853161070462826,0.4848878673832546,0.7151062654073029,2.56905973517183,1.292291294616918,0.14790467162206858,-0.7278707325458527,0.22,-1.0999999999999999
1775605511.8214092,-0.18853161070462826,0.4848878673832546,0.7151062654073029,2.5822733976411785,1.280075773426085,0.14314707916795075,-0.7688094973564147,0.22,-1.0999999999999999
1775605511.9213626,-0.18853161070462826,0.4848878673832546,0.7151062654073029,2.5948861836769015,1.2670648814073708,0.21617530277262362,-0.82277911901474,0.22,-1.0999999999999999
1775605512.0214653,-0.18853161070462826,0.4848878673832546,0.7151062654073029,2.604371995738747,1.2563312422239,0.14326876291483548,-0.8774201869964601,0.22,-1.15
1775605512.1213892,-0.12108010186210759,0.5363346747915253,0.45707637754187525,2.615467441717438,1.242390082455154,0.1402487978036901,-0.9245298504829407,0.22,-1.2
1775605512.2213771,-0.12108010186210759,0.5363346747915253,0.45707637754187525,2.625622055024672,1.2279968367087912,0.211834543034587,-0.9764658212661743,0.22,-1.2
1775605512.3213456,-0.12108010186210759,0.5363346747915253,0.45707637754187525,2.633137215863416,1.2161606955980984,0.13879710152608027,-1.0389553904533386,0.22,-1.2
1775605512.4213943,-0.12108010186210759,0.5363346747915253,0.45707637754187525,2.641554483367314,1.2010915346899484,0.14127423211896176,-1.0876961946487427,0.22,-1.2
1775605512.5214393,-0.0748031187860765,0.559022309171675,0.26979787599186744,2.6488979825145953,1.1858077713489406,0.2002959966904738,-1.1458595395088196,0.22,-1.2
1775605512.6213715,-0.0748031187860765,0.559022309171675,0.26979787599186744,2.654257513597661,1.1730166278173302,0.1409924933442917,-1.2077736258506777,0.22,-1.2
1775605512.7214744,-0.0748031187860765,0.559022309171675,0.26979787599186744,2.660051279033897,1.156703645807394,0.1405070302815798,-1.2559378743171692,0.22,-1.2
1775605512.8214371,-0.0748031187860765,0.559022309171675,0.26979787599186744,2.6649333875802084,1.139779228320903,0.2121972495382177,-1.3131970167160034,0.22,-1.2
1775605512.9214118,-0.0034460003589513897,0.5542909169757322,0.04350000510016917,2.6681022447948144,1.126199529730412,0.14205560483038857,-1.3749200105667114,0.22,-1.2
1775605513.0213413,-0.0034460003589513897,0.5542909169757322,0.04350000510016917,2.671150577624812,1.1089273541653784,0.14119169879394294,-1.4225357770919798,0.22,-1.2
1775605513.1213746,-0.0034460003589513897,0.5542909169757322,0.04350000510016917,2.6730860293980006,1.0915980463368997,0.2086827980211741,-1.484474301338196,0.22,-1.2
1775605513.2213187,-0.0034460003589513897,0.5542909169757322,0.04350000510016917,2.673885301216621,1.0779045463888766,0.13950396972321574,-1.5452961921691892,0.22,-1.2
1775605513.3214502,0.062345134238576766,0.5346793513628373,-0.17130165137202735,2.6739419135587372,1.0605427656390765,0.14152093722013886,-1.5943038463592532,0.22,-1.2
1775605513.4213963,0.062345134238576766,0.5346793513628373,-0.17130165137202735,2.672914990551435,1.0431104248560583,0.2108990446659291,-1.6531766653060913,0.22,-1.2
1775605513.5214276,0.062345134238576766,0.5346793513628373,-0.17130165137202735,2.6714187912813627,1.0292207040205863,0.14039976286857545,-1.710312008857727,0.22,-1.15
1775605513.6214447,0.062345134238576766,0.5346793513628373,-0.17130165137202735,2.668675474130005,1.012204987786668,0.13789507795915681,-1.7570877075195312,0.22,-1.0999999999999999
1775605513.721467,0.12478938991919346,0.5116154492002655,-0.38447629130994887,2.6649396627105117,0.9954316737304575,0.2026385072923681,-1.8134292364120486,0.22,-1.0999999999999999
1775605513.8213806,0.12478938991919346,0.5116154492002655,-0.38447629130994887,2.661248394992049,0.9819317561006357,0.14027701025599446,-1.8687310218811035,0.22,-1.0999999999999999
1775605513.9214299,0.12478938991919346,0.5116154492002655,-0.38447629130994887,2.6556391145487925,0.9648867803983265,0.14319656948107173,-1.9129366874694826,0.22,-1.0499999999999998
1775605514.0214107,0.12478938991919346,0.5116154492002655,-0.38447629130994887,2.648990528059139,0.948057041905247,0.21471512135023713,-1.969268798828125,0.22,-0.9999999999999999
1775605514.1213799,0.12478938991919346,0.5116154492002655,-0.38447629130994887,2.6431829770856177,0.9350732711615556,0.14399718776048154,-2.020708918571472,0.22,-0.9999999999999999
1775605514.2213905,0.12478938991919346,0.5116154492002655,-0.38447629130994887,2.6350274219680543,0.9189757319570712,0.14408119767374958,-2.06181800365448,0.22,-0.9499999999999998
1775605514.321416,0.21004503121081788,0.46374385763158077,-0.691812941282227,2.625984804726045,0.9033014830914557,0.21753775687116167,-2.114964008331299,0.22,-0.8999999999999999
1775605514.421343,0.21004503121081788,0.46374385763158077,-0.691812941282227,2.618077469963974,0.890813983311867,0.14405024069013536,-2.159775137901306,0.22,-0.8499999999999999
1775605514.521469,0.21004503121081788,0.46374385763158077,-0.691812941282227,2.6073617639135116,0.8752989044794026,0.15120102733596447,-2.191948175430298,0.22,-0.7999999999999999
1775605514.621315,0.21004503121081788,0.46374385763158077,-0.691812941282227,2.5960479217772643,0.8603099816084585,0.22624429627188547,-2.234057664871216,0.22,-0.7999999999999999
1775605514.7213938,0.21004503121081788,0.46374385763158077,-0.691812941282227,2.586604736616315,0.848677233076786,0.15006920530726928,-2.2749499082565308,0.22,-0.7999999999999999
1775605514.8213198,0.21004503121081788,0.46374385763158077,-0.691812941282227,2.574178117725328,0.8344617659265705,0.15281428184339835,-2.306201696395874,0.22,-0.7999999999999999
1775605514.9213738,0.2838128533526388,0.38778518708712273,-0.9346533209788659,2.5615047175151004,0.8211221866189902,0.22459260207808074,-2.3463823795318604,0.22,-0.7
1775605515.0213802,0.2838128533526388,0.38778518708712273,-0.9346533209788659,2.5505321167474815,0.8102973088463525,0.15584693537355268,-2.3847545385360718,0.22,-0.7
1775605515.121332,0.2838128533526388,0.38778518708712273,-0.9346533209788659,2.536247458461036,0.7971894587904549,0.14774168249178377,-2.4192126989364624,0.22,-0.6499999999999999
1775605515.2213354,0.2838128533526388,0.38778518708712273,-0.9346533209788659,2.521643002465498,0.7846317188699593,0.15024484299945898,-2.445975661277771,0.22,-0.6
1775605515.3213768,0.2838128533526388,0.38778518708712273,-0.9346533209788659,2.509336481129106,0.7746930881434655,0.15895905513220396,-2.4813543558120728,0.22,-0.5499999999999999
1775605515.421391,0.2838128533526388,0.38778518708712273,-0.9346533209788659,2.493294054585245,0.7625053100880377,0.16251441045555715,-2.5040420293807983,0.22,-0.5
1775605515.5214128,0.2838128533526388,0.38778518708712273,-0.9346533209788659,2.477077430565471,0.7509387162963362,0.2366471930702644,-2.534450888633728,0.22,-0.4
1775605515.6214173,0.2838128533526388,0.38778518708712273,-0.9346533209788659,2.4608659443616427,0.7400764733008541,0.22894730765025711,-2.5613003969192505,0.22,-0.4
1775605515.7214012,0.34677671659749226,0.27629409054714404,-1.193904293996652,2.4471855592642875,0.7312610590769774,0.16128997296003045,-2.5762864351272583,0.22,-0.4
1775605515.8214388,0.34677671659749226,0.27629409054714404,-1.193904293996652,2.4293975008751403,0.7202764784057076,0.2517725904791894,-2.59679639339447,0.22,-0.4
1775605515.921453,0.34677671659749226,0.27629409054714404,-1.193904293996652,2.415015660782738,0.7117289545348862,0.16543607154920395,-2.617613673210144,0.22,-0.35000000000000003
1775605516.0214677,0.34677671659749226,0.27629409054714404,-1.193904293996652,2.3969829204587625,0.701505342862383,0.16576326449289322,-2.6354817152023315,0.22,-0.30000000000000004
1775605516.1215177,0.34677671659749226,0.27629409054714404,-1.193904293996652,2.378517001206852,0.6914885882289885,0.25244154835176874,-2.6492797136306763,0.22,-0.25000000000000006
1775605516.2213514,0.34677671659749226,0.27629409054714404,-1.193904293996652,2.3638821036460866,0.6837539297088919,0.15743378217470946,-2.6622928380966187,0.22,-0.20000000000000007
1775605516.3213904,0.34677671659749226,0.27629409054714404,-1.193904293996652,2.344952969353821,0.6740735534470174,0.17077797103826203,-2.6787065267562866,0.22,-0.15000000000000002
1775605516.421305,0.34677671659749226,0.27629409054714404,-1.193904293996652,2.32600201556967,0.6647181508003422,0.1729147163032232,-2.6864813566207886,0.22,-0.10000000000000003
1775605516.5214071,0.34677671659749226,0.27629409054714404,-1.193904293996652,2.306204446644127,0.6551351373198335,0.26715841126133455,-2.6938077211380005,0.22,-0.10000000000000003
1775605516.621311,0.34677671659749226,0.27629409054714404,-1.193904293996652,2.2906906122432527,0.6477407421190977,0.1665649669922231,-2.7009729146957397,0.22,-0.10000000000000003
1775605516.721381,0.34677671659749226,0.27629409054714404,-1.193904293996652,2.271399938559557,0.6386823946637649,0.17365482478557892,-2.70505154132843,0.22,-0.05000000000000003
1775605516.8214786,0.34677671659749226,0.27629409054714404,-1.193904293996652,2.2517977670534783,0.6295732168264982,0.25729561089939273,-2.706696629524231,0.22,-2.7755575615628914e-17
1775605516.9213564,0.34677671659749226,0.27629409054714404,-1.193904293996652,2.2355443002068727,0.6220266957661293,0.18017699202896933,-2.707555890083313,0.22,-2.7755575615628914e-17
1775605517.0214186,0.34677671659749226,0.27629409054714404,-1.193904293996652,2.215803566858204,0.612915578732641,0.1685791814084656,-2.7109395265579224,0.22,-2.7755575615628914e-17
1775605517.1214092,0.413224150267113,0.010345324077180314,-1.3516241997084992,2.1958806592532047,0.6037765034090979,0.1709524963752309,-2.7110131978988647,0.22,-2.7755575615628914e-17
1775605517.2214115,0.413224150267113,0.010345324077180314,-1.3516241997084992,2.175647458727851,0.5944640345560043,0.2666735276631788,-2.709769606590271,0.22,-2.7755575615628914e-17
1775605517.3213396,0.413224150267113,0.010345324077180314,-1.3516241997084992,2.159633122300541,0.5871242301619384,0.17687347751163615,-2.712370991706848,0.22,-2.7755575615628914e-17
1775605517.421294,0.413224150267113,0.010345324077180314,-1.3516241997084992,2.139510858989635,0.5778734338858214,0.17359515205093726,-2.7092891931533813,0.22,-2.7755575615628914e-17
1775605517.5213318,0.413224150267113,0.010345324077180314,-1.3516241997084992,2.118912995803679,0.5683243353418082,0.2713984182703235,-2.707565665245056,0.22,-2.7755575615628914e-17
1775605517.6214604,0.413224150267113,0.010345324077180314,-1.3516241997084992,2.1028406368036046,0.5608685731747793,0.179143125461452,-2.7076932191848755,0.22,0.049999999999999975
1775605517.7214093,0.413224150267113,0.010345324077180314,-1.3516241997084992,2.0829483597304908,0.5516630240786224,0.18016142190848264,-2.7097586393356323,0.22,0.09999999999999998
1775605517.821337,0.413224150267113,0.010345324077180314,-1.3516241997084992,2.0634336371512974,0.5426661938317304,0.25740299563039876,-2.7095450162887573,0.22,0.09999999999999998
1775605517.9214,0.413224150267113,0.010345324077180314,-1.3516241997084992,2.04732480776941,0.535228973120589,0.17687486015215598,-2.709269881248474,0.22,0.14999999999999997
1775605518.0212972,0.413224150267113,0.010345324077180314,-1.3516241997084992,2.0277247785351236,0.5261753799718324,0.17422759329703302,-2.707657217979431,0.22,0.24999999999999994
1775605518.1214128,0.413224150267113,0.010345324077180314,-1.3516241997084992,2.007618832332818,0.5168289612282124,0.3030474663458346,-2.7056549787521362,0.22,0.29999999999999993
1775605518.2214024,0.413224150267113,0.010345324077180314,-1.3516241997084992,1.9886418112310733,0.5078769336181893,0.247024778797612,-2.697781205177307,0.22,0.3
1775605518.3213766,0.413224150267113,0.010345324077180314,-1.3516241997084992,1.97332693438481,0.5004776167167353,0.17086386112963203,-2.684280276298523,0.22,0.3
1775605518.421384,0.413224150267113,0.010345324077180314,-1.3516241997084992,1.9546000975164743,0.49112625709429514,0.16203920821802545,-2.6724010705947876,0.22,0.3
1775605518.5213933,0.456842887040139,-0.23385835293769608,-1.326207542818337,1.9361363313282016,0.48159228515469116,0.24446024894905843,-2.6597691774368286,0.22,0.3
1775605518.621353,0.456842887040139,-0.23385835293769608,-1.326207542818337,1.9211317115190776,0.47363635793517234,0.16983707094995443,-2.647133231163025,0.22,0.3
1775605518.7213979,0.456842887040139,-0.23385835293769608,-1.326207542818337,1.9027579030139028,0.4636619719864766,0.16706375440987503,-2.638733744621277,0.22,0.25
1775605518.821427,0.456842887040139,-0.23385835293769608,-1.326207542818337,1.8849883552942608,0.453796564932678,0.16386806474687962,-2.631088137626648,0.22,0.2
1775605518.9213543,0.456842887040139,-0.23385835293769608,-1.326207542818337,1.8670524041223275,0.4435561982400109,0.25547428565640456,-2.6178067922592163,0.22,0.19999999999999998
1775605519.0213666,0.456842887040139,-0.23385835293769608,-1.326207542818337,1.8521863702568353,0.4348828503098872,0.17190604796234105,-2.608014941215515,0.22,0.19999999999999998
1775605519.1214418,0.456842887040139,-0.23385835293769608,-1.326207542818337,1.8335538483734408,0.4237770723996919,0.1743272413105539,-2.600713610649109,0.22,0.19999999999999998
1775605519.2213454,0.456842887040139,-0.23385835293769608,-1.326207542818337,1.8153295848107256,0.4127290337998082,0.2571549893719025,-2.5938867330551147,0.22,0.19999999999999998
1775605519.3213642,0.456842887040139,-0.23385835293769608,-1.326207542818337,1.800629841356025,0.403679789142779,0.17361938774196903,-2.58492910861969,0.22,0.19999999999999998
1775605519.4213154,0.456842887040139,-0.23385835293769608,-1.326207542818337,1.782319372308454,0.39224059671681777,0.17214406290151102,-2.5813006162643433,0.22,0.19999999999999998
1775605519.5213876,0.456842887040139,-0.23385835293769608,-1.326207542818337,1.767720233879253,0.3830298869029435,0.1724268939937914,-2.5749014616012573,0.22,0.19999999999999998
1775605519.6214921,0.456842887040139,-0.23385835293769608,-1.326207542818337,1.7493871027597165,0.3712950585197375,0.17464920940992093,-2.5700184106826782,0.22,0.19999999999999998
1775605519.7214167,0.456842887040139,-0.23385835293769608,-1.326207542818337,1.730948773747837,0.3593496099303374,0.2615792798961836,-2.564348340034485,0.22,0.19999999999999998
1775605519.821458,0.456842887040139,-0.23385835293769608,-1.326207542818337,1.7169228852834943,0.35018299616921245,0.1687121442829602,-2.560435652732849,0.22,0.19999999999999998
1775605519.921439,0.456842887040139,-0.23385835293769608,-1.326207542818337,1.699003486267502,0.33832294801503243,0.17681872051552208,-2.5525230169296265,0.22,0.19999999999999998
1775605520.0215032,0.456842887040139,-0.23385835293769608,-1.326207542818337,1.6811857147782274,0.32626558212988066,0.26072833770365633,-2.5425795316696167,0.22,0.19999999999999998
1775605520.1214166,0.5484303934622174,-0.5109840639268246,-1.2100351668467744,1.6669760425898033,0.3165093363803068,0.17081219083188093,-2.537462830543518,0.22,0.19999999999999998
1775605520.22137,0.5484303934622174,-0.5109840639268246,-1.2100351668467744,1.6493100262719522,0.304230652791613,0.17143258931643163,-2.529908537864685,0.22,0.19999999999999998
1775605520.3214257,0.5484303934622174,-0.5109840639268246,-1.2100351668467744,1.6317288706774526,0.2917431912230757,0.25824892894463697,-2.519961714744568,0.22,0.19999999999999998
1775605520.4213803,0.5484303934622174,-0.5109840639268246,-1.2100351668467744,1.6177889521957594,0.2816915824155845,0.17235776000204195,-2.5129092931747437,0.22,0.19999999999999998
1775605520.5213223,0.5484303934622174,-0.5109840639268246,-1.2100351668467744,1.6001865722186825,0.26880083973616337,0.17611316292693194,-2.5048104524612427,0.22,0.14999999999999997
1775605520.6212718,0.5484303934622174,-0.5109840639268246,-1.2100351668467744,1.583058257449191,0.25603509113969447,0.3083822877823629,-2.4990609884262085,0.22,0.09999999999999998
1775605520.7212543,0.5484303934622174,-0.5109840639268246,-1.2100351668467744,1.569221345605734,0.24567231591739264,0.17143646742531243,-2.4987186193466187,0.22,0.09999999999999998
1775605520.8212988,0.5484303934622174,-0.5109840639268246,-1.2100351668467744,1.5523491113235353,0.23302896221887998,0.17413984241166192,-2.498012661933899,0.22,0.09999999999999998
1775605520.9213004,0.5484303934622174,-0.5109840639268246,-1.2100351668467744,1.5351011536808472,0.2200850659950334,0.2019681082817262,-2.498015284538269,0.22,0.09999999999999998
1775605521.0212593,0.5484303934622174,-0.5109840639268246,-1.2100351668467744,1.5180167508351603,0.2073027862920256,0.3380076429639628,-2.5005539655685425,0.22,0.09999999999999998
1775605521.121267,0.5484303934622174,-0.5109840639268246,-1.2100351668467744,1.5041113862481834,0.19694707565009706,0.1795865379728008,-2.502869486808777,0.22,0.09999999999999998
1775605521.2212715,0.5484303934622174,-0.5109840639268246,-1.2100351668467744,1.4867257563115033,0.18401830602430164,0.18915383665210359,-2.501296877861023,0.22,0.09999999999999998
1775605521.3212645,0.5484303934622174,-0.5109840639268246,-1.2100351668467744,1.4690656681428995,0.17086479809805677,0.31851457989394993,-2.501487135887146,0.22,0.09999999999999998
1775605521.4212704,0.5484303934622174,-0.5109840639268246,-1.2100351668467744,1.4517662840580878,0.1579473711500347,0.2810430049364337,-2.499085783958435,0.22,0.09999999999999998
1775605521.521298,0.5484303934622174,-0.5109840639268246,-1.2100351668467744,1.4376662408866603,0.1473448980097966,0.19063917474441983,-2.4936453104019165,0.22,0.14999999999999997
1775605521.621465,0.5484303934622174,-0.5109840639268246,-1.2100351668467744,1.42063121160727,0.13441299926532063,0.17961239403979087,-2.490869641304016,0.22,0.19999999999999996
1775605521.7213573,0.6515998503539965,-0.7741176244930228,-1.1628128529771795,1.4037080929127839,0.12145955195800623,0.2516841808918831,-2.4867647886276245,0.22,0.24999999999999994
1775605521.821323,0.6515998503539965,-0.7741176244930228,-1.1628128529771795,1.390197952553636,0.11100190879126595,0.17453158888594347,-2.4785341024398804,0.22,0.29999999999999993
1775605521.9213934,0.6515998503539965,-0.7741176244930228,-1.1628128529771795,1.3734885357407214,0.09785570875946319,0.1692968210624445,-2.4700764417648315,0.22,0.3499999999999999
1775605522.0213528,0.6515998503539965,-0.7741176244930228,-1.1628128529771795,1.3569542190101227,0.08449014635123415,0.25518554952996486,-2.4537349939346313,0.22,0.3999999999999999
1775605522.121409,0.6515998503539965,-0.7741176244930228,-1.1628128529771795,1.341216076369339,0.07139094639026397,0.24694845399269683,-2.443663477897644,0.22,0.4499999999999999
1775605522.221478,0.6515998503539965,-0.7741176244930228,-1.1628128529771795,1.3287495843091612,0.06081128135245367,0.16659970733831123,-2.4307979345321655,0.22,0.4999999999999999
1775605522.3213325,0.6515998503539965,-0.7741176244930228,-1.1628128529771795,1.3132974620339166,0.047414429377386845,0.16234294566965443,-2.424200415611267,0.22,0.55
1775605522.4213562,0.6515998503539965,-0.7741176244930228,-1.1628128529771795,1.2980332769784664,0.0337283062410726,0.24366383352854104,-2.401906132698059,0.22,0.6
1775605522.5213623,0.6515998503539965,-0.7741176244930228,-1.1628128529771795,1.2861154536112718,0.022608601319199284,0.16265723604390456,-2.3769737482070923,0.22,0.65
1775605522.6213627,0.6515998503539965,-0.7741176244930228,-1.1628128529771795,1.2717130932897562,0.008592819829474095,0.16129957174982948,-2.3604408502578735,0.22,0.7
1775605522.7213953,0.6515998503539965,-0.7741176244930228,-1.1628128529771795,1.2578912512856049,-0.00553869289337542,0.2378654784106903,-2.3336169719696045,0.22,0.75
1775605522.8213508,0.6515998503539965,-0.7741176244930228,-1.1628128529771795,1.2473057627037818,-0.01695066518892748,0.15470219951636954,-2.300188899040222,0.22,0.85
1775605522.9214714,0.7429361088941632,-0.9871793623337659,-0.9699417571450281,1.2349915196864645,-0.031062774110290955,0.16054315837984273,-2.271622896194458,0.22,0.8999999999999999
1775605523.021755,0.7429361088941632,-0.9871793623337659,-0.9699417571450281,1.2229960202782637,-0.04590490216999013,0.22947566670678224,-2.235722303390503,0.22,0.95
1775605523.1214077,0.7429361088941632,-0.9871793623337659,-0.9699417571450281,1.2122137926897456,-0.0604066602346926,0.21845522307530443,-2.194209098815918,0.22,0.9999999999999999
1775605523.221325,0.7429361088941632,-0.9871793623337659,-0.9699417571450281,1.2039045528224792,-0.07238528319119997,0.14370126305539155,-2.160530924797058,0.22,1.0499999999999998
1775605523.3213155,0.7429361088941632,-0.9871793623337659,-0.9699417571450281,1.1941747995770318,-0.08794203783297508,0.22138750337401467,-2.1102609634399414,0.22,1.0999999999999999
1775605523.4214082,0.7429361088941632,-0.9871793623337659,-0.9699417571450281,1.1869954808029408,-0.10057125856780093,0.14422962509579562,-2.060506582260132,0.22,1.15
1775605523.5214305,0.7765345814264911,-1.0650705647399703,-0.7511219553624701,1.1788608213343617,-0.11650915862363062,0.14097462005471664,-2.021335244178772,0.22,1.2
1775605523.6213555,0.7765345814264911,-1.0650705647399703,-0.7511219553624701,1.1717146503947407,-0.13266436639489732,0.21139853458349778,-1.9650347232818604,0.22,1.25
1775605523.7213795,0.7765345814264911,-1.0650705647399703,-0.7511219553624701,1.166652523764179,-0.14579358349930896,0.1411474988779605,-1.9077680110931396,0.22,1.3
1775605523.821383,0.7765345814264911,-1.0650705647399703,-0.7511219553624701,1.1613019502100654,-0.16209780301219473,0.1376299509889618,-1.8655399084091189,0.22,1.35
1775605523.921372,0.8295182087772869,-1.1051403394282233,-0.5217123673306703,1.1571545029953556,-0.17788557051741974,0.20266242277877983,-1.801867365837097,0.22,1.4000000000000001
1775605524.0214436,0.8295182087772869,-1.1051403394282233,-0.5217123673306703,1.154432645045737,-0.19117437152283115,0.1357689738163891,-1.7359775304794314,0.22,1.4500000000000002
1775605524.1214745,0.8295182087772869,-1.1051403394282233,-0.5217123673306703,1.1520918730154766,-0.20753432015051756,0.13094488596391657,-1.6843112707138062,0.22,1.5000000000000002
1775605524.2213893,0.8295182087772869,-1.1051403394282233,-0.5217123673306703,1.1509174052512365,-0.22363751011838337,0.1948675679916556,-1.6159766912460327,0.22,1.5500000000000003
1775605524.3213468,0.8655377089668306,-1.1270401329250932,-0.27646250216850055,1.150750499149186,-0.2367451233918278,0.12911021920619267,-1.5417026281356812,0.22,1.6000000000000003
1775605524.4214342,0.8655377089668306,-1.1270401329250932,-0.27646250216850055,1.1516380251070515,-0.25251227325347947,0.1254956728127978,-1.480707049369812,0.22,1.6500000000000004
1775605524.5214,0.8655377089668306,-1.1270401329250932,-0.27646250216850055,1.1537633419851063,-0.26790404445448174,0.18550396650173556,-1.4012386798858643,0.22,1.7000000000000004
1775605524.6213899,0.8655377089668306,-1.1270401329250932,-0.27646250216850055,1.1563473941180002,-0.2801346739224834,0.12247708812859705,-1.3157522678375244,0.22,1.7000000000000004
1775605524.7213192,0.9303523941799504,-1.1360217099995622,-0.0025772043487294295,1.1606955750423507,-0.2949206846090194,0.12299625607982609,-1.2481871843338015,0.22,1.7000000000000004
1775605524.8213286,0.9303523941799504,-1.1360217099995622,-0.0025772043487294295,1.1659978088982663,-0.30857956474284826,0.17158093602334287,-1.1664543747901917,0.22,1.7500000000000004
1775605524.9214544,0.9303523941799504,-1.1360217099995622,-0.0025772043487294295,1.1724662978100306,-0.3217541643731322,0.18185490103643753,-1.0790934562683105,0.22,1.8000000000000005
1775605525.0213947,0.9303523941799504,-1.1360217099995622,-0.0025772043487294295,1.1785984454327494,-0.33229860145748225,0.1213991356019641,-1.0091261863708498,0.22,1.8000000000000005
1775605525.1214492,0.9747029589696726,-1.11906991995029,0.3413506548558135,1.1870897212636051,-0.34436262329306294,0.17541976067191767,-0.9213701486587523,0.22,1.8000000000000005
1775605525.2213316,0.9747029589696726,-1.11906991995029,0.3413506548558135,1.196197655505433,-0.3551192898700145,0.17094945897102581,-0.8319694101810455,0.22,1.8000000000000005
1775605525.3214648,0.9747029589696726,-1.11906991995029,0.3413506548558135,1.2044478085483434,-0.36347340317947324,0.1172499841794263,-0.7424795627593994,0.22,1.8000000000000005
1775605525.4213595,0.9747029589696726,-1.11906991995029,0.3413506548558135,1.215222012282223,-0.37271846518880225,0.11892088921217674,-0.6692206263542175,0.22,1.8000000000000005
1775605525.521344,1.008692141638794,-1.0950930069181966,0.6990522188531566,1.227283426449547,-0.3812127619926151,0.1768896160254611,-0.5763673186302186,0.22,1.8000000000000005
1775605525.6214569,1.008692141638794,-1.0950930069181966,0.6990522188531566,1.2375329854457382,-0.3872947591108108,0.11684910364024233,-0.4850441217422485,0.22,1.8000000000000005
1775605525.7212667,1.008692141638794,-1.0950930069181966,0.6990522188531566,1.2507315865783575,-0.39371664340165746,0.12326792969754656,-0.414231114089489,0.22,1.8000000000000005
1775605525.8214302,1.008692141638794,-1.0950930069181966,0.6990522188531566,1.2642973618332334,-0.39883597726217435,0.17248417430419175,-0.3254525661468506,0.22,1.8000000000000005
1775605525.9214077,1.0404471217493607,-1.051030075370644,1.0487011040028222,1.2754990343549135,-0.40209108313888947,0.11779911005819674,-0.23197856545448303,0.22,1.8000000000000005
1775605526.0214624,1.0404471217493607,-1.051030075370644,1.0487011040028222,1.2898821613239015,-0.40501907039639956,0.1172284726573741,-0.16337351500988007,0.22,1.8000000000000005
1775605526.1213858,1.0404471217493607,-1.051030075370644,1.0487011040028222,1.304140685292656,-0.40661757282696276,0.17215199022500127,-0.07567486166954039,0.22,1.8000000000000005
1775605526.221479,1.0404471217493607,-1.051030075370644,1.0487011040028222,1.3159501955672983,-0.40704021376394206,0.11901307247016064,0.014748185873031616,0.22,1.8000000000000005
1775605526.321401,1.056882239127163,-1.0032128158652704,1.3700886078251198,1.3305884468563889,-0.4063850207476379,0.11699182891319974,0.08189687132835388,0.22,1.7000000000000004
1775605526.4213357,1.056882239127163,-1.0032128158652704,1.3700886078251198,1.34482727430298,-0.40442510738057275,0.17798927232573786,0.17134755849838254,0.22,1.7000000000000004
1775605526.521447,1.056882239127163,-1.0032128158652704,1.3700886078251198,1.356380768510629,-0.4019421225376233,0.11227398352485853,0.2584149837493897,0.22,1.6500000000000004
1775605526.6213803,1.056882239127163,-1.0032128158652704,1.3700886078251198,1.370292315742291,-0.39776437407013665,0.11537121817644418,0.3417636752128601,0.22,1.6000000000000003
1775605526.7213972,1.0705168801708806,-0.9268829713775416,1.6872254471206234,1.3843243722329686,-0.3923016200237943,0.12107428350355823,0.40759122371673584,0.22,1.5500000000000003
1775605526.8213592,1.0705168801708806,-0.9268829713775416,1.6872254471206234,1.398075344986723,-0.3855703948153028,0.18424496041703514,0.48685556650161743,0.22,1.5000000000000002
1775605526.9213848,1.0705168801708806,-0.9268829713775416,1.6872254471206234,1.408712603207468,-0.379447895365194,0.12381784086837247,0.5640623569488525,0.22,1.4000000000000001
1775605527.0214639,1.0705168801708806,-0.9268829713775416,1.6872254471206234,1.4215871814854224,-0.3708372511487384,0.12247556486389431,0.6209950447082518,0.22,1.4000000000000001
1775605527.1214852,1.0623911452214707,-0.8920772369792063,1.9769792938199096,1.4344557288977162,-0.3607951911130812,0.19596856141766839,0.6900589466094971,0.22,1.3
1775605527.221402,1.0623911452214707,-0.8920772369792063,1.9769792938199096,1.444127810612556,-0.35232565244551367,0.11241612953784937,0.7534741163253785,0.22,1.25
1775605527.321441,1.0623911452214707,-0.8920772369792063,1.9769792938199096,1.4554609984947555,-0.3412188674568278,0.12284158133620601,0.8105860948562623,0.22,1.2
1775605527.4214857,1.0623911452214707,-0.8920772369792063,1.9769792938199096,1.4666286982794539,-0.3288994602363769,0.1378035792324976,0.8608379364013672,0.22,1.0999999999999999
1775605527.5213144,1.0476399767469395,-0.8309927509796969,2.2109983996929192,1.4775148930417905,-0.3152777595384124,0.20982915539031394,0.9186906814575195,0.22,1.0999999999999999
1775605527.6213856,1.0476399767469395,-0.8309927509796969,2.2109983996929192,1.48563882343,-0.30406857368057316,0.13811050357657298,0.9753240346908569,0.22,0.9999999999999999
1775605527.7213812,1.0476399767469395,-0.8309927509796969,2.2109983996929192,1.4953232015943418,-0.28914269236143947,0.14355599109893047,1.0190370082855225,0.22,0.9999999999999999
1775605527.8213875,1.0476399767469395,-0.8309927509796969,2.2109983996929192,1.5041746606650488,-0.2737087114394503,0.21383052370508432,1.0700571537017822,0.22,0.8999999999999999
1775605527.921469,1.0476399767469395,-0.8309927509796969,2.2109983996929192,1.5107826190730724,-0.26111274173676735,0.14373554897162327,1.1054524183273315,0.22,0.8999999999999999
1775605528.0213668,1.0476399767469395,-0.8309927509796969,2.2109983996929192,1.5186879863493594,-0.2442458272761211,0.22522341977447694,1.1491115093231201,0.22,0.7999999999999999
1775605528.1214,0.9830199650356614,-0.7737543971609661,2.486883637033237,1.5245479993672675,-0.23048374650622078,0.13244499029064555,1.1918684244155884,0.22,0.7499999999999999
1775605528.2213893,0.9830199650356614,-0.7737543971609661,2.486883637033237,1.5312576248789596,-0.21305149042831262,0.149330612465213,1.2169045209884644,0.22,0.7
1775605528.3214397,0.9830199650356614,-0.7737543971609661,2.486883637033237,1.5373884380555696,-0.19524715548721852,0.2288945225681889,1.2552140951156616,0.22,0.7
1775605528.4214017,0.9830199650356614,-0.7737543971609661,2.486883637033237,1.541999222228205,-0.18035370142090462,0.15441293503616943,1.2885805368423462,0.22,0.6499999999999999
1775605528.5214093,0.9830199650356614,-0.7737543971609661,2.486883637033237,1.5471815228620949,-0.1617240424888472,0.15350433479208012,1.3128985166549683,0.22,0.6
1775605528.6214094,0.9830199650356614,-0.7737543971609661,2.486883637033237,1.5518431293089021,-0.14254058586774593,0.23971934408336526,1.3451719284057617,0.0,0.0
1775605528.7214575,0.9830199650356614,-0.7737543971609661,2.486883637033237,1.5552537650974114,-0.1268864645059413,0.15975807295564182,1.36986243724823,0.0,0.0
1775605528.8214386,0.9830199650356614,-0.7737543971609661,2.486883637033237,1.5573157123238393,-0.11661272339862898,0.05164446992775781,1.3758292198181152,0.0,0.0
1775605528.9214783,0.9830199650356614,-0.7737543971609661,2.486883637033237,1.5575514011411284,-0.11542089110831572,0.005563230157758103,1.375064492225647,0.0,0.0
1775605529.021343,0.9830199650356614,-0.7737543971609661,2.486883637033237,1.5575612504519911,-0.11537123716132203,0.0,1.3748966455459595,0.0,0.0
1775605529.1213915,0.9830199650356614,-0.7737543971609661,2.486883637033237,1.5575612504519911,-0.11537123716132203,0.0,1.3748863935470579,0.0,0.0
1775605529.221359,0.9830199650356614,-0.7737543971609661,2.486883637033237,1.5575612504519911,-0.11537123716132203,0.0,1.3749281167984009,0.0,0.0
1775605529.3214042,0.9830199650356614,-0.7737543971609661,2.486883637033237,1.5575661768313809,-0.11534641052985022,0.0,1.3748905658721926,0.0,0.0
1775605529.4214687,0.9830199650356614,-0.7737543971609661,2.486883637033237,1.5575661770444678,-0.11534641057214282,0.0005075865152798212,1.3748733997344968,0.0,0.0
1775605529.521387,0.9830199650356614,-0.7737543971609661,2.486883637033237,1.5575661770444678,-0.11534641057214282,0.0,1.3748984336853027,0.0,0.0
1775605529.6213698,0.9830199650356614,-0.7737543971609661,2.486883637033237,1.5575612503913183,-0.11537123714929062,0.0,1.3748536109924316,0.0,0.0
1775605529.7213438,0.9830199650356614,-0.7737543971609661,2.486883637033237,1.5575661775653489,-0.11534641067551357,0.0005058234844275505,1.3748521804809568,0.0,0.0
1775605529.8213465,0.9830199650356614,-0.7737543971609661,2.486883637033237,1.5575612512155546,-0.11537123731285807,-0.0005061453773740257,1.374906063079834,0.0,0.0
1775605529.9214652,0.9830199650356614,-0.7737543971609661,2.486883637033237,1.5575661774706426,-0.11534641065672123,0.0,1.3748805522918701,0.0,0.0
1775605530.021364,0.9830199650356614,-0.7737543971609661,2.486883637033237,1.5575661773049074,-0.11534641062383226,0.0005064344313709778,1.3748939037323,0.0,0.0
1775605530.121449,0.9830199650356614,-0.7737543971609661,2.486883637033237,1.557561250765701,-0.11537123722359097,-0.0005055814268900606,1.3748999834060667,0.0,0.0
1775605530.221394,0.9830199650356614,-0.7737543971609661,2.486883637033237,1.5575661773093468,-0.1153464106247132,0.000504924271837339,1.374911308288574,0.0,0.0
1775605530.3213542,0.9830199650356614,-0.7737543971609661,2.486883637033237,1.557566177334503,-0.11534641062970531,0.0005053721713985302,1.3749092817306519,0.0,0.0
1775605530.4213548,0.9830199650356614,-0.7737543971609661,2.486883637033237,1.557561250873725,-0.11537123724502707,-0.0005058387691997294,1.3749291896820068,0.0,0.0
1775605530.5214784,0.9830199650356614,-0.7737543971609661,2.486883637033237,1.5575661767292708,-0.11534641050961396,0.0,1.374861240386963,0.0,0.0
1775605530.6213605,0.9830199650356614,-0.7737543971609661,2.486883637033237,1.5575661767292708,-0.11534641050961396,0.0,1.3748837709426882,0.0,0.0
1775605530.7214248,0.9830199650356614,-0.7737543971609661,2.486883637033237,1.557561250012491,-0.11537123707413467,0.0,1.3748759031295776,0.0,0.0
1775605530.8214319,0.9830199650356614,-0.7737543971609661,2.486883637033237,1.5575661771717237,-0.1153464105974208,0.0,1.3749016523361204,0.0,0.0
1775605530.9213426,0.9830199650356614,-0.7737543971609661,2.486883637033237,1.557566177023745,-0.11534641056805905,0.0005058103333887023,1.3749135732650757,0.0,0.0
1775605531.0213556,0.9830199650356614,-0.7737543971609661,2.486883637033237,1.5575612501205132,-0.11537123709557852,-0.0005063853615002133,1.3749353885650635,0.0,0.0
1775605531.1214068,0.9830199650356614,-0.7737543971609661,2.486883637033237,1.5575661764451512,-0.11534641045324226,0.0,1.3748826980590818,0.0,0.0
1775605531.221348,0.9830199650356614,-0.7737543971609661,2.486883637033237,1.5575661764451512,-0.11534641045324226,0.0,1.374857783317566,0.0,0.0
1775605531.321348,0.9830199650356614,-0.7737543971609661,2.486883637033237,1.557561249710614,-0.11537123701423911,0.0,1.3748517036437988,0.0,0.0
1775605531.4214556,0.9830199650356614,-0.7737543971609661,2.486883637033237,1.557561249710614,-0.11537123701423911,0.0,1.3749270439147947,0.0,0.0
1775605531.5213711,0.9830199650356614,-0.7737543971609661,2.486883637033237,1.5575612494486935,-0.11537123696226072,-0.0005061401344702344,1.3749059438705447,0.0,0.0
1775605531.6213942,0.9830199650356614,-0.7737543971609661,2.486883637033237,1.5575612494486935,-0.11537123696226072,0.0,1.3748806715011597,0.0,0.0
1775605531.7213795,0.9830199650356614,-0.7737543971609661,2.486883637033237,1.5575661775579372,-0.1153464106741086,0.0,1.3748664855957033,0.0,0.0
1775605531.8214698,0.9830199650356614,-0.7737543971609661,2.486883637033237,1.557561250585156,-0.11537123718782565,-0.0005057950907650619,1.3748823404312136,0.0,0.0
1775605531.9213748,0.9830199650356614,-0.7737543971609661,2.486883637033237,1.557561250585156,-0.11537123718782565,0.0,1.374898076057434,0.0,0.0
1775605532.0214028,0.9830199650356614,-0.7737543971609661,2.486883637033237,1.5575661778568515,-0.11534641073343183,0.0,1.374908447265625,0.0,0.0
1775605532.1214569,0.9830199650356614,-0.7737543971609661,2.486883637033237,1.5575612510808805,-0.11537123728620627,-0.0005056366946498519,1.3748780488967898,0.0,0.0
1775605532.2214155,0.9830199650356614,-0.7737543971609661,2.486883637033237,1.557566178052182,-0.11534641077219555,0.0,1.3749104738235474,0.0,0.0
1775605532.3213732,0.9830199650356614,-0.7737543971609661,2.486883637033237,1.5575661786692474,-0.11534641089465954,0.0005062144966918213,1.3748607635498047,0.0,0.0
1775605532.4214034,0.9830199650356614,-0.7737543971609661,2.486883637033237,1.5575612513990316,-0.11537123734934704,0.0,1.374919891357422,0.0,0.0
1775605532.5213146,0.9830199650356614,-0.7737543971609661,2.486883637033237,1.5575661785493857,-0.11534641087087108,0.0005063141698508014,1.3748966455459595,0.0,0.0
1775605532.6214228,0.9830199650356614,-0.7737543971609661,2.486883637033237,1.557561251697946,-0.11537123740866881,0.0,1.3748825788497925,0.0,0.0
1775605532.7213178,0.9830199650356614,-0.7737543971609661,2.486883637033237,1.557561251697946,-0.11537123740866881,0.0,1.3748230934143066,0.0,0.0
1775605532.8213663,0.9830199650356614,-0.7737543971609661,2.486883637033237,1.5575612523963955,-0.11537123754730487,-0.0005060747894730844,1.3748793601989746,0.0,0.0
1775605532.92134,0.9830199650356614,-0.7737543971609661,2.486883637033237,1.5575612523963955,-0.11537123754730487,0.0,1.3748900890350342,0.0,0.0
1775605533.0213354,0.9830199650356614,-0.7737543971609661,2.486883637033237,1.5575612523401643,-0.11537123753614499,-0.0005072273602579787,1.3748855590820312,0.0,0.0
1775605533.1214972,0.9830199650356614,-0.7737543971609661,2.486883637033237,1.5575661796828888,-0.11534641109584831,0.0,1.374887466430664,0.0,0.0
1775605533.2214649,0.9830199650356614,-0.7737543971609661,2.486883637033237,1.5575612524274707,-0.1153712375534727,0.0,1.3748849630355833,0.0,0.0
1775605533.3213875,0.9830199650356614,-0.7737543971609661,2.486883637033237,1.5575612524274707,-0.1153712375534727,0.0,1.374862551689148,0.0,0.0
1775605533.42138,0.9830199650356614,-0.7737543971609661,2.486883637033237,1.5575612524274707,-0.1153712375534727,0.0,1.3748736381530764,0.0,0.0
1775605533.5213718,0.9830199650356614,-0.7737543971609661,2.486883637033237,1.5575661794550035,-0.11534641105062152,0.0005059241160447976,1.3748946189880369,0.0,0.0
1775605533.62136,0.9830199650356614,-0.7737543971609661,2.486883637033237,1.5575612519421054,-0.11537123745714298,-0.0005061770597795759,1.3749006986618042,0.0,0.0
1775605533.7213066,0.9830199650356614,-0.7737543971609661,2.486883637033237,1.5575612519421054,-0.11537123745714298,0.0,1.374862551689148,0.0,0.0
