timestamp,amcl_x,amcl_y,amcl_theta,dubins_x,dubins_y,dubins_v,dubins_theta,teleop_v,teleop_w
1775609443.866083,0.8478551074688142,-1.5116638146258459,2.1680606687261266,1.5575661006469064,-0.11534639547903995,0.0,1.3756365776062012,0.0,0.0
1775609443.9661121,0.8478551074688142,-1.5116638146258459,2.1680606687261266,1.5575661006469064,-0.11534639547903995,0.0,1.3756678104400635,0.0,0.0
1775609444.066154,0.8478551074688142,-1.5116638146258459,2.1680606687261266,1.5575661006469064,-0.11534639547903995,0.0,1.3756680488586426,0.0,0.0
1775609444.1661396,0.8478551074688142,-1.5116638146258459,2.1680606687261266,1.5575661008097066,-0.11534639551121785,0.0005066608858772262,1.375654935836792,0.0,0.0
1775609444.2661746,0.8478551074688142,-1.5116638146258459,2.1680606687261266,1.557561192834244,-0.11537122578751496,-0.0005059461424499674,1.3756355047225952,0.0,0.0
1775609444.3661108,0.8478551074688142,-1.5116638146258459,2.1680606687261266,1.5575661006054664,-0.11534639547084843,0.0,1.3756377696990967,0.0,0.0
1775609444.466142,0.8478551074688142,-1.5116638146258459,2.1680606687261266,1.5575710080658878,-0.11532156509275339,0.0005061110575566504,1.3756598234176638,0.0,0.0
1775609444.5661004,0.8478551074688142,-1.5116638146258459,2.1680606687261266,1.5575661004249057,-0.11534639543516187,0.0,1.375656843185425,0.0,0.0
1775609444.6661658,0.8478551074688142,-1.5116638146258459,2.1680606687261266,1.5575611930592048,-0.1153712258319772,-0.000505845026922563,1.375686526298523,0.0,0.0
1775609444.7661464,0.8478551074688142,-1.5116638146258459,2.1680606687261266,1.5575710075286453,-0.11532156498657449,0.000506105268886664,1.3756792545318604,0.0,0.0
1775609444.8661451,0.8478551074688142,-1.5116638146258459,2.1680606687261266,1.557566099747063,-0.11534639530119334,-0.0005061790641034766,1.3756637573242188,0.0,0.0
1775609444.9661825,0.8478551074688142,-1.5116638146258459,2.1680606687261266,1.5575611910656428,-0.11537122543793972,-0.0005068347417181187,1.3756409883499146,0.0,0.0
1775609445.0661323,0.8478551074688142,-1.5116638146258459,2.1680606687261266,1.5575611916117629,-0.1153712255458856,-0.0005059898672087358,1.3756849765777588,0.0,0.0
1775609445.166096,0.8478551074688142,-1.5116638146258459,2.1680606687261266,1.5575660992098248,-0.11534639519499412,0.0,1.3756587505340576,0.0,0.0
1775609445.266119,0.8478551074688142,-1.5116638146258459,2.1680606687261266,1.5575660992098248,-0.11534639519499412,0.0,1.375649929046631,0.0,0.0
1775609445.366096,0.8478551074688142,-1.5116638146258459,2.1680606687261266,1.5575611911056024,-0.11537122544584008,-0.00050654523070657,1.3756519556045532,0.0,0.0
1775609445.466066,0.8478551074688142,-1.5116638146258459,2.1680606687261266,1.5575660993252645,-0.11534639521781297,0.0,1.3756663799285889,0.0,0.0
1775609445.5661795,0.8478551074688142,-1.5116638146258459,2.1680606687261266,1.5575660993252645,-0.11534639521781297,0.0,1.3756310939788818,0.0,0.0
1775609445.666097,0.8478551074688142,-1.5116638146258459,2.1680606687261266,1.5575710073318068,-0.11532156494765917,0.0005067063167245269,1.3756707906723025,0.0,0.0
1775609445.766112,0.8478551074688142,-1.5116638146258459,2.1680606687261266,1.5575660996375447,-0.11534639527953694,0.0,1.3756537437438965,0.0,0.0
1775609445.8662176,0.8478551074688142,-1.5116638146258459,2.1680606687261266,1.5575660996375447,-0.11534639527953694,0.0,1.3756608963012698,0.0,0.0
1775609445.9661124,0.8478551074688142,-1.5116638146258459,2.1680606687261266,1.5575660996375447,-0.11534639527953694,0.0,1.3756611347198489,0.0,0.0
1775609446.0661268,0.8478551074688142,-1.5116638146258459,2.1680606687261266,1.5575660996375447,-0.11534639527953694,0.0,1.3756253719329834,0.0,0.0
1775609446.1661055,0.8478551074688142,-1.5116638146258459,2.1680606687261266,1.557561191298003,-0.115371225483867,0.0,1.3756699562072754,0.0,0.0
1775609446.2660894,0.8478551074688142,-1.5116638146258459,2.1680606687261266,1.5575611911514828,-0.11537122545490702,-0.0005059498339314044,1.3756581544876099,0.0,0.0
1775609446.3661666,0.8478551074688142,-1.5116638146258459,2.1680606687261266,1.5575660987525046,-0.11534639510460058,0.0,1.3756314516067505,0.0,0.0
1775609446.4663327,0.8478551074688142,-1.5116638146258459,2.1680606687261266,1.5575660987525046,-0.11534639510460058,0.0,1.3756577968597412,0.0,0.0
1775609446.5660965,0.8478551074688142,-1.5116638146258459,2.1680606687261266,1.5575660987525046,-0.11534639510460058,0.0,1.3756159543991089,0.0,0.0
1775609446.6661808,0.8478551074688142,-1.5116638146258459,2.1680606687261266,1.5575660989064237,-0.11534639513502842,-0.0005075032422339787,1.3756283521652224,0.0,0.0
1775609446.7661293,0.8478551074688142,-1.5116638146258459,2.1680606687261266,1.5575611911056015,-0.11537122544584442,-0.0005062470889289467,1.3756597042083738,0.0,0.0
1775609446.8660948,0.8478551074688142,-1.5116638146258459,2.1680606687261266,1.5575660988457438,-0.11534639512303486,0.0,1.3756397962570193,0.0,0.0
1775609446.966157,0.8478551074688142,-1.5116638146258459,2.1680606687261266,1.5575611906083218,-0.11537122534755134,-0.0005063288461722521,1.3756424188613892,0.0,0.0
1775609447.0660992,0.8478551074688142,-1.5116638146258459,2.1680606687261266,1.5575710064304864,-0.11532156476950765,0.0005059677358519698,1.3756699562072754,0.0,0.0
1775609447.166136,0.8478551074688142,-1.5116638146258459,2.1680606687261266,1.5575660987303044,-0.11534639510021533,0.0,1.3756582736968996,0.0,0.0
1775609447.2661529,0.8478551074688142,-1.5116638146258459,2.1680606687261266,1.557561189394725,-0.1153712251076554,-0.00101270623226319,1.3755977153778076,0.0,0.0
1775609447.366082,0.8478551074688142,-1.5116638146258459,2.1680606687261266,1.5575660985438218,-0.11534639506336877,0.0,1.3756390810012817,0.0,0.0
1775609447.4661539,0.8478551074688142,-1.5116638146258459,2.1680606687261266,1.5575660985438218,-0.11534639506336877,0.0,1.375653862953186,0.0,0.0
1775609447.5661764,0.8478551074688142,-1.5116638146258459,2.1680606687261266,1.5575660985438218,-0.11534639506336877,0.0,1.3756458759307861,0.0,0.0
1775609447.6660995,0.8478551074688142,-1.5116638146258459,2.1680606687261266,1.5575660985438218,-0.11534639506336877,0.0,1.375649929046631,0.0,0.0
1775609447.7660778,0.8478551074688142,-1.5116638146258459,2.1680606687261266,1.5575611909354,-0.11537122541221263,-0.0005067882223746703,1.3756556510925293,0.0,0.0
1775609447.8661242,0.8478551074688142,-1.5116638146258459,2.1680606687261266,1.5575660984269015,-0.11534639504026027,0.0,1.3756375312805174,0.0,0.0
1775609447.966191,0.8478551074688142,-1.5116638146258459,2.1680606687261266,1.5575660981605015,-0.11534639498760309,0.0005051514745191086,1.3756589889526367,0.0,0.0
1775609448.0661924,0.8478551074688142,-1.5116638146258459,2.1680606687261266,1.5575660981605015,-0.11534639498760309,0.0,1.3756589889526367,0.0,0.0
1775609448.1661866,0.8478551074688142,-1.5116638146258459,2.1680606687261266,1.5575660981605015,-0.11534639498760309,0.0,1.3756738901138306,0.0,0.0
1775609448.2661633,0.8478551074688142,-1.5116638146258459,2.1680606687261266,1.5575611905402396,-0.1153712253341068,-0.0005061463794085423,1.3756564855575562,0.0,0.0
1775609448.3661096,0.8478551074688142,-1.5116638146258459,2.1680606687261266,1.5575660982211816,-0.11534639499959636,0.0,1.375683784484863,0.0,0.0
1775609448.4661708,0.8478551074688142,-1.5116638146258459,2.1680606687261266,1.5575660982211816,-0.11534639499959636,0.0,1.3756445646286013,0.0,0.0
1775609448.566102,0.8478551074688142,-1.5116638146258459,2.1680606687261266,1.5575611906349598,-0.11537122535282794,-0.0005043080178494557,1.3756632804870605,0.0,0.0
1775609448.6661086,0.8478551074688142,-1.5116638146258459,2.1680606687261266,1.557571005657923,-0.115321564616821,0.000506055200393711,1.3756669759750368,0.0,0.0
1775609448.7661092,0.8478551074688142,-1.5116638146258459,2.1680606687261266,1.5575660983247823,-0.11534639502007135,0.0,1.3756479024887085,0.0,0.0
1775609448.8661232,0.8478551074688142,-1.5116638146258459,2.1680606687261266,1.5575660979222214,-0.11534639494050627,0.0005062787334351594,1.3756803274154665,0.0,0.0
1775609448.9661875,0.8478551074688142,-1.5116638146258459,2.1680606687261266,1.5575660979222214,-0.11534639494050627,0.0,1.3756814002990723,0.0,0.0
1775609449.0661361,0.8478551074688142,-1.5116638146258459,2.1680606687261266,1.5575611894849999,-0.1153712251255272,-0.0005058229183426164,1.3756344318389893,0.0,0.0
1775609449.1661026,0.8478551074688142,-1.5116638146258459,2.1680606687261266,1.5575660974811822,-0.11534639485332562,0.0005063768616155244,1.3756597042083738,0.0,0.0
1775609449.2661366,0.8478551074688142,-1.5116638146258459,2.1680606687261266,1.557571005006724,-0.11532156448810099,0.0005064101029555104,1.3756781816482544,0.0,0.0
1775609449.3661556,0.8478551074688142,-1.5116638146258459,2.1680606687261266,1.5575660975877428,-0.11534639487438621,0.0,1.3756228685379028,0.0,0.0
1775609449.46618,0.8478551074688142,-1.5116638146258459,2.1680606687261266,1.5575660975877428,-0.11534639487438621,0.0,1.3756096363067627,0.0,0.0
1775609449.5661318,0.8478551074688142,-1.5116638146258459,2.1680606687261266,1.5575660975877428,-0.11534639487438621,0.0,1.3756405115127563,0.0,0.0
1775609449.6662154,0.8478551074688142,-1.5116638146258459,2.1680606687261266,1.5575660975877428,-0.11534639487438621,0.0,1.3756213188171387,0.0,0.0
1775609449.7661722,0.8478551074688142,-1.5116638146258459,2.1680606687261266,1.5575611891238814,-0.11537122505414094,0.0,1.3756264448165894,0.0,0.0
1775609449.8661532,0.8478551074688142,-1.5116638146258459,2.1680606687261266,1.5575660976913424,-0.11534639489486613,0.0,1.3756529092788696,0.0,0.0
1775609449.9661436,0.8478551074688142,-1.5116638146258459,2.1680606687261266,1.5575660976913424,-0.11534639489486613,0.0,1.375662922859192,0.0,0.0
1775609450.066157,0.8478551074688142,-1.5116638146258459,2.1680606687261266,1.5575660976913424,-0.11534639489486613,0.0,1.3756657838821411,0.0,0.0
1775609450.1660793,0.8478551074688142,-1.5116638146258459,2.1680606687261266,1.5575660980080628,-0.11534639495746635,0.000507246328596911,1.3756402730941772,0.0,0.0
1775609450.2661324,0.8478551074688142,-1.5116638146258459,2.1680606687261266,1.5575660980080628,-0.11534639495746635,0.0,1.3756587505340576,0.0,0.0
1775609450.366175,0.8478551074688142,-1.5116638146258459,2.1680606687261266,1.5575660980717028,-0.11534639497004615,0.000505541932792975,1.3756536245346072,0.0,0.0
1775609450.4661126,0.8478551074688142,-1.5116638146258459,2.1680606687261266,1.5575660980717028,-0.11534639497004615,0.0,1.3756344318389893,0.0,0.0
1775609450.5661485,0.8478551074688142,-1.5116638146258459,2.1680606687261266,1.5575611898727606,-0.115371225202169,0.0,1.3756390810012817,0.0,0.0
1775609450.6662142,1.0329491041364625,-1.0207440257473397,2.740001175934936,1.5575660981738224,-0.11534639499023241,0.0,1.375661849975586,0.0,0.0
1775609450.7661228,1.0329491041364625,-1.0207440257473397,2.740001175934936,1.5575660981738224,-0.11534639499023241,0.0,1.3756771087646484,0.0,0.0
1775609450.8660915,1.0329491041364625,-1.0207440257473397,2.740001175934936,1.5575660983706632,-0.11534639502913605,0.0005054861910806877,1.3756612539291382,0.0,0.0
1775609450.9660807,1.0329491041364625,-1.0207440257473397,2.740001175934936,1.5575660983706632,-0.11534639502913605,0.0,1.3756695985794067,0.0,0.0
1775609451.066112,1.0329491041364625,-1.0207440257473397,2.740001175934936,1.557561189495364,-0.11537122512755367,-0.0005061310962830071,1.3756192922592165,0.0,0.0
1775609451.1663766,1.0329491041364625,-1.0207440257473397,2.740001175934936,1.5575660975981063,-0.11534639487641517,0.0,1.3756687641143799,0.0,0.0
1775609451.2661076,1.0329491041364625,-1.0207440257473397,2.740001175934936,1.5575660975981063,-0.11534639487641517,0.0,1.3756430149078371,0.0,0.0
1775609451.3660984,1.0329491041364625,-1.0207440257473397,2.740001175934936,1.5575660975981063,-0.11534639487641517,0.0,1.3756386041641235,0.0,0.0
1775609451.4661539,1.0329491041364625,-1.0207440257473397,2.740001175934936,1.5575660975981063,-0.11534639487641517,0.0,1.3756470680236816,0.0,0.0
1775609451.5661504,1.0329491041364625,-1.0207440257473397,2.740001175934936,1.5575660975981063,-0.11534639487641517,0.0,1.375624179840088,0.0,0.0
1775609451.6661484,1.0329491041364625,-1.0207440257473397,2.740001175934936,1.5575660978082646,-0.11534639491796343,0.0005062080779636363,1.3756072521209717,0.0,0.0
1775609451.7661407,1.0329491041364625,-1.0207440257473397,2.740001175934936,1.5575710063624058,-0.11532156475605482,0.0010109439750836554,1.3756176233291626,0.0,0.0
1775609451.8661451,1.0329491041364625,-1.0207440257473397,2.740001175934936,1.5575660981412636,-0.11534639498378939,0.0,1.3756232261657715,0.0,0.0
1775609451.9661427,1.0329491041364625,-1.0207440257473397,2.740001175934936,1.5575660981412636,-0.11534639498378939,0.0,1.3756147623062134,0.0,0.0
1775609452.0661852,1.0329491041364625,-1.0207440257473397,2.740001175934936,1.5575660981353436,-0.11534639498261907,0.000505873992389977,1.3756152391433716,0.0,0.0
1775609452.1661212,1.0329491041364625,-1.0207440257473397,2.740001175934936,1.5575660981353436,-0.11534639498261907,0.0,1.3756433725357056,0.0,0.0
1775609452.2661426,1.0329491041364625,-1.0207440257473397,2.740001175934936,1.5575660981353436,-0.11534639498261907,0.0,1.3756389617919922,0.0,0.0
1775609452.3660975,1.0329491041364625,-1.0207440257473397,2.740001175934936,1.5575611895042432,-0.11537122512931314,-0.0005069769810908185,1.3756316900253294,0.0,0.0
1775609452.4661362,1.0329491041364625,-1.0207440257473397,2.740001175934936,1.5575611897810027,-0.11537122518402032,-0.0005058487068189459,1.3756539821624756,0.0,0.0
1775609452.5661476,1.0329491041364625,-1.0207440257473397,2.740001175934936,1.557566097611425,-0.1153463948790549,0.0,1.3756457567214964,0.0,0.0
1775609452.6660864,1.0329491041364625,-1.0207440257473397,2.740001175934936,1.557566097611425,-0.1153463948790549,0.0,1.3756554126739502,0.0,0.0
1775609452.7661085,1.0329491041364625,-1.0207440257473397,2.740001175934936,1.557566097611425,-0.1153463948790549,0.0,1.3756240606307983,0.0,0.0
1775609452.8661299,1.0329491041364625,-1.0207440257473397,2.740001175934936,1.557566097611425,-0.1153463948790549,0.0,1.3756321668624878,0.0,0.0
1775609452.9661298,1.0329491041364625,-1.0207440257473397,2.740001175934936,1.5575611894805628,-0.11537122512463502,0.0,1.3756463527679443,0.0,0.0
1775609453.0660913,1.0329491041364625,-1.0207440257473397,2.740001175934936,1.5575660978112247,-0.1153463949185496,0.0,1.3756380081176756,0.0,0.0
1775609453.1661055,1.0329491041364625,-1.0207440257473397,2.740001175934936,1.5575660976040244,-0.11534639487759485,0.0005059925073215854,1.375654697418213,0.0,0.0
1775609453.2661552,1.0329491041364625,-1.0207440257473397,2.740001175934936,1.5575660976040244,-0.11534639487759485,0.0,1.3756428956985474,0.0,0.0
1775609453.3660805,1.0329491041364625,-1.0207440257473397,2.740001175934936,1.5575660978275037,-0.11534639492177133,0.0005066350043846323,1.3756248950958252,0.0,0.0
1775609453.4660826,1.0329491041364625,-1.0207440257473397,2.740001175934936,1.5575710057896461,-0.11532156464284138,0.0005062402339844378,1.3756606578826904,0.0,0.0
1775609453.5661123,1.0329491041364625,-1.0207440257473397,2.740001175934936,1.557566098110184,-0.11534639497764435,0.0,1.3756362199783323,0.0,0.0
1775609453.6660907,1.0329491041364625,-1.0207440257473397,2.740001175934936,1.5575660979681045,-0.11534639494955778,-0.0005060088341486629,1.3756247758865354,0.0,0.0
1775609453.7661343,1.0329491041364625,-1.0207440257473397,2.740001175934936,1.5575660979681045,-0.11534639494955778,0.0,1.3756591081619263,0.0,0.0
1775609453.8661237,1.0329491041364625,-1.0207440257473397,2.740001175934936,1.5575660979681045,-0.11534639494955778,0.0,1.3756505250930788,0.0,0.0
1775609453.9661026,1.0329491041364625,-1.0207440257473397,2.740001175934936,1.5575660979681045,-0.11534639494955778,0.0,1.375637888908386,0.0,0.0
1775609454.06613,1.0329491041364625,-1.0207440257473397,2.740001175934936,1.5575611898786823,-0.1153712252033292,0.0,1.3756489753723147,0.0,0.0
1775609454.166105,1.0329491041364625,-1.0207440257473397,2.740001175934936,1.5575660979029846,-0.11534639493668589,0.0,1.375649333000183,0.0,0.0
1775609454.2660608,1.0329491041364625,-1.0207440257473397,2.740001175934936,1.5575611902146425,-0.11537122526973373,-0.0005063499556378512,1.3756595849990845,0.0,0.0
1775609454.366155,1.0329491041364625,-1.0207440257473397,2.740001175934936,1.5575660982670647,-0.11534639500864872,0.0005064882134681934,1.3756473064422607,0.0,0.0
1775609454.4662101,1.0329491041364625,-1.0207440257473397,2.740001175934936,1.5575660982670647,-0.11534639500864872,0.0,1.3756681680679321,0.0,0.0
1775609454.5660937,1.0329491041364625,-1.0207440257473397,2.740001175934936,1.5575660982670647,-0.11534639500864872,0.0,1.3756465911865237,0.0,0.0
1775609454.6661909,1.0329491041364625,-1.0207440257473397,2.740001175934936,1.5575660984831439,-0.11534639505136304,0.000506186980325746,1.375629186630249,0.0,0.0
1775609454.7661033,1.0329491041364625,-1.0207440257473397,2.740001175934936,1.5575611909502023,-0.11537122541512511,-0.000506877036673518,1.375669240951538,0.0,0.0
1775609454.8661485,1.0329491041364625,-1.0207440257473397,2.740001175934936,1.5575710062676862,-0.1153215647373288,0.0005067877048645619,1.3756585121154787,0.0,0.0
1775609454.966153,1.0329491041364625,-1.0207440257473397,2.740001175934936,1.557566098147184,-0.11534639498495675,0.0,1.3756362199783323,0.0,0.0
1775609455.0661755,1.0329491041364625,-1.0207440257473397,2.740001175934936,1.557566098147184,-0.11534639498495675,0.0,1.3756979703903198,0.0,0.0
1775609455.166152,1.0329491041364625,-1.0207440257473397,2.740001175934936,1.557566098147184,-0.11534639498495675,0.0,1.3756264448165894,0.0,0.0
1775609455.2661679,1.0329491041364625,-1.0207440257473397,2.740001175934936,1.5575660983381034,-0.11534639502269645,-0.0005060894620392772,1.3756418228149414,0.0,0.0
1775609455.3661091,1.0329491041364625,-1.0207440257473397,2.740001175934936,1.5575660983381034,-0.11534639502269645,0.0,1.3756831884384155,0.0,0.0
1775609455.466159,1.0329491041364625,-1.0207440257473397,2.740001175934936,1.5575660983381034,-0.11534639502269645,0.0,1.3756743669509888,0.0,0.0
1775609455.5661864,1.0329491041364625,-1.0207440257473397,2.740001175934936,1.5575660983381034,-0.11534639502269645,0.0,1.3756436109542847,0.0,0.0
1775609455.6661246,1.0329491041364625,-1.0207440257473397,2.740001175934936,1.5575660983381034,-0.11534639502269645,0.0,1.3756622076034546,0.0,0.0
1775609455.766152,1.0329491041364625,-1.0207440257473397,2.740001175934936,1.5575611906645614,-0.1153712253586695,-0.0005065204253633438,1.375654697418213,0.0,0.0
1775609455.866128,1.0329491041364625,-1.0207440257473397,2.740001175934936,1.557566098489065,-0.11534639505252836,-0.000505341114316407,1.3756847381591797,0.0,0.0
1775609455.9661095,1.0329491041364625,-1.0207440257473397,2.740001175934936,1.557566098489065,-0.11534639505252836,0.0,1.375679850578308,0.0,0.0
1775609456.0661416,1.0329491041364625,-1.0207440257473397,2.740001175934936,1.557566098489065,-0.11534639505252836,0.0,1.3756846189498901,0.0,0.0
1775609456.1662717,1.0329491041364625,-1.0207440257473397,2.740001175934936,1.557566098489065,-0.11534639505252836,0.0,1.375661015510559,0.0,0.0
1775609456.2662263,1.0329491041364625,-1.0207440257473397,2.740001175934936,1.557566098489065,-0.11534639505252836,0.0,1.3756448030471802,0.0,0.0
1775609456.3660798,1.0329491041364625,-1.0207440257473397,2.740001175934936,1.5575611908214428,-0.1153712253896715,-0.000506153768270397,1.3756455183029175,0.0,0.0
1775609456.4661055,1.0329491041364625,-1.0207440257473397,2.740001175934936,1.5575660984505848,-0.11534639504492288,0.0,1.375657081604004,0.0,0.0
1775609456.566174,1.0329491041364625,-1.0207440257473397,2.740001175934936,1.5575660984505848,-0.11534639504492288,0.0,1.3756332397460938,0.0,0.0
1775609456.666118,1.0329491041364625,-1.0207440257473397,2.740001175934936,1.5575660984505848,-0.11534639504492288,0.0,1.3756572008132935,0.0,0.0
1775609456.7661343,1.0329491041364625,-1.0207440257473397,2.740001175934936,1.5575660984505848,-0.11534639504492288,0.0,1.3756711483001711,0.0,0.0
1775609456.8662016,1.0329491041364625,-1.0207440257473397,2.740001175934936,1.5575660984505848,-0.11534639504492288,0.0,1.3756802082061768,0.0,0.0
1775609456.9662006,1.0329491041364625,-1.0207440257473397,2.740001175934936,1.5575660984121045,-0.11534639503731808,0.0005061311064039769,1.375683307647705,0.0,0.0
1775609457.0661764,1.0329491041364625,-1.0207440257473397,2.740001175934936,1.557561190488442,-0.11537122532385398,-0.0005062159950934443,1.3756684064865115,0.0,0.0
1775609457.1662319,1.0329491041364625,-1.0207440257473397,2.740001175934936,1.5575660981930641,-0.11534639499402387,0.0,1.3756721019744873,0.0,0.0
1775609457.2661214,1.0329491041364625,-1.0207440257473397,2.740001175934936,1.5575660983973045,-0.11534639503439187,0.0005059029611747959,1.3756556510925293,0.0,0.0
1775609457.3661458,1.0329491041364625,-1.0207440257473397,2.740001175934936,1.557561190492882,-0.11537122532473071,0.0,1.3756608963012698,0.0,0.0
1775609457.4661553,1.0329491041364625,-1.0207440257473397,2.740001175934936,1.5575660981871442,-0.11534639499285294,0.0,1.3756418228149414,0.0,0.0
1775609457.5661743,1.0329491041364625,-1.0207440257473397,2.740001175934936,1.5575660981871442,-0.11534639499285294,0.0,1.3756847381591797,0.0,0.0
1775609457.6662083,1.0329491041364625,-1.0207440257473397,2.740001175934936,1.5575660981871442,-0.11534639499285294,0.0,1.3756587505340576,0.0,0.0
1775609457.7660804,1.0329491041364625,-1.0207440257473397,2.740001175934936,1.5575660981871442,-0.11534639499285294,0.0,1.3756903409957886,0.0,0.0
1775609457.8662326,1.0329491041364625,-1.0207440257473397,2.740001175934936,1.5575611905343223,-0.11537122533292127,0.0,1.3756721019744873,0.0,0.0
1775609457.9662938,1.0329491041364625,-1.0207440257473397,2.740001175934936,1.5575660981516242,-0.11534639498583252,0.0,1.3756675720214844,0.0,0.0
1775609458.066255,1.0329491041364625,-1.0207440257473397,2.740001175934936,1.5575660978941026,-0.11534639493493944,0.0005058587155991789,1.3756883144378662,0.0,0.0
1775609458.1661632,1.0329491041364625,-1.0207440257473397,2.740001175934936,1.5575710055424845,-0.11532156459399355,0.0005066545572429522,1.3756372928619383,0.0,0.0
1775609458.2661846,1.0329491041364625,-1.0207440257473397,2.740001175934936,1.5575660977461023,-0.11534639490568713,0.0,1.3756672143936157,0.0,0.0
1775609458.366062,1.0329491041364625,-1.0207440257473397,2.740001175934936,1.5575710049874827,-0.11532156448430195,0.0005055540196944067,1.3756765127182007,0.0,0.0
1775609458.4661596,1.0329491041364625,-1.0207440257473397,2.740001175934936,1.5575660979503436,-0.1153463949460505,-0.0005062397175928876,1.3757030963897705,0.0,0.0
1775609458.5661862,1.0329491041364625,-1.0207440257473397,2.740001175934936,1.5575660979503436,-0.1153463949460505,0.0,1.3756823539733887,0.0,0.0
1775609458.666148,1.0329491041364625,-1.0207440257473397,2.740001175934936,1.5575660979503436,-0.1153463949460505,0.0,1.3756746053695679,0.0,0.0
1775609458.766215,1.0329491041364625,-1.0207440257473397,2.740001175934936,1.5575660979503436,-0.1153463949460505,0.0,1.37567400932312,0.0,0.0
1775609458.8661134,1.0329491041364625,-1.0207440257473397,2.740001175934936,1.5575710051695237,-0.11532156452027793,0.000506926212036804,1.3756955862045286,0.0,0.0
1775609458.9661245,1.0329491041364625,-1.0207440257473397,2.740001175934936,1.5575660982108253,-0.11534639499752793,0.0,1.3756705522537231,0.0,0.0
1775609459.0662396,1.0329491041364625,-1.0207440257473397,2.740001175934936,1.5575710058725274,-0.11532156465921471,0.000506262925876923,1.3756705522537231,0.0,0.0
1775609459.1661534,1.0329491041364625,-1.0207440257473397,2.740001175934936,1.5575660980879849,-0.11534639497325033,0.0005053332346177884,1.3756877183914185,0.0,0.0
1775609459.2660944,1.0329491041364625,-1.0207440257473397,2.740001175934936,1.5575660978763441,-0.11534639493142185,-0.0005063188289082911,1.3756706714630125,0.0,0.0
1775609459.3661664,1.0329491041364625,-1.0207440257473397,2.740001175934936,1.5575660978763441,-0.11534639493142185,0.0,1.375648498535156,0.0,0.0
1775609459.4661283,1.0329491041364625,-1.0207440257473397,2.740001175934936,1.5575660978763441,-0.11534639493142185,0.0,1.375673174858093,0.0,0.0
1775609459.5661423,1.0329491041364625,-1.0207440257473397,2.740001175934936,1.5575660978763441,-0.11534639493142185,0.0,1.3756661415100098,0.0,0.0
1775609459.666147,1.0329491041364625,-1.0207440257473397,2.740001175934936,1.5575660980184243,-0.11534639495950494,0.0005061026478366392,1.375654697418213,0.0,0.0
1775609459.7662008,1.0329491041364625,-1.0207440257473397,2.740001175934936,1.5575660980184243,-0.11534639495950494,0.0,1.3756684064865115,0.0,0.0
1775609459.8661206,1.0329491041364625,-1.0207440257473397,2.740001175934936,1.557571005342685,-0.11532156455449959,0.00041562214718748875,1.3756566047668457,0.005,0.0
1775609459.9661615,1.0329491041364625,-1.0207440257473397,2.740001175934936,1.557566097633623,-0.11534639488345214,-0.0004881744040010105,1.3756451606750486,0.01,0.0
1775609460.0661714,1.0329491041364625,-1.0207440257473397,2.740001175934936,1.557571006645081,-0.11532156481195333,0.0004739300306184823,1.3755991458892822,0.01,0.0
1775609460.1660807,1.0329491041364625,-1.0207440257473397,2.740001175934936,1.5576301069183287,-0.11502364201349563,0.0032765071455719574,1.3745707273483276,0.01,0.0
1775609460.2662165,1.0329491041364625,-1.0207440257473397,2.740001175934936,1.5577826438994504,-0.11425398067079813,0.007044945560587257,1.376396894454956,0.01,0.0
1775609460.366152,1.0329491041364625,-1.0207440257473397,2.740001175934936,1.5580021196617697,-0.11313634574870939,0.013674184375450859,1.3770188093185425,0.015,0.0
1775609460.4661474,1.0329491041364625,-1.0207440257473397,2.740001175934936,1.5581636403126917,-0.11231685933819986,0.008108620325393466,1.3755687475204468,0.02,0.0
1775609460.5661485,1.0329491041364625,-1.0207440257473397,2.740001175934936,1.5584082912918074,-0.11107519803541317,0.012681383387720808,1.377044439315796,0.02,0.0
1775609460.6661038,1.0329491041364625,-1.0207440257473397,2.740001175934936,1.5587650128724218,-0.10926228011220217,0.023312380525193684,1.3763864040374756,0.025,0.0
1775609460.7660816,1.0329491041364625,-1.0207440257473397,2.740001175934936,1.5590925810403884,-0.10759840183512545,0.01673486683407065,1.3759524822235107,0.03,0.0
1775609460.8661768,1.0329491041364625,-1.0207440257473397,2.740001175934936,1.5594992755716388,-0.10553735709176051,0.018237776662926555,1.375765085220337,0.034999999999999996,0.0
1775609460.9661732,1.0329491041364625,-1.0207440257473397,2.740001175934936,1.5600388945796375,-0.10280597566201459,0.03496634649309362,1.3760035037994387,0.039999999999999994,0.0
1775609461.066093,1.0329491041364625,-1.0207440257473397,2.740001175934936,1.5605129221334382,-0.10039703544119769,0.024311080085738596,1.377159595489502,0.04499999999999999,0.0
1775609461.1661334,1.0329491041364625,-1.0207440257473397,2.740001175934936,1.5611551939496608,-0.09711834079128868,0.02888367615300344,1.3776042461395266,0.04999999999999999,0.0
1775609461.2661717,1.0329491041364625,-1.0207440257473397,2.740001175934936,1.5619404081720052,-0.09309389622298048,0.048531388193979806,1.3782533407211304,0.055,-0.1
1775609461.3660917,1.0329491041364625,-1.0207440257473397,2.740001175934936,1.5625808222940996,-0.08981483833641143,0.030192138650376298,1.3770806789398193,0.06,-0.1
1775609461.4660783,1.0329491041364625,-1.0207440257473397,2.740001175934936,1.5635083310396178,-0.0851477053847781,0.039559805081395595,1.3708064556121826,0.07,-0.15000000000000002
1775609461.566106,1.0329491041364625,-1.0207440257473397,2.740001175934936,1.5646748309745329,-0.07949600527382632,0.049708375941365526,1.3632159233093262,0.07,-0.2
1775609461.6661494,1.0329491041364625,-1.0207440257473397,2.740001175934936,1.5660932985721716,-0.07301812318152455,0.08275414034068337,1.3499191999435425,0.07,-0.25
1775609461.7661328,1.0329491041364625,-1.0207440257473397,2.740001175934936,1.5674392922928309,-0.0672504644544866,0.06031610254786982,1.3308593034744263,0.07,-0.3
1775609461.8660946,1.0329491041364625,-1.0207440257473397,2.740001175934936,1.5692752970355885,-0.06003928531550186,0.058683399299827965,1.309211850166321,0.07,-0.35
1775609461.966106,1.0329491041364625,-1.0207440257473397,2.740001175934936,1.5713205266890444,-0.05293742841699564,0.0883450522440571,1.276997089385986,0.07,-0.44999999999999996
1775609462.0660965,1.0329491041364625,-1.0207440257473397,2.740001175934936,1.5731493161685435,-0.04725123948583546,0.06014660087394629,1.2381789684295652,0.07,-0.49999999999999994
1775609462.1660938,1.0329491041364625,-1.0207440257473397,2.740001175934936,1.5756317085459421,-0.04039774145535883,0.05570662156146548,1.2034708261489868,0.07,-0.5499999999999999
1775609462.2661417,1.0329491041364625,-1.0207440257473397,2.740001175934936,1.5785078649558504,-0.03353532539594248,0.08798855243494313,1.152941346168518,0.07,-0.6
1775609462.3660846,0.8864111146935488,-0.9158292010416753,2.5005056530208667,1.581069536416908,-0.02811175000655967,0.06027040288734377,1.1001670360565188,0.07,-0.6
1775609462.4662473,0.8864111146935488,-0.9158292010416753,2.5005056530208667,1.5845364524600596,-0.021642573957938217,0.05911501387761674,1.052684783935547,0.07,-0.5499999999999999
1775609462.5662358,0.8864111146935488,-0.9158292010416753,2.5005056530208667,1.588406951949635,-0.01537696327688354,0.09039815637741921,0.9951796531677246,0.07,-0.5
1775609462.6662636,0.8864111146935488,-0.9158292010416753,2.5005056530208667,1.5924694686545104,-0.00953984352957788,0.08529913743042121,0.9411675930023192,0.07,-0.45
1775609462.7661033,0.8277364882888881,-0.846284767263634,2.2810638253871427,1.5961043564765347,-0.004768467774115886,0.059324352605785495,0.8932731151580812,0.07,-0.35000000000000003
1775609462.8661659,0.8277364882888881,-0.846284767263634,2.2810638253871427,1.6009104006144816,0.0010114414833390754,0.061367198192330275,0.8590489625930785,0.07,-0.30000000000000004
1775609462.9660363,0.8277364882888881,-0.846284767263634,2.2810638253871427,1.6058274129771546,0.006460801599388165,0.08711071012179236,0.8217679262161255,0.07,-0.25000000000000006
1775609463.0661309,0.8277364882888881,-0.846284767263634,2.2810638253871427,1.6108941364831804,0.011701159607853014,0.08499284757591519,0.7891002893447877,0.07,-0.25000000000000006
1775609463.1660867,0.8277364882888881,-0.846284767263634,2.2810638253871427,1.615258747192096,0.015998473355931388,0.06171238904380244,0.7667365074157714,0.07,-0.20000000000000007
1775609463.2661917,0.8277364882888881,-0.846284767263634,2.2810638253871427,1.6206950557340503,0.021079626104192218,0.0895898727060025,0.7421566247940063,0.07,-0.20000000000000004
1775609463.3661497,0.8277364882888881,-0.846284767263634,2.2810638253871427,1.6251728418665734,0.025109061828037727,0.05923387366442026,0.721444845199585,0.07,-0.20000000000000004
1775609463.4660964,0.8277364882888881,-0.846284767263634,2.2810638253871427,1.6307553265113877,0.02995238937527894,0.05927604990727989,0.7059062719345094,0.07,-0.20000000000000004
1775609463.5661335,0.7757250774276367,-0.7378906639969897,2.0443625783334918,1.636537586071608,0.03475587064227689,0.09112799195886731,0.6851849555969238,0.07,-0.15000000000000002
1775609463.6660898,0.7757250774276367,-0.7378906639969897,2.0443625783334918,1.6412540891119929,0.038543655617936795,0.061305842018104524,0.6669723987579347,0.07,-0.10000000000000003
1775609463.7661548,0.7757250774276367,-0.7378906639969897,2.0443625783334918,1.6470649679794063,0.043069416451912285,0.059742447634740015,0.6554220914840698,0.07,-0.10000000000000003
1775609463.8660939,0.7757250774276367,-0.7378906639969897,2.0443625783334918,1.6530390237622585,0.04759044073997235,0.09009912744267834,0.6431220769882202,0.07,-0.10000000000000003
1775609463.9660788,0.7757250774276367,-0.7378906639969897,2.0443625783334918,1.6577735335698311,0.05110660331298068,0.058801356099779094,0.6329357624053955,0.07,-0.10000000000000003
1775609464.0661786,0.7757250774276367,-0.7378906639969897,2.0443625783334918,1.6638705150508222,0.055547007034932455,0.06128009396298137,0.625053882598877,0.07,-0.10000000000000003
1775609464.166145,0.7757250774276367,-0.7378906639969897,2.0443625783334918,1.6700123787400802,0.059925108033471355,0.09012184181057023,0.6153286695480346,0.07,-0.10000000000000003
1775609464.2660859,0.7757250774276367,-0.7378906639969897,2.0443625783334918,1.6749046160593188,0.06335240909357667,0.06008080220154643,0.6059305667877196,0.07500000000000001,-0.10000000000000003
1775609464.3660696,0.7757250774276367,-0.7378906639969897,2.0443625783334918,1.6811637580305625,0.06765120117449916,0.060666799844423164,0.5965501070022583,0.085,-0.10000000000000003
1775609464.466087,0.7757250774276367,-0.7378906639969897,2.0443625783334918,1.687786568052201,0.07209018800550385,0.09758076094582666,0.5865271091461182,0.09,-0.10000000000000003
1775609464.5661504,0.7757250774276367,-0.7378906639969897,2.0443625783334918,1.6933275683995341,0.07573332137855798,0.06725673832833873,0.5751121640205383,0.09,-0.05000000000000003
1775609464.6661098,0.7757250774276367,-0.7378906639969897,2.0443625783334918,1.7007361489599861,0.08049730995353906,0.07132489288711073,0.5670387148857117,0.09,-2.7755575615628914e-17
1775609464.766085,0.7757250774276367,-0.7378906639969897,2.0443625783334918,1.7087470467136716,0.08554052665194822,0.1130192001444091,0.5588404536247252,0.09,-2.7755575615628914e-17
1775609464.8661034,0.7757250774276367,-0.7378906639969897,2.0443625783334918,1.715194273524392,0.08955175513875588,0.07691790986686808,0.5538856387138367,0.09,-2.7755575615628914e-17
1775609464.9661067,0.7757250774276367,-0.7378906639969897,2.0443625783334918,1.7232442192791477,0.09453244316997962,0.07594465982655214,0.553970456123352,0.09,-2.7755575615628914e-17
1775609465.066168,0.7757250774276367,-0.7378906639969897,2.0443625783334918,1.7314851317337583,0.09963742594166534,0.11608743711848436,0.5553478002548218,0.09,-0.05000000000000003
1775609465.16619,0.7757250774276367,-0.7378906639969897,2.0443625783334918,1.7380651198841273,0.10372274914335666,0.07863352342474313,0.5553729534149171,0.09,-0.10000000000000003
1775609465.266165,0.7757250774276367,-0.7378906639969897,2.0443625783334918,1.7462215708160589,0.10877182073662771,0.116426889273354,0.552696168422699,0.09,-0.15000000000000002
1775609465.3661072,0.7757250774276367,-0.7378906639969897,2.0443625783334918,1.7542165077029626,0.1136485968604798,0.1097462116765136,0.5440080165863038,0.09,-0.2
1775609465.466051,0.7757250774276367,-0.7378906639969897,2.0443625783334918,1.7608639507723585,0.11762313524405064,0.07590045717424465,0.5307877659797668,0.09,-0.20000000000000004
1775609465.5660746,0.7757250774276367,-0.7378906639969897,2.0443625783334918,1.7690399656263018,0.12234345802814543,0.07402667138288008,0.5130892395973206,0.09,-0.20000000000000004
1775609465.6661887,0.7757250774276367,-0.7378906639969897,2.0443625783334918,1.7770876001771558,0.1267761777928009,0.11088937137136856,0.49390244483947754,0.09,-0.20000000000000004
1775609465.7661357,0.7099074346938508,-0.517479740124649,1.8194031695883979,1.785168332008785,0.13104096438657087,0.11132241088013624,0.4795694351196289,0.09,-0.20000000000000004
1775609465.866235,0.7099074346938508,-0.517479740124649,1.8194031695883979,1.791917446718885,0.1344646141782437,0.07693857919897439,0.46195083856582647,0.09,-0.15000000000000002
1775609465.96609,0.7099074346938508,-0.517479740124649,1.8194031695883979,1.8004454538199273,0.13863114485424113,0.07750239281629169,0.4436121582984925,0.09,-0.10000000000000003
1775609466.066099,0.7099074346938508,-0.517479740124649,1.8194031695883979,1.808861468680905,0.1425625072900164,0.07384745715584903,0.42962479591369623,0.09,-0.10000000000000003
1775609466.1661706,0.7099074346938508,-0.517479740124649,1.8194031695883979,1.817703520038408,0.14653628075734418,0.11687039806730128,0.4180752635002136,0.09,-0.10000000000000003
1775609466.266093,0.7099074346938508,-0.517479740124649,1.8194031695883979,1.824630676437168,0.14958378669702266,0.07538472299495418,0.40972024202346796,0.09,-0.10000000000000003
1775609466.3660805,0.7099074346938508,-0.517479740124649,1.8194031695883979,1.8330707277758052,0.15321425767541647,0.07140457169979027,0.3997376561164856,0.09,-0.10000000000000003
1775609466.4661365,0.7099074346938508,-0.517479740124649,1.8194031695883979,1.8414579007839447,0.15670998793258392,0.10941856331684505,0.39141416549682617,0.09,-0.10000000000000003
1775609466.5661652,0.7099074346938508,-0.517479740124649,1.8194031695883979,1.8502514447903409,0.16028236038195356,0.11303641105752923,0.3822959661483764,0.09,-0.05000000000000003
1775609466.6661477,0.7099074346938508,-0.517479740124649,1.8194031695883979,1.8574258726948507,0.16313228437454652,0.0786391063169387,0.37493509054183954,0.09,-2.7755575615628914e-17
1775609466.7662039,0.7099074346938508,-0.517479740124649,1.8194031695883979,1.8662172051575452,0.16657360766804757,0.07195627714962088,0.3706550598144531,0.09,-2.7755575615628914e-17
1775609466.8661382,0.7099074346938508,-0.517479740124649,1.8194031695883979,1.875160433200791,0.17004340921601455,0.11586263472321008,0.36975365877151484,0.09,-2.7755575615628914e-17
1775609466.9662476,0.7099074346938508,-0.517479740124649,1.8194031695883979,1.882406368245401,0.1728496948033265,0.077601075634696,0.3688675761222839,0.09,-2.7755575615628914e-17
1775609467.066148,0.7099074346938508,-0.517479740124649,1.8194031695883979,1.8913071876384782,0.17628882762745315,0.07487628874559887,0.36848384141921997,0.09,-2.7755575615628914e-17
1775609467.1660678,0.7099074346938508,-0.517479740124649,1.8194031695883979,1.9001868656818781,0.17971244303042655,0.11243546504851218,0.36793625354766846,0.095,-2.7755575615628914e-17
1775609467.2661006,0.7099074346938508,-0.517479740124649,1.8194031695883979,1.9072739877006053,0.1824381491393534,0.07663875366424987,0.3669265508651734,0.09999999999999999,-2.7755575615628914e-17
1775609467.3664148,0.7099074346938508,-0.517479740124649,1.8194031695883979,1.9162498699588812,0.1858936708434275,0.07798975860459065,0.3674159049987793,0.105,-2.7755575615628914e-17
1775609467.46611,0.7099074346938508,-0.517479740124649,1.8194031695883979,1.925551511045425,0.1894892808849645,0.1196184040593627,0.3697083592414856,0.10999999999999999,-2.7755575615628914e-17
1775609467.5660918,0.7099074346938508,-0.517479740124649,1.8194031695883979,1.9334117753311328,0.19253150999180654,0.0853062259940477,0.37020576000213623,0.11499999999999999,-2.7755575615628914e-17
1775609467.6661346,0.7099074346938508,-0.517479740124649,1.8194031695883979,1.9435823781688735,0.19647651397937396,0.08913746984962588,0.3691709637641907,0.12499999999999999,-2.7755575615628914e-17
1775609467.7661116,0.7099074346938508,-0.517479740124649,1.8194031695883979,1.9544681067875933,0.2006775134483778,0.13212522545202462,0.3674665689468384,0.12999999999999998,-2.7755575615628914e-17
1775609467.8661416,0.7099074346938508,-0.517479740124649,1.8194031695883979,1.9635838914875443,0.20419232532937148,0.09863567605399118,0.36744999885559076,0.13499999999999998,-2.7755575615628914e-17
1775609467.9661,0.7099074346938508,-0.517479740124649,1.8194031695883979,1.9756504273210866,0.20884859715219517,0.10485344631015688,0.36855685710906977,0.13999999999999999,-2.7755575615628914e-17
1775609468.066119,0.7099074346938508,-0.517479740124649,1.8194031695883979,1.9885807088902618,0.2138677383106589,0.1673984651253616,0.3705477714538574,0.145,-2.7755575615628914e-17
1775609468.1662133,0.7099074346938508,-0.517479740124649,1.8194031695883979,1.9991699980425617,0.21799311696106355,0.11455463422714263,0.37230950593948364,0.15,-2.7755575615628914e-17
1775609468.2660987,0.7099074346938508,-0.517479740124649,1.8194031695883979,2.0127521920725027,0.2232912239206524,0.12133650313790684,0.37157702445983887,0.155,-2.7755575615628914e-17
1775609468.3661685,0.7099074346938508,-0.517479740124649,1.8194031695883979,2.0270865488689034,0.22888982791082338,0.18283500298635835,0.37237006425857544,0.16,-2.7755575615628914e-17
1775609468.4660847,0.7099074346938508,-0.517479740124649,1.8194031695883979,2.039288685314731,0.233686114587534,0.13335680607500086,0.3758612871170044,0.16,-2.7755575615628914e-17
1775609468.5660896,0.6845251797740044,-0.24980731161309172,1.6958380707140663,2.0550504718201834,0.23994270775826354,0.14826861485743498,0.3800984621047973,0.165,-2.7755575615628914e-17
1775609468.666262,0.6845251797740044,-0.24980731161309172,1.6958380707140663,2.0707663151385622,0.24624615072425346,0.24559615669554086,0.3839871287345886,0.17,-2.7755575615628914e-17
1775609468.7661507,0.6845251797740044,-0.24980731161309172,1.6958380707140663,2.0836085250977883,0.2514191727810757,0.13648439804710866,0.383801519870758,0.17,-2.7755575615628914e-17
1775609468.866167,0.6845251797740044,-0.24980731161309172,1.6958380707140663,2.100165966410667,0.2581396201964667,0.15146065453182703,0.3870189189910889,0.17,-2.7755575615628914e-17
1775609468.9661896,0.6845251797740044,-0.24980731161309172,1.6958380707140663,2.1166213171460275,0.26490915065709636,0.2530926974677457,0.39174264669418335,0.17,-2.7755575615628914e-17
1775609469.0660856,0.6845251797740044,-0.24980731161309172,1.6958380707140663,2.1299093168740804,0.2703965861670861,0.1463077406834088,0.39187222719192505,0.17,-2.7755575615628914e-17
1775609469.1660936,0.6845251797740044,-0.24980731161309172,1.6958380707140663,2.1466264153271415,0.27732803400819583,0.14287803548577807,0.394675076007843,0.17,-2.7755575615628914e-17
1775609469.2661335,0.6845251797740044,-0.24980731161309172,1.6958380707140663,2.163235642025619,0.28432063433912874,0.16570118535983466,0.4021384119987487,0.17,-2.7755575615628914e-17
1775609469.3662047,0.6845251797740044,-0.24980731161309172,1.6958380707140663,2.1798198498323926,0.2914368217614405,0.22291755464078067,0.4085449576377869,0.17,-2.7755575615628914e-17
1775609469.4662218,0.6845251797740044,-0.24980731161309172,1.6958380707140663,2.1931696297657197,0.29723267492501704,0.15129626665866078,0.4101637601852417,0.17,-2.7755575615628914e-17
1775609469.5661507,0.6845251797740044,-0.24980731161309172,1.6958380707140663,2.2093320715813904,0.3043037064702323,0.14479437620971772,0.41359126567840576,0.17,-2.7755575615628914e-17
1775609469.6661706,0.6845251797740044,-0.24980731161309172,1.6958380707140663,2.225543674600844,0.3115140518917373,0.2663876379013186,0.42250806093215937,0.17,-2.7755575615628914e-17
1775609469.7661421,0.6845251797740044,-0.24980731161309172,1.6958380707140663,2.238974013543057,0.31756573600451704,0.1500250078078418,0.42591434717178345,0.17,-2.7755575615628914e-17
1775609469.8660855,0.6845251797740044,-0.24980731161309172,1.6958380707140663,2.255072868921458,0.32490328241351973,0.14856761130447882,0.42864030599594116,0.17,-2.7755575615628914e-17
1775609469.9660997,0.6845251797740044,-0.24980731161309172,1.6958380707140663,2.270949243077564,0.3321796112415117,0.15293160710545403,0.43127357959747314,0.17,-2.7755575615628914e-17
1775609470.0660863,0.6845251797740044,-0.24980731161309172,1.6958380707140663,2.286814952369654,0.3395394805304247,0.2106113978363812,0.43722802400588984,0.17,-2.7755575615628914e-17
1775609470.1661031,0.6845251797740044,-0.24980731161309172,1.6958380707140663,2.302990559014556,0.3471331096803197,0.2172264037731741,0.43828946352005005,0.17,-2.7755575615628914e-17
1775609470.2661335,0.6845251797740044,-0.24980731161309172,1.6958380707140663,2.315633717032323,0.353078975012198,0.14437623473151218,0.4396186470985413,0.17,-2.7755575615628914e-17
1775609470.366097,0.6508729312968401,0.03339971602892472,1.7272632337587035,2.332011778968519,0.36077738705302953,0.14546035916145222,0.44108963012695307,0.17,-2.7755575615628914e-17
1775609470.466098,0.6508729312968401,0.03339971602892472,1.7272632337587035,2.3487116795683027,0.3687423632865518,0.22077963144884272,0.44654059410095215,0.17,-2.7755575615628914e-17
1775609470.5661554,0.6508729312968401,0.03339971602892472,1.7272632337587035,2.364638382411792,0.37644640507807947,0.21516040077110746,0.45287227630615234,0.17,-2.7755575615628914e-17
1775609470.6661,0.6508729312968401,0.03339971602892472,1.7272632337587035,2.3769287059783126,0.3824260272080056,0.13628709407097572,0.454180121421814,0.17,-2.7755575615628914e-17
1775609470.766105,0.6508729312968401,0.03339971602892472,1.7272632337587035,2.3925883609873875,0.39010038486282034,0.13645842313180281,0.45860373973846436,0.17,-2.7755575615628914e-17
1775609470.8660805,0.6508729312968401,0.03339971602892472,1.7272632337587035,2.4086356569262835,0.39807591573681317,0.13976875496757432,0.4630634188652039,0.17,-2.7755575615628914e-17
1775609470.9660954,0.6508729312968401,0.03339971602892472,1.7272632337587035,2.424578577611582,0.4060904175668166,0.21092421150061608,0.4685819149017334,0.17,-2.7755575615628914e-17
1775609471.06611,0.6508729312968401,0.03339971602892472,1.7272632337587035,2.4372066494061246,0.41247138616742296,0.1357822933696522,0.4694440364837647,0.17,-2.7755575615628914e-17
1775609471.1661544,0.6508729312968401,0.03339971602892472,1.7272632337587035,2.453278502334268,0.42067943024807536,0.14848880347490861,0.4740462303161621,0.17,-2.7755575615628914e-17
1775609471.266144,0.6508729312968401,0.03339971602892472,1.7272632337587035,2.469589598972695,0.42914158909773076,0.22051428901974654,0.4815346598625183,0.17,-2.7755575615628914e-17
1775609471.3661213,0.6508729312968401,0.03339971602892472,1.7272632337587035,2.482488640560945,0.43588126943150546,0.1439251607026972,0.48230981826782227,0.17,-2.7755575615628914e-17
1775609471.466172,0.6508729312968401,0.03339971602892472,1.7272632337587035,2.498305301002971,0.44419671279414225,0.14215725456543543,0.4849126935005188,0.17,-2.7755575615628914e-17
1775609471.5661998,0.6508729312968401,0.03339971602892472,1.7272632337587035,2.514446303198691,0.4527651427754674,0.22114474748735855,0.49068552255630493,0.17,-2.7755575615628914e-17
1775609471.6661394,0.6508729312968401,0.03339971602892472,1.7272632337587035,2.5273526410160483,0.45970714934002316,0.1473988301724233,0.4979780912399292,0.17,-2.7755575615628914e-17
1775609471.7662365,0.6508729312968401,0.03339971602892472,1.7272632337587035,2.5433478467348083,0.4684396378095614,0.14273521993708946,0.4998424053192139,0.17,-2.7755575615628914e-17
1775609471.8661191,0.6508729312968401,0.03339971602892472,1.7272632337587035,2.559296084740772,0.4772051617688739,0.21762028754076637,0.5046292543411255,0.17,-2.7755575615628914e-17
1775609471.9660728,0.6508729312968401,0.03339971602892472,1.7272632337587035,2.5720616867620203,0.48429905539523066,0.14727326435898463,0.5116902589797974,0.17,-2.7755575615628914e-17
1775609472.066207,0.6508729312968401,0.03339971602892472,1.7272632337587035,2.5878009464806007,0.49317973114010927,0.14131051412925325,0.5158950090408326,0.17,-2.7755575615628914e-17
1775609472.1661448,0.5902533950625978,0.29750237726621637,1.8107876126355686,2.6035906351512783,0.502176742916125,0.21674805152473478,0.5179760456085205,0.17,-2.7755575615628914e-17
1775609472.2660952,0.5902533950625978,0.29750237726621637,1.8107876126355686,2.6161796608846206,0.5093777073632941,0.14686521225306293,0.522127628326416,0.17,-2.7755575615628914e-17
1775609472.3661418,0.5902533950625978,0.29750237726621637,1.8107876126355686,2.6320792886146127,0.5185392165414523,0.14450922900642005,0.5250784158706665,0.17,-2.7755575615628914e-17
1775609472.466144,0.5902533950625978,0.29750237726621637,1.8107876126355686,2.648061520281831,0.527861030464122,0.21837935030951358,0.5281457901000977,0.17,-2.7755575615628914e-17
1775609472.566108,0.5902533950625978,0.29750237726621637,1.8107876126355686,2.6605103729925257,0.5351525890584878,0.1445594310571038,0.5320738554000856,0.17,-2.7755575615628914e-17
1775609472.6661654,0.5902533950625978,0.29750237726621637,1.8107876126355686,2.675870504197704,0.5441843787658017,0.14176735784078134,0.5335333347320556,0.17,-2.7755575615628914e-17
1775609472.766244,0.5902533950625978,0.29750237726621637,1.8107876126355686,2.691634633356254,0.553527584430036,0.2194315323883578,0.5351563096046448,0.17,-2.7755575615628914e-17
1775609472.8661451,0.5902533950625978,0.29750237726621637,1.8107876126355686,2.704260213341117,0.5610672320406752,0.1491950521862594,0.5408124923706056,0.17,-2.7755575615628914e-17
1775609472.9661994,0.5902533950625978,0.29750237726621637,1.8107876126355686,2.719603964239447,0.5702752663663772,0.14214645249702365,0.5430854558944702,0.17,-2.7755575615628914e-17
1775609473.06614,0.5902533950625978,0.29750237726621637,1.8107876126355686,2.732213472888577,0.5778908620821546,0.14491732204255925,0.5447052717208862,0.17,-2.7755575615628914e-17
1775609473.166199,0.5902533950625978,0.29750237726621637,1.8107876126355686,2.7480200583700216,0.5875075047828635,0.14986475526292445,0.5476357936859131,0.17,-2.7755575615628914e-17
1775609473.2661452,0.5902533950625978,0.29750237726621637,1.8107876126355686,2.7633166362325166,0.5968908583004343,0.21670536912907287,0.5518113374710083,0.17,-2.7755575615628914e-17
1775609473.3661444,0.5902533950625978,0.29750237726621637,1.8107876126355686,2.7754763120707464,0.6043691182617092,0.14168380768603175,0.5530789494514466,0.17,-2.7755575615628914e-17
1775609473.4660861,0.5902533950625978,0.29750237726621637,1.8107876126355686,2.7911552471668717,0.6140968259333672,0.14853507430850144,0.5561577677726747,0.17,-2.7755575615628914e-17
1775609473.5661583,0.5902533950625978,0.29750237726621637,1.8107876126355686,2.806660714673849,0.6238156639452979,0.21973917168446694,0.5631624460220337,0.17,-2.7755575615628914e-17
1775609473.6662164,0.5902533950625978,0.29750237726621637,1.8107876126355686,2.8187959198553814,0.6314767705391908,0.14484446418684677,0.5640620589256287,0.17,-2.7755575615628914e-17
1775609473.7661793,0.5902533950625978,0.29750237726621637,1.8107876126355686,2.8340329447391897,0.6411468174955111,0.14478969084481783,0.5666018724441528,0.17,-2.7755575615628914e-17
1775609473.8661373,0.5902533950625978,0.29750237726621637,1.8107876126355686,2.8492767697708836,0.650900377034298,0.21671710901404492,0.5709854364395142,0.17,-2.7755575615628914e-17
1775609473.9661012,0.5180132933349398,0.575414989874267,1.8752495996106335,2.8639234711914243,0.6603191263672216,0.21066460007695315,0.5728775858879089,0.17,-2.7755575615628914e-17
1775609474.066124,0.5180132933349398,0.575414989874267,1.8752495996106335,2.8758798070917964,0.6680253202325914,0.1443162102403458,0.5717425346374512,0.17,-2.7755575615628914e-17
1775609474.166151,0.5180132933349398,0.575414989874267,1.8752495996106335,2.890618608577249,0.6775813523495018,0.14153378459497976,0.5785415172576905,0.17,-2.7755575615628914e-17
1775609474.2661169,0.5180132933349398,0.575414989874267,1.8752495996106335,2.9053391276765046,0.687211867630284,0.14751476250405499,0.5818521976470947,0.17,-2.7755575615628914e-17
1775609474.3661938,0.5180132933349398,0.575414989874267,1.8752495996106335,2.920000296557855,0.696886624901782,0.14374767594116977,0.583871304988861,0.17,-2.7755575615628914e-17
1775609474.4661617,0.5180132933349398,0.575414989874267,1.8752495996106335,2.9350979496262175,0.7069107888754969,0.21602811581527928,0.5874617695808411,0.17,-2.7755575615628914e-17
1775609474.5661817,0.5180132933349398,0.575414989874267,1.8752495996106335,2.9468185628269867,0.7147454509095773,0.14031508165869375,0.5929619073867799,0.17,-2.7755575615628914e-17
1775609474.6661682,0.5180132933349398,0.575414989874267,1.8752495996106335,2.9616934909278823,0.7247838458580865,0.14745139352716313,0.5951611399650574,0.17,-2.7755575615628914e-17
1775609474.7661805,0.5180132933349398,0.575414989874267,1.8752495996106335,2.9766494414447746,0.7349733430740238,0.21351595163523426,0.5982905030250548,0.17,-2.7755575615628914e-17
1775609474.866131,0.5180132933349398,0.575414989874267,1.8752495996106335,2.988639754941321,0.7431772883211809,0.14680738047995853,0.6016923189163208,0.17,-2.7755575615628914e-17
1775609474.966157,0.5180132933349398,0.575414989874267,1.8752495996106335,3.0036423877090352,0.7534778723193889,0.1427610908666569,0.604366660118103,0.17,-2.7755575615628914e-17
1775609475.0661461,0.5180132933349398,0.575414989874267,1.8752495996106335,3.018460195358735,0.7637344085471868,0.21846150726786373,0.6048054695129395,0.17,-2.7755575615628914e-17
1775609475.1661847,0.5180132933349398,0.575414989874267,1.8752495996106335,3.0302091511590232,0.7718871621500868,0.14541562431620758,0.6062729954719543,0.17,-2.7755575615628914e-17
1775609475.266203,0.5180132933349398,0.575414989874267,1.8752495996106335,3.045008355028183,0.7821261029947087,0.14395338399957336,0.6063717007637025,0.17,-2.7755575615628914e-17
1775609475.366161,0.5180132933349398,0.575414989874267,1.8752495996106335,3.0598110101835783,0.7924487972783627,0.21037657882042488,0.6098881959915161,0.17,-2.7755575615628914e-17
1775609475.4661012,0.5180132933349398,0.575414989874267,1.8752495996106335,3.0719625358407656,0.8009975719000776,0.14952795503734378,0.6153132319450378,0.17,-2.7755575615628914e-17
1775609475.566134,0.5180132933349398,0.575414989874267,1.8752495996106335,3.0868017302857287,0.811488465660901,0.14562865417508597,0.6165760159492494,0.17,-2.7755575615628914e-17
1775609475.6660643,0.5180132933349398,0.575414989874267,1.8752495996106335,3.101434573594979,0.8218765741577565,0.2140281515630146,0.6182129383087157,0.17,-2.7755575615628914e-17
1775609475.7660909,0.43383005211306075,0.8374445848565472,1.9431763446512658,3.113285938966266,0.8303671867267741,0.14606606660224133,0.6247977614402771,0.17,-2.7755575615628914e-17
1775609475.8661222,0.43383005211306075,0.8374445848565472,1.9431763446512658,3.128108943136194,0.8410981939566478,0.14757849645436116,0.6289775371551515,0.17,0.049999999999999975
1775609475.9660852,0.43383005211306075,0.8374445848565472,1.9431763446512658,3.1427852049747234,0.8517728649245458,0.21624742852208367,0.6283342242240906,0.17,0.09999999999999998
1775609476.0661826,0.43383005211306075,0.8374445848565472,1.9431763446512658,3.1546349325499787,0.860395486628007,0.14703897243879746,0.6307165026664734,0.17,0.14999999999999997
1775609476.1661475,0.43383005211306075,0.8374445848565472,1.9431763446512658,3.1694944634173017,0.8713339570009552,0.1485815722123118,0.6398395299911499,0.17,0.19999999999999996
1775609476.2661264,0.43383005211306075,0.8374445848565472,1.9431763446512658,3.1839038266621347,0.8821987947110136,0.20505973341503494,0.650930404663086,0.17,0.24999999999999994
1775609476.3661008,0.43383005211306075,0.8374445848565472,1.9431763446512658,3.1952477130542225,0.8909477140738868,0.14275988731122116,0.6651302576065063,0.17,0.29999999999999993
1775609476.4661086,0.43383005211306075,0.8374445848565472,1.9431763446512658,3.2093988690821615,0.9022280089259745,0.14558790671185018,0.6829320192337037,0.17,0.3499999999999999
1775609476.566111,0.43383005211306075,0.8374445848565472,1.9431763446512658,3.223719893447758,0.9142200787475527,0.22449923521499313,0.7090414762496948,0.17,0.3999999999999999
1775609476.6660812,0.43383005211306075,0.8374445848565472,1.9431763446512658,3.2345513015822673,0.9237876801924665,0.1471499025386664,0.7412312030792236,0.17,0.4499999999999999
1775609476.766128,0.43383005211306075,0.8374445848565472,1.9431763446512658,3.247448622297122,0.9358978529791094,0.15572977428214393,0.7699698209762574,0.17,0.4999999999999999
1775609476.8660936,0.43383005211306075,0.8374445848565472,1.9431763446512658,3.2599777371447294,0.9486730430293249,0.2153378466801139,0.8123579025268555,0.17,0.5
1775609476.9660764,0.3580647490838523,1.020167532923314,2.1727861038922507,3.269433936690419,0.9590599603533633,0.14240431752900146,0.8551284074783325,0.17,0.5
1775609477.0660987,0.3580647490838523,1.020167532923314,2.1727861038922507,3.280695951010753,0.9724402617005345,0.1446125561312245,0.891015887260437,0.17,0.5
1775609477.1661105,0.3580647490838523,1.020167532923314,2.1727861038922507,3.2913537820100873,0.9864018136497318,0.25178913351202453,0.9356851577758789,0.17,0.5
1775609477.2661047,0.3580647490838523,1.020167532923314,2.1727861038922507,3.301471617524577,1.0009755750739984,0.21882902684866062,0.9828529357910156,0.17,0.5
1775609477.3661,0.3580647490838523,1.020167532923314,2.1727861038922507,3.3089994946268795,1.012744767566982,0.1414993922792161,1.0232967138290405,0.17,0.5
1775609477.4661355,0.3580647490838523,1.020167532923314,2.1727861038922507,3.3177490262666463,1.027624121267543,0.153322771243402,1.0593162775039675,0.17,0.5
1775609477.5661445,0.30472151664551755,1.085741832276048,2.4185017696242395,3.325877688018386,1.043108795966695,0.26667319578092097,1.1055554151535034,0.17,0.5
1775609477.66619,0.30472151664551755,1.085741832276048,2.4185017696242395,3.3320020026879957,1.056058650403377,0.14661265467600937,1.1487935781478882,0.17,0.5
1775609477.766123,0.30472151664551755,1.085741832276048,2.4185017696242395,3.338838949823318,1.0719904336803874,0.14899372552415227,1.1922956705093384,0.17,0.5
1775609477.8661177,0.30472151664551755,1.085741832276048,2.4185017696242395,3.3449533182774243,1.0882947700983816,0.24655547471568035,1.2271571159362793,0.17,0.5
1775609477.9661312,0.30472151664551755,1.085741832276048,2.4185017696242395,3.3502274288384526,1.1043576461631814,0.2572650112601837,1.2708628177642824,0.17,0.5
1775609478.066093,0.30472151664551755,1.085741832276048,2.4185017696242395,3.354140988065651,1.1178481826485458,0.13808765046631002,1.3109318017959595,0.17,0.5
1775609478.1660955,0.2434048574135105,1.1714988585718569,2.6386221232203892,3.3582359691378634,1.1344340698025954,0.15407483638048378,1.349866271018982,0.17,0.5
1775609478.266118,0.2434048574135105,1.1714988585718569,2.6386221232203892,3.3616578216618183,1.1518942388563391,0.20970186913766556,1.3949525356292727,0.17,0.5
1775609478.3661168,0.2434048574135105,1.1714988585718569,2.6386221232203892,3.364279413140375,1.1693388594461638,0.21418537137106458,1.4394181966781614,0.17,0.5
1775609478.4661305,0.2434048574135105,1.1714988585718569,2.6386221232203892,3.3657800969566525,1.1828721567150293,0.13653396613057572,1.4854612350463867,0.17,0.5
1775609478.566163,0.2434048574135105,1.1714988585718569,2.6386221232203892,3.366979057036884,1.2001677492616067,0.14159858447656692,1.5225906372070312,0.17,0.5
1775609478.6661448,0.2434048574135105,1.1714988585718569,2.6386221232203892,3.3673418388761345,1.217855046076132,0.21271087543541178,1.5692131519317625,0.17,0.5
1775609478.7661066,0.15006633732234043,1.2114863538177316,2.9011037944629123,3.3670731023494382,1.232000243644873,0.14081987569138643,1.6149173974990847,0.17,0.5
1775609478.866127,0.15006633732234043,1.2114863538177316,2.9011037944629123,3.3659826144483875,1.2498609032082553,0.14384655874052776,1.6519342660903928,0.17,0.5
1775609478.966152,0.15006633732234043,1.2114863538177316,2.9011037944629123,3.364090370872284,1.267476107607624,0.2100266984017381,1.6937378644943235,0.17,0.5
1775609479.0661552,0.15006633732234043,1.2114863538177316,2.9011037944629123,3.362071569044235,1.2814022668395313,0.1425530446533774,1.7418001890182493,0.17,0.5
1775609479.1661494,0.15006633732234043,1.2114863538177316,2.9011037944629123,3.358700474760507,1.299156186752821,0.1447153701584599,1.7775770425796509,0.17,0.5
1775609479.2662,0.15006633732234043,1.2114863538177316,2.9011037944629123,3.3545985130064095,1.3163911556068457,0.21199762074957545,1.822980999946594,0.17,0.5
1775609479.3663719,0.15006633732234043,1.2114863538177316,2.9011037944629123,3.3507268272543884,1.3302618786426397,0.14435883472320404,1.8663448095321655,0.17,0.45
1775609479.466124,0.06946186461698768,1.2439387631655445,-3.1312580083319945,3.345306127921925,1.3470225514690153,0.14072350406414205,1.904922127723694,0.17,0.4
1775609479.5661333,0.06946186461698768,1.2439387631655445,-3.1312580083319945,3.339119177865022,1.3635697697608486,0.21332915473294467,1.944412350654602,0.17,0.35000000000000003
1775609479.6660979,0.06946186461698768,1.2439387631655445,-3.1312580083319945,3.3336617012883027,1.376814662323185,0.1433175000938976,1.9826003313064575,0.17,0.30000000000000004
1775609479.7661252,0.06946186461698768,1.2439387631655445,-3.1312580083319945,3.3261758063388784,1.3933738931029107,0.14548418646146963,2.009020209312439,0.17,0.30000000000000004
1775609479.8660917,0.06946186461698768,1.2439387631655445,-3.1312580083319945,3.3181120125466137,1.4097157814223342,0.2182889826328309,2.041442036628723,0.17,0.30000000000000004
1775609479.966136,-0.023208766712365783,1.2345787565434083,-2.924683948176357,3.311434651218721,1.4224757862819237,0.14388554801273062,2.0636693239212036,0.17,0.30000000000000004
1775609480.0661457,-0.023208766712365783,1.2345787565434083,-2.924683948176357,3.302410478241228,1.4385111883291728,0.21984074929924508,2.0966397523880005,0.17,0.30000000000000004
1775609480.1662438,-0.023208766712365783,1.2345787565434083,-2.924683948176357,3.2949008447200705,1.45097704641299,0.14589569019581822,2.1317940950393677,0.17,0.30000000000000004
1775609480.2661674,-0.023208766712365783,1.2345787565434083,-2.924683948176357,3.285152004726022,1.4661634442689224,0.1428658665943096,2.154797673225403,0.17,0.30000000000000004
1775609480.3661594,-0.023208766712365783,1.2345787565434083,-2.924683948176357,3.274639476385976,1.4814497256022925,0.2183304587384465,2.1861199140548706,0.17,0.35000000000000003
1775609480.4660864,-0.023208766712365783,1.2345787565434083,-2.924683948176357,3.2639788018647717,1.4959789232881169,0.19230190388860308,2.2150429487228394,0.17,0.4
1775609480.5661862,-0.023208766712365783,1.2345787565434083,-2.924683948176357,3.2552656403118387,1.507318227035398,0.1427880166386235,2.2373980283737183,0.17,0.45
1775609480.6661258,-0.023208766712365783,1.2345787565434083,-2.924683948176357,3.2438258720952464,1.5212090657093447,0.2168244266167917,2.275828242301941,0.17,0.5
1775609480.7661142,-0.13766614843474337,1.213613395783336,-2.6725899256859234,3.2342509398744697,1.5320335138643557,0.14452966807902315,2.3186312913894653,0.17,0.55
1775609480.8661103,-0.13766614843474337,1.213613395783336,-2.6725899256859234,3.2221142890620627,1.5446957440753257,0.13228163032056597,2.360666871070862,0.17,0.6
1775609480.9661703,-0.13766614843474337,1.213613395783336,-2.6725899256859234,3.2095365702329115,1.5567379694474859,0.1395407553450495,2.3973928689956665,0.17,0.65
1775609481.0661366,-0.13766614843474337,1.213613395783336,-2.6725899256859234,3.1991566532360083,1.5658597517152173,0.13682935145175554,2.4497491121292114,0.17,0.7
1775609481.1661518,-0.13766614843474337,1.213613395783336,-2.6725899256859234,3.185969498742037,1.5763577876013546,0.12919530092450565,2.5020169019699097,0.17,0.7
1775609481.26615,-0.13766614843474337,1.213613395783336,-2.6725899256859234,3.1721956361020895,1.5862052898048544,0.13698134932767173,2.5428417921066284,0.17,0.7
1775609481.3662064,-0.13766614843474337,1.213613395783336,-2.6725899256859234,3.157886495819468,1.5952556559280255,0.20420771814189717,2.602371335029602,0.17,0.6499999999999999
1775609481.4662142,-0.2154398081004574,1.162659958435157,-2.397295761655359,3.145832979453013,1.6020642865975083,0.13878341926415352,2.658548951148987,0.17,0.5499999999999999
1775609481.5660398,-0.2154398081004574,1.162659958435157,-2.397295761655359,3.1307670609858125,1.6096237343310729,0.133544485637482,2.699501633644104,0.17,0.5
1775609481.6661603,-0.2154398081004574,1.162659958435157,-2.397295761655359,3.1149700046550124,1.616516214421186,0.20925257356489013,2.7506598234176636,0.17,0.45
1775609481.766087,-0.2154398081004574,1.162659958435157,-2.397295761655359,3.114694000999868,1.6167837976566284,0.13314243847126564,2.7942954937564295,0.17,0.4
1775609481.866376,-0.2154398081004574,1.162659958435157,-2.397295761655359,3.0979181432066083,1.6225593190245091,0.14228864435047148,2.8272971550570887,0.17,0.35000000000000003
1775609481.9661531,-0.2154398081004574,1.162659958435157,-2.397295761655359,3.0807128633555285,1.6277453750493227,0.21718815928027865,2.863408986722128,0.17,0.30000000000000004
1775609482.0661025,-0.2606544780998492,1.1092886275050358,-2.1253763286657144,3.066725942286378,1.6314808089514874,0.14582286814246873,2.899151508008139,0.17,0.25000000000000006
1775609482.1660852,-0.2606544780998492,1.1092886275050358,-2.1253763286657144,3.0497848852490623,1.6355096795088229,0.13848348869823549,2.919543687497274,0.17,0.15000000000000008
1775609482.2660646,-0.2606544780998492,1.1092886275050358,-2.1253763286657144,3.032272984719214,1.6391893148949892,0.21258282570000406,2.9448096195804045,0.17,0.10000000000000007
1775609482.3660798,-0.2606544780998492,1.1092886275050358,-2.1253763286657144,3.0146278768414114,1.642456314056935,0.21553441814588578,2.967382136975424,0.17,0.10000000000000003
1775609482.4661534,-0.2606544780998492,1.1092886275050358,-2.1253763286657144,3.0005048087314465,1.6448578999256704,0.12578057051415245,2.9773265759097503,0.17,0.05000000000000003
1775609482.566064,-0.2606544780998492,1.1092886275050358,-2.1253763286657144,2.9831953027000218,1.6476938973267663,0.13212582057915342,2.9822737614261077,0.17,2.7755575615628914e-17
1775609482.6660795,-0.2606544780998492,1.1092886275050358,-2.1253763286657144,2.965997664364759,1.6504288151183557,0.14694024579819073,2.9857754150973723,0.17,2.7755575615628914e-17
1775609482.7661397,-0.2606544780998492,1.1092886275050358,-2.1253763286657144,2.9487607880360165,1.6530765052065695,0.212025661973529,2.992194596921103,0.17,-0.049999999999999975
1775609482.8661454,-0.2606544780998492,1.1092886275050358,-2.1253763286657144,2.931009410585645,1.6557073566438707,0.2189541041234989,2.995198432599203,0.17,-0.09999999999999998
1775609482.9660945,-0.2606544780998492,1.1092886275050358,-2.1253763286657144,2.9169865898086065,1.657771897487805,0.14452613675421527,2.99487823644747,0.17,-0.09999999999999998
1775609483.0660927,-0.2606544780998492,1.1092886275050358,-2.1253763286657144,2.899111779135456,1.6604331091422542,0.1412538376787441,2.992216054593222,0.17,-0.09999999999999998
1775609483.166147,-0.2606544780998492,1.1092886275050358,-2.1253763286657144,2.8811525535470213,1.6632126155812732,0.2186453735278732,2.9846362511264246,0.17,-0.14999999999999997
1775609483.2661629,-0.2606544780998492,1.1092886275050358,-2.1253763286657144,2.8671881823345506,1.6654884517821185,0.13453672204264774,2.972386542950766,0.17,-0.19999999999999996
1775609483.3660934,-0.2606544780998492,1.1092886275050358,-2.1253763286657144,2.849773503828406,1.668608547748944,0.13746031979932416,2.9531909863101404,0.17,-0.25
1775609483.4660842,-0.2606544780998492,1.1092886275050358,-2.1253763286657144,2.8320685119243336,1.6721022093001217,0.1459443361348078,2.9381288925753997,0.17,-0.3
1775609483.5661407,-0.2606544780998492,1.1092886275050358,-2.1253763286657144,2.81438650250023,1.6759553020906028,0.2126031917571932,2.9197236935244963,0.17,-0.3
1775609483.666155,-0.38863359636528255,0.8692284946008828,-2.0498792425169254,2.800451410819392,1.6792770217234574,0.1389369200651878,2.8927351872073577,0.17,-0.3
1775609483.7661314,-0.38863359636528255,0.8692284946008828,-2.0498792425169254,2.783485794994834,1.6838272366044678,0.1434738936481544,2.86502713361849,0.17,-0.3
1775609483.8661215,-0.38863359636528255,0.8692284946008828,-2.0498792425169254,2.7660238119943394,1.6891270241860017,0.22153762528726612,2.83528727689852,0.17,-0.3
1775609483.9660676,-0.38863359636528255,0.8692284946008828,-2.0498792425169254,2.7521844865798566,1.6937102641428399,0.14550057790560328,2.8040973583804534,0.17,-0.3
1775609484.0661626,-0.38863359636528255,0.8692284946008828,-2.0498792425169254,2.748721222433779,1.6948517124581883,0.1447851673637167,2.778424382209778,0.17,-0.3
1775609484.1661334,-0.38863359636528255,0.8692284946008828,-2.0498792425169254,2.7317121894840466,1.701669214775392,0.21889486325445995,2.7487634420394897,0.17,-0.3
1775609484.266114,-0.38863359636528255,0.8692284946008828,-2.0498792425169254,2.7184814957237378,1.7073567802247307,0.1455092311634098,2.71881639957428,0.17,-0.3
1775609484.3661656,-0.38863359636528255,0.8692284946008828,-2.0498792425169254,2.7017582761544543,1.7150929221735347,0.1489461983179707,2.6965492963790894,0.17,-0.3
1775609484.4661348,-0.4606596033192768,0.7715339244129609,-2.2796858803027695,2.685447886455036,1.7232205961929554,0.2184234627866208,2.669007182121277,0.17,-0.3
1775609484.566166,-0.4606596033192768,0.7715339244129609,-2.2796858803027695,2.6725048323656546,1.7300928148039871,0.14584566319355674,2.634820342063904,0.17,-0.25
1775609484.6661973,-0.4606596033192768,0.7715339244129609,-2.2796858803027695,2.656890504343949,1.7389880286908472,0.1443807513686868,2.6121853590011597,0.17,-0.2
1775609484.766245,-0.4606596033192768,0.7715339244129609,-2.2796858803027695,2.6412004911012934,1.7484546180706082,0.21977283859088687,2.589380145072937,0.17,-0.14999999999999997
1775609484.866178,-0.4606596033192768,0.7715339244129609,-2.2796858803027695,2.628678431295215,1.756355930157672,0.15011248600608362,2.5664936304092407,0.17,-0.09999999999999998
1775609484.966171,-0.4606596033192768,0.7715339244129609,-2.2796858803027695,2.6132532761974874,1.7664810828931719,0.14879635378864994,2.5536619424819946,0.17,-0.049999999999999975
1775609485.0661402,-0.4606596033192768,0.7715339244129609,-2.2796858803027695,2.5983111834170693,1.7765556638898596,0.21609845154497037,2.547918200492859,0.17,2.7755575615628914e-17
1775609485.166154,-0.4606596033192768,0.7715339244129609,-2.2796858803027695,2.586139250111375,1.7848076915855042,0.1434419925505642,2.545693039894104,0.17,0.05000000000000003
1775609485.2661037,-0.4606596033192768,0.7715339244129609,-2.2796858803027695,2.5708484818405744,1.7951799903814314,0.1458554233123357,2.545587420463562,0.17,0.10000000000000003
1775609485.366092,-0.4606596033192768,0.7715339244129609,-2.2796858803027695,2.5564790325373483,1.8048814630496783,0.19215311247476932,2.550068736076355,0.17,0.10000000000000003
1775609485.466142,-0.4606596033192768,0.7715339244129609,-2.2796858803027695,2.544578817703044,1.8128117223218054,0.14286676165184067,2.5599817037582397,0.17,0.15000000000000002
1775609485.5661263,-0.4606596033192768,0.7715339244129609,-2.2796858803027695,2.5290715196086664,1.8229037759952227,0.14891825375117543,2.5705472230911255,0.17,0.2
1775609485.6661386,-0.4606596033192768,0.7715339244129609,-2.2796858803027695,2.5134938672039633,1.8326500255522715,0.2219066116426008,2.5910686254501343,0.17,0.20000000000000004
1775609485.7660904,-0.4606596033192768,0.7715339244129609,-2.2796858803027695,2.5010831808811584,1.840154007715713,0.14483163772732913,2.6056658029556274,0.17,0.20000000000000004
1775609485.8661432,-0.4606596033192768,0.7715339244129609,-2.2796858803027695,2.4854358592800314,1.849296249078749,0.14632218711143857,2.6198843717575073,0.17,0.20000000000000004
1775609485.9661133,-0.4606596033192768,0.7715339244129609,-2.2796858803027695,2.469473767552548,1.8581930077559803,0.21980696444545714,2.642147183418274,0.17,0.20000000000000004
1775609486.0660799,-0.4606596033192768,0.7715339244129609,-2.2796858803027695,2.4565131933851845,1.865086833783935,0.14732359289375455,2.6647742986679077,0.17,0.20000000000000004
1775609486.1661227,-0.4606596033192768,0.7715339244129609,-2.2796858803027695,2.4403178357212902,1.8733310238923588,0.1457990216384781,2.6794897317886353,0.17,0.20000000000000004
1775609486.2661598,-0.6617514572759057,0.5640788609164386,-2.2895466994187665,2.42434822048138,1.8810622617210833,0.21379062570900753,2.6973100900650024,0.17,0.20000000000000004
1775609486.3661394,-0.6617514572759057,0.5640788609164386,-2.2895466994187665,2.4113376723740574,1.887118337082031,0.14074857631844373,2.7177172899246216,0.17,0.20000000000000004
1775609486.4661474,-0.6617514572759057,0.5640788609164386,-2.2895466994187665,2.3952081728741024,1.8942637945852745,0.14187837083568813,2.7354990243911743,0.17,0.20000000000000004
1775609486.5661523,-0.6617514572759057,0.5640788609164386,-2.2895466994187665,2.3788516889407427,1.9011388302184609,0.14590891277702103,2.7531808614730835,0.17,0.20000000000000004
1775609486.6660998,-0.6617514572759057,0.5640788609164386,-2.2895466994187665,2.361605717781268,1.9079085957819923,0.2217988562082697,2.7774373292922974,0.17,0.20000000000000004
1775609486.7661533,-0.6617514572759057,0.5640788609164386,-2.2895466994187665,2.3615630340191993,1.9078666659391825,0.14731070185997094,2.7921845356570643,0.17,0.20000000000000004
1775609486.866205,-0.6617514572759057,0.5640788609164386,-2.2895466994187665,2.3444895924860307,1.9138663370608218,0.21828824286633716,2.8124410549746917,0.17,0.20000000000000004
1775609486.9661157,-0.6617514572759057,0.5640788609164386,-2.2895466994187665,2.327409535619378,1.9194524906244455,0.21982346387420057,2.8335575501071375,0.17,0.20000000000000004
1775609487.0660887,-0.6617514572759057,0.5640788609164386,-2.2895466994187665,2.3133053196628444,1.9237894594247167,0.14582591076601004,2.853051606808798,0.17,0.20000000000000004
1775609487.166119,-0.6617514572759057,0.5640788609164386,-2.2895466994187665,2.2961707963065483,1.928770853774205,0.14395740758425982,2.866300288830893,0.17,0.20000000000000004
1775609487.2661672,-0.6617514572759057,0.5640788609164386,-2.2895466994187665,2.2788570924682547,1.933391384073264,0.21310615209295777,2.8907327095614836,0.17,0.20000000000000004
1775609487.3661017,-0.6617514572759057,0.5640788609164386,-2.2895466994187665,2.2648997862893427,1.936836786607117,0.13739849725966183,2.9117412010775965,0.17,0.20000000000000004
1775609487.4661088,-0.7642096991416751,0.41240571810729687,-2.06148378955921,2.2473486145573633,1.94081221757148,0.14650687772778934,2.927194539700644,0.17,0.20000000000000004
1775609487.566121,-0.7642096991416751,0.41240571810729687,-2.06148378955921,2.2301636905650253,1.944448969329039,0.14033439336523476,2.940553132687704,0.17,0.20000000000000004
1775609487.6661098,-0.7642096991416751,0.41240571810729687,-2.06148378955921,2.212628592166323,1.9477533085341756,0.20982718811151238,2.964658919964926,0.17,0.20000000000000004
1775609487.7661614,-0.7642096991416751,0.41240571810729687,-2.06148378955921,2.1984270599061677,1.9501452098991718,0.1403345422399289,2.987183038388388,0.17,0.20000000000000004
1775609487.8660939,-0.7642096991416751,0.41240571810729687,-2.06148378955921,2.1806032407365867,1.9528044141275842,0.14682772567799987,3.0015856663333342,0.17,0.20000000000000004
1775609487.9660907,-0.7642096991416751,0.41240571810729687,-2.06148378955921,2.162580879213702,1.955138412231549,0.21929341005509131,3.021083060895102,0.17,0.20000000000000004
1775609488.0661142,-0.7642096991416751,0.41240571810729687,-2.06148378955921,2.148014217756734,1.9567413653910632,0.1458345696649771,3.0464543739901946,0.17,0.20000000000000004
1775609488.166134,-0.7642096991416751,0.41240571810729687,-2.06148378955921,2.129809552731638,1.9583336300336542,0.14680478487597065,3.0629710594760344,0.17,0.20000000000000004
1775609488.2661688,-0.7642096991416751,0.41240571810729687,-2.06148378955921,2.111881402648268,1.9595653543584113,0.2163562044471011,3.0810217300998137,0.17,0.20000000000000004
1775609488.3660967,-0.7642096991416751,0.41240571810729687,-2.06148378955921,2.0970452253336913,1.9603555541841897,0.14979515758193085,3.099976245556967,0.17,0.20000000000000004
1775609488.4661534,-0.7642096991416751,0.41240571810729687,-2.06148378955921,2.078679985060111,1.960965207794631,0.14767155975238516,3.11909002462496,0.17,0.20000000000000004
1775609488.566148,-0.7642096991416751,0.41240571810729687,-2.06148378955921,2.0605337088882063,1.9611847988187379,0.21702853997769098,3.136078540478842,0.17,0.20000000000000004
1775609488.66612,-0.8548923061035082,0.24222571304861767,-1.8578533370684966,2.04613218659873,1.9611337995433584,0.1442945592606472,-3.1277889013290405,0.17,0.20000000000000004
1775609488.7661245,-0.8548923061035082,0.24222571304861767,-1.8578533370684966,2.028039204679641,1.9607525880744654,0.1443506544567355,-3.111533284187317,0.17,0.20000000000000004
1775609488.8661852,-0.8548923061035082,0.24222571304861767,-1.8578533370684966,2.0096557120508765,1.959959040341004,0.22186011981140485,-3.08993136882782,0.17,0.20000000000000004
1775609488.9661367,-0.8548923061035082,0.24222571304861767,-1.8578533370684966,1.9951795014005704,1.9590806856715686,0.14634856388524098,-3.06947124004364,0.17,0.20000000000000004
1775609489.066113,-0.8548923061035082,0.24222571304861767,-1.8578533370684966,1.976863187501873,1.9576084058002938,0.14854720708316912,-3.052031397819519,0.17,0.20000000000000004
1775609489.1661303,-0.8548923061035082,0.24222571304861767,-1.8578533370684966,1.9586837631579364,1.9557507456024013,0.21939058423693486,-3.0317569971084595,0.17,0.20000000000000004
1775609489.2660844,-0.8548923061035082,0.24222571304861767,-1.8578533370684966,1.944284328608608,1.9540221661180832,0.1435123696766565,-3.0104235410690308,0.17,0.20000000000000004
1775609489.3661513,-0.8548923061035082,0.24222571304861767,-1.8578533370684966,1.9262654156272836,1.9514741848801702,0.1473656583966605,-2.990739941596985,0.17,0.20000000000000004
1775609489.4661543,-0.8548923061035082,0.24222571304861767,-1.8578533370684966,1.9117483607670196,1.9491287200808582,0.14559881027262717,-2.96984326839447,0.17,0.15000000000000002
1775609489.5661309,-0.8548923061035082,0.24222571304861767,-1.8578533370684966,1.8936902352480511,1.9458683314042784,0.14717364554159826,-2.953269839286804,0.17,0.10000000000000003
1775609489.6662006,-0.8548923061035082,0.24222571304861767,-1.8578533370684966,1.8762771314165125,1.9424641917079783,0.14464594080596677,-2.9423052072525024,0.17,0.10000000000000003
1775609489.7661848,-0.8548923061035082,0.24222571304861767,-1.8578533370684966,1.8584152728692223,1.9387254893779269,0.21806302714334538,-2.9316030740737915,0.17,0.10000000000000003
1775609489.8661475,-0.8933119881302711,0.054657283939027794,-1.6473195631162,1.8442936231457356,1.9356514304951102,0.1433164391153473,-2.922456383705139,0.17,0.10000000000000003
1775609489.9661682,-0.8933119881302711,0.054657283939027794,-1.6473195631162,1.8270547131575945,1.9317865434037493,0.13532813591985493,-2.917047381401062,0.17,0.10000000000000003
1775609490.0660853,-0.8933119881302711,0.054657283939027794,-1.6473195631162,1.809355679635558,1.9276629496248714,0.21854864031977161,-2.910838007926941,0.17,0.10000000000000003
1775609490.1661003,-0.8933119881302711,0.054657283939027794,-1.6473195631162,1.795029895440629,1.9242324622359752,0.14655685576989302,-2.9036253690719604,0.17,0.10000000000000003
1775609490.2661166,-0.8933119881302711,0.054657283939027794,-1.6473195631162,1.7779228743632502,1.9200276035302828,0.1395050559346158,-2.8969627618789673,0.17,0.10000000000000003
1775609490.3660936,-0.8933119881302711,0.054657283939027794,-1.6473195631162,1.7608123021469324,1.9156294738666175,0.21051295044781507,-2.88500440120697,0.17,0.10000000000000003
1775609490.4661267,-0.8933119881302711,0.054657283939027794,-1.6473195631162,1.7442001185433573,1.911128395806602,0.20725861846741372,-2.8712490797042847,0.17,0.10000000000000003
1775609490.5661392,-0.8933119881302711,0.054657283939027794,-1.6473195631162,1.7303433878838264,1.9072040631687057,0.14817219503503135,-2.8591004610061646,0.17,0.10000000000000003
1775609490.6660833,-0.8933119881302711,0.054657283939027794,-1.6473195631162,1.7135213240270568,1.9022363354007477,0.1369278021099499,-2.848214030265808,0.17,0.10000000000000003
1775609490.7661076,-0.8933119881302711,0.054657283939027794,-1.6473195631162,1.6971833273168622,1.8972407829396425,0.13898601377230893,-2.8382545709609985,0.17,0.10000000000000003
1775609490.8660872,-0.8933119881302711,0.054657283939027794,-1.6473195631162,1.68000241435381,1.8918020730417746,0.15558591621143672,-2.8326157331466675,0.17,0.10000000000000003
1775609490.966107,-0.8933119881302711,0.054657283939027794,-1.6473195631162,1.6631444309785721,1.886350743992912,0.2172481211555895,-2.827318549156189,0.17,0.10000000000000003
1775609491.0661027,-0.8933119881302711,0.054657283939027794,-1.6473195631162,1.6467699903060717,1.8809677671251792,0.2062482475340637,-2.8204010725021362,0.17,0.10000000000000003
1775609491.166083,-0.8933119881302711,0.054657283939027794,-1.6473195631162,1.6332012452386029,1.8763724363610093,0.1489873304001082,-2.807818293571472,0.17,0.10000000000000003
1775609491.266088,-0.8933119881302711,0.054657283939027794,-1.6473195631162,1.6162982557335166,1.8704216989136504,0.14266531884689868,-2.7955955266952515,0.17,0.10000000000000003
1775609491.3661108,-0.8933119881302711,0.054657283939027794,-1.6473195631162,1.5998692399246879,1.8644237408699607,0.14749670059654296,-2.7882076501846313,0.17,0.10000000000000003
1775609491.4661546,-0.8922543869837263,-0.21587432930459166,-1.4900339046147184,1.583324253082181,1.8582285773552665,0.2068497474520732,-2.780006766319275,0.17,0.10000000000000003
1775609491.5661385,-0.8922543869837263,-0.21587432930459166,-1.4900339046147184,1.566979554969533,1.8518643306511915,0.21014936756871339,-2.757282853126526,0.17,0.10000000000000003
1775609491.6661203,-0.8922543869837263,-0.21587432930459166,-1.4900339046147184,1.5537448596057302,1.8463152894670232,0.14102992346267784,-2.73438036441803,0.17,0.10000000000000003
1775609491.7661479,-0.8922543869837263,-0.21587432930459166,-1.4900339046147184,1.5374276300351377,1.8392193197736724,0.142061564037007,-2.728000521659851,0.17,0.10000000000000003
1775609491.8661392,-0.8922543869837263,-0.21587432930459166,-1.4900339046147184,1.5210796059884757,1.8319420451462913,0.2068475651839159,-2.7177013158798218,0.17,0.10000000000000003
1775609491.9661572,-0.8922543869837263,-0.21587432930459166,-1.4900339046147184,1.507507568606853,1.8257130567945734,0.1487556086531024,-2.7027820348739624,0.17,0.05000000000000003
1775609492.0661373,-0.8922543869837263,-0.21587432930459166,-1.4900339046147184,1.4912188483197903,1.8180033089191048,0.14345937671730125,-2.6944750547409058,0.17,2.7755575615628914e-17
1775609492.1661277,-0.8922543869837263,-0.21587432930459166,-1.4900339046147184,1.4750226201312564,1.8102171580966546,0.21416529017596886,-2.6927722692489624,0.17,2.7755575615628914e-17
1775609492.2661147,-0.8922543869837263,-0.21587432930459166,-1.4900339046147184,1.4619484564649161,1.8038816669303366,0.14695557004898546,-2.6881312131881714,0.17,2.7755575615628914e-17
1775609492.3662548,-0.8922543869837263,-0.21587432930459166,-1.4900339046147184,1.4454622872682046,1.7958232741799955,0.14792108904841778,-2.685707449913025,0.17,2.7755575615628914e-17
1775609492.4661744,-0.8922543869837263,-0.21587432930459166,-1.4900339046147184,1.4290510184616347,1.787784565300007,0.21827527950573028,-2.686815619468689,0.17,2.7755575615628914e-17
1775609492.5662527,-0.8922543869837263,-0.21587432930459166,-1.4900339046147184,1.4160932637877535,1.7814412579197307,0.14451226798753225,-2.6861056089401245,0.17,2.7755575615628914e-17
1775609492.6661124,-0.8922543869837263,-0.21587432930459166,-1.4900339046147184,1.3997812655766808,1.7734300668394003,0.14744463104664296,-2.683785319328308,0.17,2.7755575615628914e-17
1775609492.766099,-0.8922543869837263,-0.21587432930459166,-1.4900339046147184,1.3834213758805496,1.7653442718136765,0.21859128023880978,-2.6814764738082886,0.17,2.7755575615628914e-17
1775609492.8660944,-0.8922543869837263,-0.21587432930459166,-1.4900339046147184,1.3703608935764582,1.7588658660789598,0.14355047242900504,-2.681402564048767,0.17,2.7755575615628914e-17
1775609492.9661477,-0.8922543869837263,-0.21587432930459166,-1.4900339046147184,1.3540642146120894,1.7507665283964284,0.14844082055635419,-2.678703188896179,0.17,2.7755575615628914e-17
1775609493.0661185,-0.8922543869837263,-0.21587432930459166,-1.4900339046147184,1.3376427697617428,1.7425205052126247,0.22117580410154417,-2.6742950677871704,0.17,2.7755575615628914e-17
1775609493.1660893,-0.8922543869837263,-0.21587432930459166,-1.4900339046147184,1.324543500188423,1.7358934916273485,0.1443505071379114,-2.6724964380264282,0.17,2.7755575615628914e-17
1775609493.2661154,-0.8525209579101752,-0.49400804388128156,-1.3859198973562314,1.308490016612068,1.7277609659481035,0.14188162594077422,-2.6738632917404175,0.17,2.7755575615628914e-17
1775609493.3661764,-0.8525209579101752,-0.49400804388128156,-1.3859198973562314,1.2923550600090423,1.7196212967304219,0.2183444556209172,-2.673522114753723,0.17,2.7755575615628914e-17
1775609493.4660726,-0.8525209579101752,-0.49400804388128156,-1.3859198973562314,1.2794109842634152,1.7130799985629697,0.14720054699356613,-2.672857403755188,0.17,2.7755575615628914e-17
1775609493.566176,-0.8525209579101752,-0.49400804388128156,-1.3859198973562314,1.2630975413809922,1.7047885663335924,0.2177522750852242,-2.6712299585342407,0.17,2.7755575615628914e-17
1775609493.6661446,-0.8525209579101752,-0.49400804388128156,-1.3859198973562314,1.250103728403734,1.6981774579005258,0.1449023070986238,-2.670427680015564,0.17,2.7755575615628914e-17
1775609493.766169,-0.8525209579101752,-0.49400804388128156,-1.3859198973562314,1.2339773738574527,1.6899648344046379,0.1457765472664658,-2.669803738594055,0.17,2.7755575615628914e-17
1775609493.8661478,-0.8525209579101752,-0.49400804388128156,-1.3859198973562314,1.2177403217977374,1.6816351187672682,0.21884398123617324,-2.6670063734054565,0.17,2.7755575615628914e-17
1775609493.96613,-0.8525209579101752,-0.49400804388128156,-1.3859198973562314,1.204712614190894,1.6749235970318432,0.14745001500518254,-2.6653839349746704,0.17,2.7755575615628914e-17
1775609494.0661616,-0.8525209579101752,-0.49400804388128156,-1.3859198973562314,1.188714672697774,1.666682347125591,0.14343693470424954,-2.6645673513412476,0.17,2.7755575615628914e-17
1775609494.1661103,-0.8525209579101752,-0.49400804388128156,-1.3859198973562314,1.1727459442674717,1.6583846437892462,0.22157996975873803,-2.661530375480652,0.17,2.7755575615628914e-17
1775609494.2661204,-0.8525209579101752,-0.49400804388128156,-1.3859198973562314,1.1596980458288466,1.6515473176811686,0.14745154997766957,-2.656377673149109,0.17,2.7755575615628914e-17
1775609494.3661015,-0.8525209579101752,-0.49400804388128156,-1.3859198973562314,1.1437991318102123,1.6431707706055638,0.14543488578245015,-2.6565617322921753,0.17,2.7755575615628914e-17
1775609494.4661372,-0.8525209579101752,-0.49400804388128156,-1.3859198973562314,1.1281753246176964,1.6349236776093818,0.1371372577632829,-2.655640721321106,0.17,2.7755575615628914e-17
1775609494.5661614,-0.8525209579101752,-0.49400804388128156,-1.3859198973562314,1.112474426172735,1.626605794436608,0.21874807330264906,-2.654004693031311,0.17,2.7755575615628914e-17
1775609494.6661468,-0.8525209579101752,-0.49400804388128156,-1.3859198973562314,1.0973820915933148,1.618598995258934,0.2044294598415218,-2.6526495218276978,0.17,2.7755575615628914e-17
1775609494.7661383,-0.8525209579101752,-0.49400804388128156,-1.3859198973562314,1.0851297061141736,1.6120979932054444,0.13880165176754364,-2.6541589498519897,0.17,2.7755575615628914e-17
1775609494.8661473,-0.8525209579101752,-0.49400804388128156,-1.3859198973562314,1.0697110807475916,1.6038961540018055,0.1408953662719084,-2.6511112451553345,0.17,2.7755575615628914e-17
1775609494.9661305,-0.8525209579101752,-0.49400804388128156,-1.3859198973562314,1.0535989885028065,1.5952734554873027,0.1468199281725993,-2.648262858390808,0.17,2.7755575615628914e-17
1775609495.066172,-0.8025916342119581,-0.7523658990365971,-1.3648221932695084,1.037536551828859,1.5866118012806696,0.2164342494673914,-2.6466368436813354,0.17,2.7755575615628914e-17
1775609495.1661403,-0.8025916342119581,-0.7523658990365971,-1.3648221932695084,1.025036952682215,1.5798753363773876,0.14484839430248603,-2.6484559774398804,0.17,2.7755575615628914e-17
1775609495.2661285,-0.8025916342119581,-0.7523658990365971,-1.3648221932695084,1.009348245806106,1.5714271850148887,0.14798803976636815,-2.6460496187210083,0.17,2.7755575615628914e-17
1775609495.3660898,-0.8025916342119581,-0.7523658990365971,-1.3648221932695084,0.9933367953094733,1.5627245359673807,0.21961105222038393,-2.6416651010513306,0.17,2.7755575615628914e-17
1775609495.4661267,-0.8025916342119581,-0.7523658990365971,-1.3648221932695084,0.9803246924029251,1.5556058817123133,0.14724453318365996,-2.6408601999282837,0.17,2.7755575615628914e-17
1775609495.5660744,-0.8025916342119581,-0.7523658990365971,-1.3648221932695084,0.964697222162847,1.547044980343577,0.1437577119161556,-2.639447808265686,0.17,2.7755575615628914e-17
1775609495.666113,-0.8025916342119581,-0.7523658990365971,-1.3648221932695084,0.949016216509304,1.53842381420269,0.14278400340337952,-2.6358906030654907,0.17,2.7755575615628914e-17
1775609495.7661018,-0.8025916342119581,-0.7523658990365971,-1.3648221932695084,0.9362375739413797,1.5313533916899689,0.14561238585565559,-2.636557459831238,0.17,2.7755575615628914e-17
1775609495.866089,-0.8025916342119581,-0.7523658990365971,-1.3648221932695084,0.9206695700654447,1.5227369671426156,0.1449666902383446,-2.6373566389083862,0.17,2.7755575615628914e-17
1775609495.966088,-0.8025916342119581,-0.7523658990365971,-1.3648221932695084,0.90521696838462,1.5142257198548765,0.14431545956433386,-2.637167811393738,0.17,2.7755575615628914e-17
1775609496.0661235,-0.8025916342119581,-0.7523658990365971,-1.3648221932695084,0.8890761150295718,1.5052853474324999,0.22116426151510396,-2.6350661516189575,0.17,2.7755575615628914e-17
1775609496.166158,-0.8025916342119581,-0.7523658990365971,-1.3648221932695084,0.8768455863005191,1.4984791161444888,0.13982223517373638,-2.6328436136245728,0.17,2.7755575615628914e-17
1775609496.266083,-0.8025916342119581,-0.7523658990365971,-1.3648221932695084,0.8612808828278115,1.489804619207977,0.14549799874030367,-2.633362650871277,0.17,2.7755575615628914e-17
1775609496.3661153,-0.8025916342119581,-0.7523658990365971,-1.3648221932695084,0.8459058947866922,1.4812576649910965,0.14370741676463236,-2.634626269340515,0.17,2.7755575615628914e-17
1775609496.4660728,-0.8025916342119581,-0.7523658990365971,-1.3648221932695084,0.8302409937647567,1.47250303198996,0.21078820146633606,-2.6311928033828735,0.17,2.7755575615628914e-17
1775609496.5661407,-0.8025916342119581,-0.7523658990365971,-1.3648221932695084,0.8181537478730521,1.4656999267737938,0.1372301419430187,-2.6266218423843384,0.17,2.7755575615628914e-17
1775609496.6661634,-0.8025916342119581,-0.7523658990365971,-1.3648221932695084,0.8027067762441602,1.4569707989250191,0.1395555314156868,-2.6279267072677612,0.17,2.7755575615628914e-17
1775609496.7660868,-0.8025916342119581,-0.7523658990365971,-1.3648221932695084,0.787036518767306,1.4481223321097776,0.14934383813967564,-2.6271923780441284,0.17,2.7755575615628914e-17
1775609496.8661263,-0.7507790397176025,-1.0247527931178062,-1.3637077906215562,0.7717383554441614,1.4393875018544127,0.21337666890460713,-2.620742678642273,0.17,2.7755575615628914e-17
1775609496.966187,-0.7507790397176025,-1.0247527931178062,-1.3637077906215562,0.7564642128731728,1.4306106935472394,0.20758078713036066,-2.619364619255066,0.17,2.7755575615628914e-17
1775609497.0660956,-0.7507790397176025,-1.0247527931178062,-1.3637077906215562,0.7413961825250727,1.42198326943663,0.2091221466830997,-2.6236199140548706,0.17,2.7755575615628914e-17
1775609497.166117,-0.7507790397176025,-1.0247527931178062,-1.3637077906215562,0.7290656461626864,1.4149421173469054,0.14150903195253117,-2.6220725774765015,0.17,2.7755575615628914e-17
1775609497.2661371,-0.7507790397176025,-1.0247527931178062,-1.3637077906215562,0.713822497658524,1.406213013378419,0.1475089218224629,-2.6205273866653442,0.17,2.7755575615628914e-17
1775609497.3661013,-0.7507790397176025,-1.0247527931178062,-1.3637077906215562,0.6985314508175674,1.3974148271654698,0.2108745002726336,-2.6191476583480835,0.17,2.7755575615628914e-17
1775609497.4662,-0.7507790397176025,-1.0247527931178062,-1.3637077906215562,0.6834287646738191,1.3887460587848048,0.2080380975794454,-2.621397614479065,0.17,2.7755575615628914e-17
1775609497.5660956,-0.7507790397176025,-1.0247527931178062,-1.3637077906215562,0.6683217724274717,1.3800847926730737,0.21277806864469395,-2.620320677757263,0.17,2.7755575615628914e-17
1775609497.6662054,-0.7507790397176025,-1.0247527931178062,-1.3637077906215562,0.6559422765963523,1.3729763342896901,0.14624998643229825,-2.6193751096725464,0.17,2.7755575615628914e-17
1775609497.7661812,-0.7507790397176025,-1.0247527931178062,-1.3637077906215562,0.6407070494470469,1.3641826700924502,0.13791357311019398,-2.61795437335968,0.17,2.7755575615628914e-17
1775609497.8661263,-0.7507790397176025,-1.0247527931178062,-1.3637077906215562,0.6249677796276765,1.3550977396890382,0.14712495638357279,-2.617808699607849,0.17,2.7755575615628914e-17
1775609497.9661539,-0.7507790397176025,-1.0247527931178062,-1.3637077906215562,0.6094429303341069,1.3460970850111,0.210858444547504,-2.61442768573761,0.17,2.7755575615628914e-17
1775609498.0661194,-0.7507790397176025,-1.0247527931178062,-1.3637077906215562,0.5970524862504614,1.3388560528543245,0.14610830332454575,-2.611397385597229,0.17,2.7755575615628914e-17
1775609498.1661644,-0.7507790397176025,-1.0247527931178062,-1.3637077906215562,0.5814469197748555,1.329692385722131,0.1458547855443748,-2.6117857694625854,0.17,2.7755575615628914e-17
1775609498.2661674,-0.7507790397176025,-1.0247527931178062,-1.3637077906215562,0.565971199223144,1.320657605958934,0.2149282079906416,-2.612409472465515,0.17,2.7755575615628914e-17
1775609498.3661153,-0.7507790397176025,-1.0247527931178062,-1.3637077906215562,0.5535167632437241,1.313375574965733,0.14398387367313745,-2.611518979072571,0.17,2.7755575615628914e-17
1775609498.4661465,-0.7507790397176025,-1.0247527931178062,-1.3637077906215562,0.5379600589208028,1.3042286750275376,0.14809909035443897,-2.610209822654724,0.17,2.7755575615628914e-17
1775609498.5661502,-0.7507790397176025,-1.0247527931178062,-1.3637077906215562,0.5222711712329459,1.2950069637252386,0.21773231993737094,-2.6096795797348022,0.17,2.7755575615628914e-17
1775609498.6661308,-0.6972662985352297,-1.3092841747107054,-1.3701041818638997,0.5072595661314979,1.2861814056155085,0.21102990930865834,-2.6100603342056274,0.17,2.7755575615628914e-17
1775609498.7660902,-0.6972662985352297,-1.3092841747107054,-1.3701041818638997,0.4949882732197099,1.278937414740065,0.14796551073863737,-2.6074780225753784,0.17,2.7755575615628914e-17
1775609498.866155,-0.6972662985352297,-1.3092841747107054,-1.3701041818638997,0.4794146897925612,1.269719498744608,0.1491830640849686,-2.606305718421936,0.17,2.7755575615628914e-17
1775609498.966158,-0.6972662985352297,-1.3092841747107054,-1.3701041818638997,0.4642164064871499,1.2607122741797212,0.2158393606817996,-2.606291651725769,0.17,2.7755575615628914e-17
1775609499.0661573,-0.6972662985352297,-1.3092841747107054,-1.3701041818638997,0.4491906765635801,1.25176149886119,0.21127915003300038,-2.6037570238113403,0.17,2.7755575615628914e-17
1775609499.1660936,-0.6972662985352297,-1.3092841747107054,-1.3701041818638997,0.4372324034533353,1.24458546111473,0.13987429155356376,-2.598380446434021,0.17,2.7755575615628914e-17
1775609499.266149,-0.6972662985352297,-1.3092841747107054,-1.3701041818638997,0.42148022160678766,1.2350743781560485,0.14396885501557313,-2.5968457460403442,0.17,2.7755575615628914e-17
1775609499.3661747,-0.6972662985352297,-1.3092841747107054,-1.3701041818638997,0.40591090636595567,1.2256521951439718,0.2168054460367063,-2.5984610319137573,0.17,2.7755575615628914e-17
1775609499.4661427,-0.6972662985352297,-1.3092841747107054,-1.3701041818638997,0.3934993452057161,1.2181494740723013,0.1467428787427371,-2.5975664854049683,0.17,2.7755575615628914e-17
1775609499.566157,-0.6972662985352297,-1.3092841747107054,-1.3701041818638997,0.3779924432383687,1.208770816562929,0.1447058815018227,-2.596540331840515,0.17,-0.049999999999999975
1775609499.6661606,-0.6972662985352297,-1.3092841747107054,-1.3701041818638997,0.3623570421215062,1.1993111793828797,0.21789986520146673,-2.598828673362732,0.17,-0.14999999999999997
1775609499.766109,-0.6972662985352297,-1.3092841747107054,-1.3701041818638997,0.35047363006629073,1.1921579698972589,0.13917548143699826,-2.6019481420516968,0.17,-0.19999999999999996
1775609499.8661563,-0.6972662985352297,-1.3092841747107054,-1.3701041818638997,0.33510078004545224,1.1829986398401156,0.13972013601272412,-2.6085959672927856,0.17,-0.24999999999999994
1775609499.9661145,-0.6972662985352297,-1.3092841747107054,-1.3701041818638997,0.3196458704394881,1.173978508435685,0.1448284002292781,-2.6179498434066772,0.17,-0.3499999999999999
1775609500.0660996,-0.6972662985352297,-1.3092841747107054,-1.3701041818638997,0.30421239664801636,1.1653291614013348,0.21253036835294806,-2.6405123472213745,0.17,-0.3999999999999999
1775609500.166166,-0.6972662985352297,-1.3092841747107054,-1.3701041818638997,0.2887009330564724,1.1572506630267891,0.21541354712688449,-2.6748820543289185,0.17,-0.4499999999999999
1775609500.266142,-0.6972662985352297,-1.3092841747107054,-1.3701041818638997,0.2754873589071779,1.150797456269531,0.14897353601349161,-2.701492428779602,0.17,-0.4999999999999999
1775609500.3662312,-0.6972662985352297,-1.3092841747107054,-1.3701041818638997,0.25884314968316197,1.1433780704467815,0.22016882159994086,-2.7376874685287476,0.17,-0.5
1775609500.4661577,-0.648845695873334,-1.585483729365071,-1.5037159988340858,0.24545845972839406,1.1379281346835637,0.14484597998048981,-2.777020812034607,0.17,-0.5
1775609500.566161,-0.648845695873334,-1.585483729365071,-1.5037159988340858,0.22892641222072865,1.1319192275956944,0.14099006092229469,-2.8138293027877808,0.17,-0.5
1775609500.6661549,-0.648845695873334,-1.585483729365071,-1.5037159988340858,0.2121520764548098,1.1267098806147953,0.2063397871809975,-2.8574496507644653,0.17,-0.5
1775609500.7660701,-0.648845695873334,-1.585483729365071,-1.5037159988340858,0.19849607874532849,1.1230121115506182,0.1418634350565929,-2.9023274183273315,0.17,-0.5
1775609500.8661432,-0.648845695873334,-1.585483729365071,-1.5037159988340858,0.18114662984702068,1.1190650196642271,0.14211997988266387,-2.936837315559387,0.17,-0.5
1775609500.966099,-0.648845695873334,-1.585483729365071,-1.5037159988340858,0.1639084204907999,1.115969882038297,0.2021094856383619,-2.9830738306045532,0.17,-0.5
1775609501.0660849,-0.6622362914655532,-1.6913813853768842,-1.7485358210220252,0.14994672045660423,1.1140202341443692,0.14247867659534752,-3.027833580970764,0.17,-0.5
1775609501.1661162,-0.6622362914655532,-1.6913813853768842,-1.7485358210220252,0.13287094775414918,1.112321837490191,0.13300278223927056,-3.062646269798279,0.17,-0.5
1775609501.2661486,-0.6622362914655532,-1.6913813853768842,-1.7485358210220252,0.11505436311360998,1.1113487766917742,0.2058398295139519,-3.103579878807068,0.17,-0.5
1775609501.366104,-0.6622362914655532,-1.6913813853768842,-1.7485358210220252,0.10055460324023831,1.1110850017722906,0.14405871950636784,3.135932628308432,0.17,-0.5
1775609501.4661562,-0.6622362914655532,-1.6913813853768842,-1.7485358210220252,0.08304420075052038,1.1114552988050874,0.13482325456182118,3.099769536648886,0.17,-0.5
1775609501.5660996,-0.6622362914655532,-1.6913813853768842,-1.7485358210220252,0.06544558012384812,1.1126692496169854,0.2023259180076804,3.054065648709433,0.17,-0.5
1775609501.666081,-0.6819659819108621,-1.8011375304185644,-1.977842922157021,0.051482089201543395,1.1141940616144979,0.14319678418334,3.007977668439047,0.17,-0.5
1775609501.766099,-0.6819659819108621,-1.8011375304185644,-1.977842922157021,0.03423981429905489,1.116800795032848,0.1444925175525956,2.967769328747885,0.17,-0.5
1775609501.8661544,-0.6819659819108621,-1.8011375304185644,-1.977842922157021,0.017187821479042922,1.120069567170334,0.1415325182767476,2.9322201649295256,0.17,-0.5
1775609501.9662402,-0.6819659819108621,-1.8011375304185644,-1.977842922157021,0.003186519273002241,1.123328826310928,0.12809397990708582,2.889429275189535,0.17,-0.5
1775609502.0660944,-0.6819659819108621,-1.8011375304185644,-1.977842922157021,-0.01374184299096178,1.1280130195537619,0.1398907782727816,2.8430389801608484,0.17,-0.5
1775609502.1660945,-0.6819659819108621,-1.8011375304185644,-1.977842922157021,-0.03027063414530997,1.1334103593980858,0.14455571014617713,2.805625144635336,0.17,-0.55
1775609502.266062,-0.699311483935354,-1.890217452007184,-2.214080679072567,-0.033585205199430195,1.1348778843141298,0.21373463476276092,2.759847044944763,0.17,-0.6
1775609502.3660884,-0.699311483935354,-1.890217452007184,-2.214080679072567,-0.0467661815217026,1.1404873973440253,0.144217635389335,2.7155548334121704,0.17,-0.6
1775609502.4660652,-0.699311483935354,-1.890217452007184,-2.214080679072567,-0.06219336804507106,1.1478263607986388,0.13900076035779216,2.675010085105896,0.17,-0.6
1775609502.5660613,-0.699311483935354,-1.890217452007184,-2.214080679072567,-0.07684680640637608,1.1557387027742676,0.19638031441230644,2.6251662969589233,0.17,-0.6
1775609502.6660962,-0.699311483935354,-1.890217452007184,-2.214080679072567,-0.08821067111866168,1.1625259344217116,0.12843732162530436,2.575327754020691,0.17,-0.6
1775609502.766063,-0.699311483935354,-1.890217452007184,-2.214080679072567,-0.10211767581348487,1.1717331120802947,0.13274640899314744,2.5282598733901978,0.17,-0.6
1775609502.866072,-0.7679674029200539,-1.9542952604569859,-2.4909998902631645,-0.1160860585504493,1.1819168042202843,0.14300976223522943,2.491921067237854,0.17,-0.6
1775609502.9660773,-0.7679674029200539,-1.9542952604569859,-2.4909998902631645,-0.12921781949157274,1.1925646501693996,0.2079192692340636,2.440255045890808,0.17,-0.6
1775609503.0660686,-0.7679674029200539,-1.9542952604569859,-2.4909998902631645,-0.13928982336435736,1.2014238045319274,0.13751056426847463,2.3946973085403442,0.17,-0.6
1775609503.166061,-0.7679674029200539,-1.9542952604569859,-2.4909998902631645,-0.15133518328039686,1.2130692574004374,0.13808920332619073,2.3430274724960327,0.17,-0.6
1775609503.2660627,-0.7679674029200539,-1.9542952604569859,-2.4909998902631645,-0.16274165805073765,1.2252033800951923,0.14013863276773245,2.3041912317276,0.17,-0.6
1775609503.366172,-0.7679674029200539,-1.9542952604569859,-2.4909998902631645,-0.17396825681713607,1.2383809630665694,0.20795427339649297,2.258343815803528,0.17,-0.6
1775609503.4661524,-0.8499142816261881,-2.012349061058907,-2.7848725694592757,-0.18426778911765174,1.2516920172780748,0.2026725723441977,2.2107244729995728,0.17,-0.6
1775609503.5660963,-0.8499142816261881,-2.012349061058907,-2.7848725694592757,-0.19219604760757242,1.2628241520061898,0.13253113218750415,2.1632882356643677,0.17,-0.6
1775609503.6661386,-0.8499142816261881,-2.012349061058907,-2.7848725694592757,-0.2015646572330423,1.277321529910034,0.13795325734741404,2.123740315437317,0.17,-0.6
1775609503.7661004,-0.8499142816261881,-2.012349061058907,-2.7848725694592757,-0.21001209349521158,1.2919661886473837,0.20655765766947473,2.0754305124282837,0.17,-0.6
1775609503.8662052,-0.8499142816261881,-2.012349061058907,-2.7848725694592757,-0.21637882953748863,1.304088106514265,0.14206557157454122,2.0299001932144165,0.17,-0.6
1775609503.9660857,-0.8499142816261881,-2.012349061058907,-2.7848725694592757,-0.22351348957156844,1.3192197038276758,0.13262017195117723,1.983234763145447,0.17,-0.6
1775609504.0661995,-0.9502869608063425,-2.0413917968597213,-3.0322999538786215,-0.22985992892059104,1.3344522659265643,0.13043430485944302,1.942893624305725,0.17,-0.6
1775609504.1661031,-0.9502869608063425,-2.0413917968597213,-3.0322999538786215,-0.23561218765978487,1.3506187309153808,0.2054753541992576,1.8926011323928833,0.17,-0.6
1775609504.2660682,-0.9502869608063425,-2.0413917968597213,-3.0322999538786215,-0.239618809232094,1.363605502640984,0.138896599332878,1.8426247835159302,0.17,-0.6
1775609504.3661249,-0.9502869608063425,-2.0413917968597213,-3.0322999538786215,-0.2440014672151127,1.3804056649069796,0.141527312067365,1.8054431676864624,0.17,-0.6
1775609504.466164,-0.9502869608063425,-2.0413917968597213,-3.0322999538786215,-0.2475494892699079,1.39740118945415,0.20944020577792707,1.7571550607681274,0.17,-0.6
1775609504.5660985,-0.9502869608063425,-2.0413917968597213,-3.0322999538786215,-0.24986441278203678,1.4112042822150752,0.14140538595681607,1.7106839418411255,0.17,-0.6
1775609504.6661317,-1.0521793098413825,-2.0392502892531836,2.9651739485334963,-0.25193841057826866,1.4281107915697435,0.13562308656264244,1.67000687122345,0.17,-0.6
1775609504.766116,-1.0521793098413825,-2.0392502892531836,2.9651739485334963,-0.25314372037731764,1.4452278113184531,0.20563037552927324,1.620921015739441,0.17,-0.6
1775609504.866138,-1.0521793098413825,-2.0392502892531836,2.9651739485334963,-0.2535508401102451,1.4590911715314934,0.1390253421786902,1.5748660564422605,0.17,-0.6
1775609504.9662259,-1.0521793098413825,-2.0392502892531836,2.9651739485334963,-0.2533058663534586,1.4764517677715927,0.14015979003655676,1.5355833768844604,0.17,-0.6
1775609505.066196,-1.0521793098413825,-2.0392502892531836,2.9651739485334963,-0.25252119386299077,1.4902988251065807,0.13708230371651045,1.4879324436187746,0.17,-0.6
1775609505.166109,-1.0521793098413825,-2.0392502892531836,2.9651739485334963,-0.2507779977363976,1.5072678219568467,0.13593959599410343,1.4414913654327393,0.17,-0.6
1775609505.266168,-1.1616890624406095,-2.0060603098491927,2.690233802899167,-0.24830503580983332,1.5238647326915657,0.13576834211703553,1.4005346298217773,0.17,-0.6
1775609505.3661678,-1.1616890624406095,-2.0060603098491927,2.690233802899167,-0.244899715348722,1.5407862910126835,0.20731685134910163,1.3547508716583252,0.17,-0.65
1775609505.466079,-1.1616890624406095,-2.0060603098491927,2.690233802899167,-0.24161940649966848,1.5543401877960301,0.1391218766890501,1.3070821762084963,0.17,-0.7
1775609505.5661597,-1.1616890624406095,-2.0060603098491927,2.690233802899167,-0.23676829892058546,1.5710636319199247,0.1393400388858997,1.265178918838501,0.17,-0.75
1775609505.6661155,-1.1616890624406095,-2.0060603098491927,2.690233802899167,-0.23124579509803828,1.5868548520374148,0.1968967020252926,1.213997721672058,0.17,-0.85
1775609505.7660987,-1.1616890624406095,-2.0060603098491927,2.690233802899167,-0.22645331362216395,1.5987026889510343,0.1326468403513876,1.1531392335891721,0.17,-0.8999999999999999
1775609505.8661048,-1.225641114048918,-1.9579053817524283,2.407690677072623,-0.21951632130477938,1.6134236249366598,0.1315561451760547,1.102830410003662,0.17,-0.95
1775609505.9661438,-1.225641114048918,-1.9579053817524283,2.407690677072623,-0.211895780978134,1.6271974940624732,0.1932951930251261,1.0401312112808228,0.17,-0.9999999999999999
1775609506.0661347,-1.225641114048918,-1.9579053817524283,2.407690677072623,-0.20510693456650034,1.6380254148786604,0.12794777173571892,0.9740562438964844,0.17,-1.0499999999999998
1775609506.1661026,-1.225641114048918,-1.9579053817524283,2.407690677072623,-0.19606571408493045,1.6506325006468934,0.12089623249459111,0.9169238805770874,0.17,-1.15
1775609506.2661777,-1.2759594848850302,-1.8994199237856686,2.166254767279756,-0.18629444328831252,1.6623539911068694,0.17165658278385934,0.847218155860901,0.17,-1.2
1775609506.366131,-1.2759594848850302,-1.8994199237856686,2.166254767279756,-0.17805040005800352,1.6710670594795034,0.11665424630349444,0.7707382440567017,0.17,-1.25
1775609506.4661298,-1.2759594848850302,-1.8994199237856686,2.166254767279756,-0.16716686428780375,1.681028788783463,0.11847232089061062,0.7053163051605223,0.17,-1.3
1775609506.566102,-1.2759594848850302,-1.8994199237856686,2.166254767279756,-0.15581261966168364,1.6897595923973237,0.17548269992661972,0.6222378611564636,0.17,-1.3
1775609506.6661322,-1.2882475097000938,-1.8383878759595924,1.8702016499474903,-0.14647458321931303,1.69596210659165,0.1095721921820576,0.540035843849182,0.17,-1.3
1775609506.7661026,-1.2882475097000938,-1.8383878759595924,1.8702016499474903,-0.13439320296657017,1.7027188697907023,0.11112546267112583,0.4626331925392151,0.17,-1.3
1775609506.86609,-1.2882475097000938,-1.8383878759595924,1.8702016499474903,-0.12188060479707083,1.7084587814242573,0.10971993741520772,0.3818541765213013,0.17,-1.3
1775609506.9661512,-1.2882475097000938,-1.8383878759595924,1.8702016499474903,-0.10900856561224326,1.713197673586063,0.11438945003390645,0.3172136545181275,0.0,0.0
1775609507.0661244,-1.3025186803248223,-1.778033883777448,1.568484837273086,-0.09725399998703872,1.7165512506359242,0.13760604826207923,0.25477069616317743,0.0,0.0
1775609507.1662257,-1.3025186803248223,-1.778033883777448,1.568484837273086,-0.09347382743870204,1.7175016503743137,0.030926856468139308,0.2386218309402466,0.0,0.0
1775609507.266138,-1.3025186803248223,-1.778033883777448,1.568484837273086,-0.09300645318545225,1.717614915631032,0.002022039582831178,0.23704946041107178,0.0,0.0
1775609507.3660972,-1.3025186803248223,-1.778033883777448,1.568484837273086,-0.09295724533333315,1.7176267946321149,0.001008773153567312,0.23689568042755127,0.0,0.0
1775609507.4661891,-1.3025186803248223,-1.778033883777448,1.568484837273086,-0.09295724533333315,1.7176267946321149,0.0,0.23687040805816648,0.0,0.0
1775609507.5661047,-1.3025186803248223,-1.778033883777448,1.568484837273086,-0.09298184924310578,1.7176208550641145,-0.0005067423000040747,0.23686933517456055,0.0,0.0
1775609507.6660903,-1.3025186803248223,-1.778033883777448,1.568484837273086,-0.09295724535156559,1.71762679470764,0.0,0.23688000440597534,0.0,0.0
1775609507.7661033,-1.3025186803248223,-1.778033883777448,1.568484837273086,-0.09295724535156559,1.71762679470764,0.0,0.2368670105934143,0.0,0.0
1775609507.866095,-1.3025186803248223,-1.778033883777448,1.568484837273086,-0.09295724535156559,1.71762679470764,0.0,0.23689168691635132,0.0,0.0
1775609507.9660907,-1.3025186803248223,-1.778033883777448,1.568484837273086,-0.09295724535156559,1.71762679470764,0.0,0.23689651489257812,0.0,0.0
1775609508.066129,-1.3025186803248223,-1.778033883777448,1.568484837273086,-0.09295724545742343,1.7176267951461248,-0.000505870878316716,0.23686087131500244,0.0,0.0
1775609508.1661098,-1.3025186803248223,-1.778033883777448,1.568484837273086,-0.09295724545742343,1.7176267951461248,0.0,0.23684829473495483,0.0,0.0
1775609508.2661796,-1.3025186803248223,-1.778033883777448,1.568484837273086,-0.09295724545742343,1.7176267951461248,0.0,0.23686879873275757,0.0,0.0
1775609508.36615,-1.3025186803248223,-1.778033883777448,1.568484837273086,-0.09293264149224682,1.7176327344846165,0.0005049950932864712,0.2368607521057129,0.0,0.0
1775609508.4661396,-1.3025186803248223,-1.778033883777448,1.568484837273086,-0.09295724537316606,1.717626794797096,0.0,0.23685777187347412,0.0,0.0
1775609508.5661397,-1.3025186803248223,-1.778033883777448,1.568484837273086,-0.0929326414359566,1.717632734251442,0.0010130398776191886,0.23686176538467407,0.0,0.0
1775609508.6661117,-1.3025186803248223,-1.778033883777448,1.568484837273086,-0.09295724545352604,1.7176267951299942,0.0,0.23690783977508545,0.0,0.0
1775609508.7661307,-1.3025186803248223,-1.778033883777448,1.568484837273086,-0.09298184952880201,1.717620856247587,-0.001012923746610462,0.23687714338302612,0.0,0.0
1775609508.8661487,-1.3025186803248223,-1.778033883777448,1.568484837273086,-0.0929326415697742,1.717632734805783,0.0005064391737083544,0.23686426877975464,0.0,0.0
1775609508.9661407,-1.3025186803248223,-1.778033883777448,1.568484837273086,-0.0929326415697742,1.717632734805783,0.0,0.23689615726470944,0.0,0.0
1775609509.0661395,-1.3025186803248223,-1.778033883777448,1.568484837273086,-0.0929326415504806,1.7176327347258582,0.000505763476368584,0.23688966035842893,0.0,0.0
1775609509.1661394,-1.3025186803248223,-1.778033883777448,1.568484837273086,-0.09293264147683913,1.7176327344208255,0.0005063035758783616,0.23686486482620242,0.0,0.0
1775609509.2661412,-1.3025186803248223,-1.778033883777448,1.568484837273086,-0.09295724532217761,1.7176267945859212,-0.0005059714782214435,0.2369111180305481,0.0,0.0
1775609509.3661363,-1.3025186803248223,-1.778033883777448,1.568484837273086,-0.09295724544910916,1.7176267951116608,-0.0005067201027788954,0.2368683815002441,0.0,0.0
1775609509.4661784,-1.3025186803248223,-1.778033883777448,1.568484837273086,-0.09295724544910916,1.7176267951116608,0.0,0.236869215965271,0.0,0.0
1775609509.5661013,-1.3025186803248223,-1.778033883777448,1.568484837273086,-0.09293264162094181,1.7176327350176905,0.0005061738508698149,0.23689919710159302,0.0,0.0
1775609509.666215,-1.3025186803248223,-1.778033883777448,1.568484837273086,-0.09293264161722439,1.7176327350022922,0.0005066334730782317,0.23689794540405273,0.0,0.0
1775609509.7661204,-1.3025186803248223,-1.778033883777448,1.568484837273086,-0.09295724560577406,1.7176267957605882,0.0005065405370694928,0.23693501949310303,0.0,0.0
1775609509.8661647,-1.3025186803248223,-1.778033883777448,1.568484837273086,-0.09295724560577406,1.7176267957605882,0.0,0.23689925670623777,0.0,0.0
1775609509.9661372,-1.3025186803248223,-1.778033883777448,1.568484837273086,-0.09293264166980376,1.7176327352200669,0.0005065452915318115,0.23686563968658444,0.0,0.0
1775609510.0662017,-1.3025186803248223,-1.778033883777448,1.568484837273086,-0.09293264166980376,1.7176327352200669,0.0,0.2369081974029541,0.0,0.0
1775609510.1661317,-1.3025186803248223,-1.778033883777448,1.568484837273086,-0.09293264166980376,1.7176327352200669,0.0,0.2369086742401123,0.0,0.0
1775609510.2661803,-1.3025186803248223,-1.778033883777448,1.568484837273086,-0.09298184926966671,1.7176208551741006,-0.0005065986104741079,0.23688477277755737,0.0,0.0
1775609510.3660908,-1.3025186803248223,-1.778033883777448,1.568484837273086,-0.092957245243588,1.7176267942603554,-0.0005065986206137839,0.23693126440048218,0.0,0.0
1775609510.4661384,-1.3025186803248223,-1.778033883777448,1.568484837273086,-0.092957245243588,1.7176267942603554,0.0,0.23687100410461426,0.0,0.0
1775609510.5661356,-1.3025186803248223,-1.778033883777448,1.568484837273086,-0.092957245243588,1.7176267942603554,0.0,0.2368631958961487,0.0,0.0
1775609510.6661148,-1.3025186803248223,-1.778033883777448,1.568484837273086,-0.0929572452508453,1.7176267942904189,-0.0005069749095144295,0.2368607521057129,0.0,0.0
1775609510.7661605,-1.3025186803248223,-1.778033883777448,1.568484837273086,-0.0929572452508453,1.7176267942904189,0.0,0.23689675331115723,0.0,0.0
1775609510.8661683,-1.3025186803248223,-1.778033883777448,1.568484837273086,-0.09293264141665918,1.717632734171518,0.0,0.2368868589401245,0.0,0.0
1775609510.966102,-1.3025186803248223,-1.778033883777448,1.568484837273086,-0.09295724513772362,1.7176267938218723,0.0,0.2369091510772705,0.0,0.0
1775609511.0660958,-1.3025186803248223,-1.778033883777448,1.568484837273086,-0.09293264138939586,1.7176327340585977,0.0,0.23685920238494873,0.0,0.0
1775609511.1660955,-1.3025186803248223,-1.778033883777448,1.568484837273086,-0.09295724537652106,1.7176267948110298,0.0,0.23684048652648926,0.005,0.0
1775609511.2661476,-1.3025186803248223,-1.778033883777448,1.568484837273086,-0.09293264140479524,1.717632734122391,0.0,0.2369129657745361,0.01,0.0
1775609511.3661923,-1.3025186803248223,-1.778033883777448,1.568484837273086,-0.09295724538253922,1.7176267948359605,-0.0005069680348454722,0.23685497045516968,0.015,0.0
1775609511.466203,-1.3025186803248223,-1.778033883777448,1.568484837273086,-0.09256352960143255,1.717721607128914,0.005559070687173516,0.23584890365600586,0.02,0.0
1775609511.5661967,-1.3025186803248223,-1.778033883777448,1.568484837273086,-0.09160373512822008,1.7179522455533607,0.014174166926452163,0.2359302043914795,0.025,0.0
1775609511.6661801,-1.3025186803248223,-1.778033883777448,1.568484837273086,-0.08983184427569069,1.7183781951984871,0.023837320357199467,0.2358109951019287,0.03,0.0
1775609511.7661455,-1.3025186803248223,-1.778033883777448,1.568484837273086,-0.08805992782426574,1.7188040383394185,0.019719973307704395,0.23566162586212158,0.034999999999999996,0.0
1775609511.8661513,-1.3025186803248223,-1.778033883777448,1.568484837273086,-0.08522986935965143,1.7194845616066652,0.0237514051018636,0.23606574535369873,0.039999999999999994,0.0
1775609511.9661362,-1.3025186803248223,-1.778033883777448,1.568484837273086,-0.08227661859521966,1.7201940640570306,0.0373941569127318,0.23526310920715335,0.04,-0.05
1775609512.0661805,-1.3025186803248223,-1.778033883777448,1.568484837273086,-0.07976577008286602,1.7207946992572296,0.027402344351072437,0.2342730760574341,0.04,-0.1
1775609512.166148,-1.3025186803248223,-1.778033883777448,1.568484837273086,-0.07602214663452417,1.7216814873149833,0.033269072412582264,0.2289828658103943,0.04,-0.15000000000000002
1775609512.2661722,-1.3025186803248223,-1.778033883777448,1.568484837273086,-0.07192627143821183,1.7226179401836639,0.03335713020620655,0.21996593475341797,0.04,-0.25
1775609512.3660932,-1.3025186803248223,-1.778033883777448,1.568484837273086,-0.06868500542618407,1.7233163892923624,0.0328214755772634,0.201693594455719,0.04,-0.3
1775609512.4660954,-1.3025186803248223,-1.778033883777448,1.568484837273086,-0.06456185218712508,1.7241241254140116,0.03335452868201055,0.18240505456924438,0.04,-0.30000000000000004
1775609512.566093,-1.3025186803248223,-1.778033883777448,1.568484837273086,-0.060343805213082496,1.7248342975246094,0.051035901476665126,0.15555739402770993,0.04,-0.30000000000000004
1775609512.6661115,-1.3025186803248223,-1.778033883777448,1.568484837273086,-0.0568862198918679,1.7253288685239732,0.0354262658852565,0.12575554847717288,0.04,-0.30000000000000004
1775609512.7660937,-1.3025186803248223,-1.778033883777448,1.568484837273086,-0.052586607259830595,1.7258242008465436,0.03392545042194458,0.1013699173927307,0.04,-0.30000000000000004
1775609512.8660789,-1.3025186803248223,-1.778033883777448,1.568484837273086,-0.04827350274211932,1.7261830491287842,0.05258654085915635,0.07078593969345093,0.04,-0.30000000000000004
1775609512.9660895,-1.3025186803248223,-1.778033883777448,1.568484837273086,-0.044862276443494366,1.7263789802161147,0.034428535724381995,0.04109394550323487,0.04,-0.30000000000000004
1775609513.0660899,-1.3025186803248223,-1.778033883777448,1.568484837273086,-0.040612016223574035,1.726504487750378,0.03450708893404601,0.015725582838058468,0.04,-0.30000000000000004
1775609513.1661713,-1.2955902989017394,-1.7167937848933978,1.3424761195651431,-0.03633465327555015,1.7264914953789012,0.05210155462388033,-0.015402734279632567,0.04,-0.30000000000000004
1775609513.2661517,-1.2955902989017394,-1.7167937848933978,1.3424761195651431,-0.03302045266195692,1.7263951256819505,0.03330859804642575,-0.046233803033828735,0.04,-0.30000000000000004
1775609513.3661017,-1.2955902989017394,-1.7167937848933978,1.3424761195651431,-0.028648954926605484,1.7261446368115976,0.03494954845295782,-0.07097336649894714,0.04,-0.30000000000000004
1775609513.4660978,-1.2955902989017394,-1.7167937848933978,1.3424761195651431,-0.024338412082888148,1.7257562980265921,0.052109148616532944,-0.1022869646549225,0.04,-0.30000000000000004
1775609513.5660708,-1.2955902989017394,-1.7167937848933978,1.3424761195651431,-0.020944730879397955,1.7253591697065052,0.03338028605422855,-0.13357800245285034,0.04,-0.30000000000000004
1775609513.666054,-1.2955902989017394,-1.7167937848933978,1.3424761195651431,-0.016786531453404547,1.7247575031475455,0.032369334660203766,-0.15750257670879364,0.04,-0.30000000000000004
1775609513.7660787,-1.2955902989017394,-1.7167937848933978,1.3424761195651431,-0.01267454767270245,1.7240282526752633,0.04856107697137567,-0.18755108118057254,0.04,-0.25000000000000006
1775609513.8660676,-1.2955902989017394,-1.7167937848933978,1.3424761195651431,-0.008660652311551432,1.7231913476040546,0.049102238557491656,-0.21822047233581543,0.04,-0.20000000000000007
1775609513.9660833,-1.2835027757396462,-1.688990655937975,1.1185690793504601,-0.005432719645310332,1.7224338163960224,0.03340389087096175,-0.24418210983276367,0.04,-0.20000000000000004
1775609514.0661447,-1.2835027757396462,-1.688990655937975,1.1185690793504601,-0.0014628014427626335,1.72140808740557,0.03387871367646287,-0.2625887840986252,0.04,-0.15000000000000002
1775609514.1661434,-1.2835027757396462,-1.688990655937975,1.1185690793504601,0.00267914548631397,1.7202427062602543,0.05166971993610089,-0.28141753375530243,0.04,-0.10000000000000003
1775609514.266106,-1.2835027757396462,-1.688990655937975,1.1185690793504601,0.006028647874027725,1.719252309609366,0.03489586411011638,-0.2940678596496582,0.04,-0.10000000000000003
1775609514.3661501,-1.2835027757396462,-1.688990655937975,1.1185690793504601,0.010117034350161345,1.7179945147026714,0.03437063311005496,-0.30386295169591904,0.04,-0.10000000000000003
1775609514.4661481,-1.2835027757396462,-1.688990655937975,1.1185690793504601,0.01414178342969361,1.7167030752779444,0.04960984221715985,-0.3149311877787114,0.04,-0.10000000000000003
1775609514.5661497,-1.2835027757396462,-1.688990655937975,1.1185690793504601,0.017386052731569186,1.7156306209232113,0.0343853676850228,-0.3236515969038009,0.04,-0.10000000000000003
1775609514.6661203,-1.2835027757396462,-1.688990655937975,1.1185690793504601,0.02138419900002868,1.714259036024648,0.051596413419032275,-0.3349227253347635,0.04,-0.10000000000000003
1775609514.766136,-1.2835027757396462,-1.688990655937975,1.1185690793504601,0.024582772615704816,1.7131311038491792,0.03342171202268923,-0.3443048298358917,0.04,-0.10000000000000003
1775609514.8660827,-1.2835027757396462,-1.688990655937975,1.1185690793504601,0.028530875125769357,1.7116938941703028,0.033409771232989445,-0.355749468319118,0.04,-0.10000000000000003
1775609514.9660802,-1.2835027757396462,-1.688990655937975,1.1185690793504601,0.03248699244549898,1.7102054013189454,0.03488402934349416,-0.36425767047330737,0.04,-0.10000000000000003
1775609515.066108,-1.2835027757396462,-1.688990655937975,1.1185690793504601,0.036474651518494654,1.7086576551225536,0.05106202383566045,-0.37445451598614454,0.04,-0.10000000000000003
1775609515.1661854,-1.2835027757396462,-1.688990655937975,1.1185690793504601,0.03950716942293258,1.707447492326762,0.03490679848395885,-0.3853730037808418,0.04,-0.10000000000000003
1775609515.2661288,-1.2835027757396462,-1.688990655937975,1.1185690793504601,0.04330087910341376,1.705891725764644,0.033317386378072966,-0.39386269450187683,0.04,-0.10000000000000003
1775609515.3661318,-1.2835027757396462,-1.688990655937975,1.1185690793504601,0.04714730104504812,1.7042650425784247,0.05057145364381233,-0.4043635204434395,0.045,-0.10000000000000003
1775609515.466132,-1.2835027757396462,-1.688990655937975,1.1185690793504601,0.05021279341832688,1.7029364955318944,0.03287712371759558,-0.41445874050259585,0.049999999999999996,-0.10000000000000003
1775609515.5661044,-1.2835027757396462,-1.688990655937975,1.1185690793504601,0.05407500583265518,1.70121900718212,0.032911893152951927,-0.4242907986044883,0.05499999999999999,-0.10000000000000003
1775609515.6661353,-1.2835027757396462,-1.688990655937975,1.1185690793504601,0.05842741596633262,1.6992339593143055,0.039508555228049295,-0.4321374222636223,0.05999999999999999,-0.10000000000000003
1775609515.7661526,-1.2483132446469851,-1.6203465152406988,0.8893840966663588,0.06307977154850017,1.6970533227818907,0.06061062377198061,-0.4424092695116997,0.06499999999999999,-0.10000000000000003
1775609515.8660693,-1.2483132446469851,-1.6203465152406988,0.8893840966663588,0.06711981595210986,1.695117281283886,0.04803903203066391,-0.4517240971326828,0.075,-0.10000000000000003
1775609515.966058,-1.2483132446469851,-1.6203465152406988,0.8893840966663588,0.07264177831118276,1.6924087121178215,0.05104386328743357,-0.460949569940567,0.08,-0.10000000000000003
1775609516.066109,-1.2483132446469851,-1.6203465152406988,0.8893840966663588,0.07858544772661452,1.6894113240817288,0.08013204244304296,-0.47080767899751663,0.085,-0.10000000000000003
1775609516.166138,-1.2483132446469851,-1.6203465152406988,0.8893840966663588,0.08393996956468593,1.686651483751168,0.06340533362633491,-0.48174810409545893,0.09,-0.10000000000000003
1775609516.2661436,-1.2483132446469851,-1.6203465152406988,0.8893840966663588,0.09103309023892478,1.682901347205594,0.06601072395245385,-0.49271050095558167,0.095,-0.10000000000000003
1775609516.3661416,-1.2483132446469851,-1.6203465152406988,0.8893840966663588,0.09888903157422634,1.6786455066889105,0.07202342154626001,-0.5015634596347809,0.09999999999999999,-0.10000000000000003
1775609516.4660983,-1.2483132446469851,-1.6203465152406988,0.8893840966663588,0.10729187588084499,1.67396590623507,0.1045748103295247,-0.5122987329959869,0.09999999999999999,-0.10000000000000003
1775609516.5660954,-1.2483132446469851,-1.6203465152406988,0.8893840966663588,0.11433063047048048,1.6699589085918438,0.0811274108147809,-0.5233656316995621,0.09999999999999999,-0.10000000000000003
1775609516.6661339,-1.2483132446469851,-1.6203465152406988,0.8893840966663588,0.1234988058820637,1.66462843133611,0.08718513231543547,-0.5306745618581772,0.09999999999999999,-0.10000000000000003
1775609516.7661273,-1.2483132446469851,-1.6203465152406988,0.8893840966663588,0.13261805307260408,1.659214689251124,0.12154910446275184,-0.5394319444894791,0.09999999999999999,-0.10000000000000003
1775609516.8661146,-1.2483132446469851,-1.6203465152406988,0.8893840966663588,0.14000554435374038,1.6547517510234888,0.08563194979771546,-0.5481043159961699,0.09999999999999999,-0.10000000000000003
1775609516.9661186,-1.2483132446469851,-1.6203465152406988,0.8893840966663588,0.14916840751494087,1.6491165482455066,0.08420887651229221,-0.5554797351360322,0.09999999999999999,-0.10000000000000003
1775609517.0660992,-1.2483132446469851,-1.6203465152406988,0.8893840966663588,0.1580373874442897,1.6435360364386828,0.12175962424388702,-0.5653677135705948,0.09999999999999999,-0.10000000000000003
1775609517.1660967,-1.2483132446469851,-1.6203465152406988,0.8893840966663588,0.16657436942260995,1.638046654666248,0.11355711045564032,-0.576004147529602,0.09999999999999999,-0.10000000000000003
1775609517.2661176,-1.2483132446469851,-1.6203465152406988,0.8893840966663588,0.17334154539188545,1.6335963363510757,0.07119359055178232,-0.5880502164363861,0.09999999999999999,-0.10000000000000003
1775609517.3660944,-1.2483132446469851,-1.6203465152406988,0.8893840966663588,0.18210104503951885,1.627708277792646,0.08672193186511659,-0.5974019169807435,0.09999999999999999,-0.10000000000000003
1775609517.4661436,-1.2483132446469851,-1.6203465152406988,0.8893840966663588,0.19066761414445246,1.621851339401088,0.0804346255407795,-0.6031457036733627,0.09999999999999999,-0.10000000000000003
1775609517.566076,-1.2483132446469851,-1.6203465152406988,0.8893840966663588,0.19922227602919443,1.6158880794180077,0.1267816870279893,-0.6122056841850281,0.09999999999999999,-0.10000000000000003
1775609517.6660929,-1.2483132446469851,-1.6203465152406988,0.8893840966663588,0.20767879059855357,1.6098733645743164,0.11876459483589587,-0.6218801438808441,0.09999999999999999,-0.10000000000000003
1775609517.7661629,-1.2483132446469851,-1.6203465152406988,0.8893840966663588,0.21603414349144906,1.6038046549660179,0.11147471968174053,-0.6331654489040375,0.09999999999999999,-0.10000000000000003
1775609517.8660953,-1.2483132446469851,-1.6203465152406988,0.8893840966663588,0.22274686549032738,1.5988343782664156,0.08166683893944711,-0.6428867876529694,0.09999999999999999,-0.05000000000000003
1775609517.9660995,-1.1061251511583021,-1.481493230409385,0.6644044017120554,0.23086365013138505,1.5926987633175536,0.08462920293693149,-0.6521916091442108,0.09999999999999999,-2.7755575615628914e-17
1775609518.0661666,-1.1061251511583021,-1.481493230409385,0.6644044017120554,0.2392459759796267,1.5862850879552657,0.08563409098335018,-0.6545890271663666,0.09999999999999999,-2.7755575615628914e-17
1775609518.1661477,-1.1061251511583021,-1.481493230409385,0.6644044017120554,0.24605171967780928,1.5810597851358668,0.0849096775644869,-0.6548845171928407,0.09999999999999999,-2.7755575615628914e-17
1775609518.2661445,-1.1061251511583021,-1.481493230409385,0.6644044017120554,0.25449975994819624,1.574565428853994,0.08601909252781555,-0.6556025743484497,0.09999999999999999,-2.7755575615628914e-17
1775609518.3661258,-1.1061251511583021,-1.481493230409385,0.6644044017120554,0.2629373561302001,1.568057511504886,0.08549013318983212,-0.6578318178653718,0.09999999999999999,-2.7755575615628914e-17
1775609518.4661188,-1.1061251511583021,-1.481493230409385,0.6644044017120554,0.2713201233905497,1.5615614376922813,0.12636932686936841,-0.659927248954773,0.09999999999999999,-2.7755575615628914e-17
1775609518.5660837,-1.1061251511583021,-1.481493230409385,0.6644044017120554,0.2779954932179393,1.5563743727711932,0.08439592417856202,-0.6613950431346893,0.09999999999999999,-2.7755575615628914e-17
1775609518.666154,-1.1061251511583021,-1.481493230409385,0.6644044017120554,0.28630706703877856,1.5499104155892258,0.0970502798403891,-0.6602067947387695,0.09999999999999999,-2.7755575615628914e-17
1775609518.7661304,-1.1061251511583021,-1.481493230409385,0.6644044017120554,0.2946930993556587,1.5434185590911993,0.12929661609480333,-0.6573954522609711,0.09999999999999999,-2.7755575615628914e-17
1775609518.8661969,-1.1061251511583021,-1.481493230409385,0.6644044017120554,0.30158852537425473,1.5381022834581304,0.08546895858334298,-0.6563690900802612,0.105,-2.7755575615628914e-17
1775609518.9661403,-1.1061251511583021,-1.481493230409385,0.6644044017120554,0.30997181937956875,1.5316482953394581,0.08462005314972781,-0.6557468473911285,0.11499999999999999,-2.7755575615628914e-17
1775609519.066108,-1.1061251511583021,-1.481493230409385,0.6644044017120554,0.3185175402660367,1.5250733597872086,0.12890918138565866,-0.6558596193790436,0.11999999999999998,-2.7755575615628914e-17
1775609519.16612,-1.1061251511583021,-1.481493230409385,0.6644044017120554,0.32547546677586703,1.519713791263461,0.08952172023319221,-0.65667924284935,0.11999999999999998,-2.7755575615628914e-17
1775609519.2661397,-1.1061251511583021,-1.481493230409385,0.6644044017120554,0.3343291759871447,1.5128750764879377,0.09103458435754867,-0.6582083106040955,0.11999999999999998,-0.05000000000000003
1775609519.3662179,-1.1061251511583021,-1.481493230409385,0.6644044017120554,0.3436540930893163,1.5056526987003778,0.1420901106210086,-0.6593950390815734,0.11999999999999998,-0.15000000000000002
1775609519.466094,-1.1061251511583021,-1.481493230409385,0.6644044017120554,0.35112210913327196,1.4998357067674453,0.0951870582216953,-0.665679395198822,0.11999999999999998,-0.2
1775609519.5661564,-1.1061251511583021,-1.481493230409385,0.6644044017120554,0.3604294321742842,1.4924677428988242,0.09497919370486949,-0.6744343042373657,0.11999999999999998,-0.25
1775609519.6661408,-1.1061251511583021,-1.481493230409385,0.6644044017120554,0.3693811649401913,1.4851425291655764,0.14168956933890373,-0.693334698677063,0.11999999999999998,-0.3
1775609519.7661572,-1.1061251511583021,-1.481493230409385,0.6644044017120554,0.3765521733419811,1.479041233908716,0.09422115594292838,-0.7198430299758911,0.11999999999999998,-0.35
1775609519.8660705,-1.1061251511583021,-1.481493230409385,0.6644044017120554,0.38526819335776485,1.471208322049581,0.09470600339452136,-0.7507194578647614,0.11999999999999998,-0.39999999999999997
1775609519.9661336,-1.1061251511583021,-1.481493230409385,0.6644044017120554,0.3932861619538654,1.463552713057498,0.09585372142768693,-0.7768262922763823,0.11999999999999998,-0.44999999999999996
1775609520.066162,-1.1061251511583021,-1.481493230409385,0.6644044017120554,0.4012738073515381,1.4553277809011382,0.16285668274048903,-0.8146323263645172,0.11999999999999998,-0.49999999999999994
1775609520.1662,-1.1061251511583021,-1.481493230409385,0.6644044017120554,0.4091024532623667,1.4465744108717598,0.1395451204477923,-0.858613908290863,0.11999999999999998,-0.5499999999999999
1775609520.266086,-1.1061251511583021,-1.481493230409385,0.6644044017120554,0.41482475247629463,1.4396477477102214,0.08794747144817847,-0.9076568484306337,0.11999999999999998,-0.65
1775609520.3660655,-0.9107462141726015,-1.347428555137427,0.4150936429862602,0.42173564215859394,1.4304051807008864,0.08858577583511915,-0.9637444615364076,0.11999999999999998,-0.7
1775609520.4661398,-0.9107462141726015,-1.347428555137427,0.4150936429862602,0.42803549944688646,1.4209172520512485,0.08898048087499595,-1.0130224227905273,0.11999999999999998,-0.75
1775609520.5660572,-0.9107462141726015,-1.347428555137427,0.4150936429862602,0.4337389305176106,1.4109141458175343,0.13720198409983603,-1.0795477628707886,0.11999999999999998,-0.7999999999999999
1775609520.666123,-0.9107462141726015,-1.347428555137427,0.4150936429862602,0.43773802335045675,1.4028411316910874,0.0885531233558374,-1.1493149399757385,0.11999999999999998,-0.85
1775609520.7660906,-0.8513879850490731,-1.3400805294306992,0.17313615643386968,0.4420357755154052,1.3923776588739296,0.091212854319403,-1.2290023565292358,0.11999999999999998,-0.8999999999999999
1775609520.8661783,-0.8513879850490731,-1.3400805294306992,0.17313615643386968,0.4456038497334848,1.3812965796025238,0.09549905436784806,-1.2952656745910645,0.11999999999999998,-0.95
1775609520.9661005,-0.8513879850490731,-1.3400805294306992,0.17313615643386968,0.4481691901479434,1.3699167391874896,0.1260058638145783,-1.3851166963577273,0.11999999999999998,-0.9999999999999999
1775609521.0661042,-0.8513879850490731,-1.3400805294306992,0.17313615643386968,0.44953236845454686,1.36050075645902,0.0942790400849555,-1.4799013137817383,0.11999999999999998,-1.0499999999999998
1775609521.1661558,-0.8030881259410174,-1.3507615608680166,-0.1766777666299181,0.4501783356514725,1.3491060128462742,0.09028618063365251,-1.558028697967529,0.11999999999999998,-1.0999999999999999
1775609521.2661583,-0.8030881259410174,-1.3507615608680166,-0.1766777666299181,0.44967835546265705,1.3379078346475177,0.13033565590580165,-1.656345009803772,0.11999999999999998,-1.0999999999999999
1775609521.366102,-0.8030881259410174,-1.3507615608680166,-0.1766777666299181,0.44798140554168064,1.3267002936538632,0.1336768396113801,-1.763831377029419,0.11999999999999998,-1.0999999999999999
1775609521.4661818,-0.8030881259410174,-1.3507615608680166,-0.1766777666299181,0.44513791800411645,1.3157797239387852,0.12161653808091819,-1.869950771331787,0.11999999999999998,-1.0999999999999999
1775609521.5660841,-0.7752636248858634,-1.360461207628563,-0.5705665614418522,0.44203213801253743,1.3071901187327604,0.07990344964052092,-1.9776111841201782,0.11999999999999998,-1.0999999999999999
1775609521.6660855,-0.7752636248858634,-1.360461207628563,-0.5705665614418522,0.436975285189084,1.2967636764612398,0.09221883086043609,-2.088460922241211,0.11999999999999998,-1.0999999999999999
1775609521.7661872,-0.7547688523299013,-1.3855156806248723,-0.7737492107458096,0.4310294159439661,1.2872005747201012,0.08975001021154222,-2.17327880859375,0.11999999999999998,-1.0999999999999999
1775609521.866196,-0.7547688523299013,-1.3855156806248723,-0.7737492107458096,0.424052325791019,1.278396275378264,0.13631298461147748,-2.2862064838409424,0.11999999999999998,-1.0499999999999998
1775609521.9661438,-0.7398729562143629,-1.414474963277639,-0.9883216379680333,0.41598507222760334,1.270218510584617,0.13541157989347843,-2.3911179304122925,0.11999999999999998,-0.9999999999999999
1775609522.0661407,-0.7398729562143629,-1.414474963277639,-0.9883216379680333,0.4092208132319002,1.2644635408651135,0.08751666596153335,-2.4933007955551147,0.11999999999999998,-0.9499999999999998
1775609522.1661215,-0.7398729562143629,-1.414474963277639,-0.9883216379680333,0.399621697844092,1.2577916766458124,0.09642995676099292,-2.5928581953048706,0.11999999999999998,-0.8499999999999999
1775609522.2661452,-0.7398729562143629,-1.414474963277639,-0.9883216379680333,0.3894366622336224,1.2520511107502812,0.09507284927680688,-2.6705278158187866,0.11999999999999998,-0.7999999999999999
1775609522.3664522,-0.7242454096125943,-1.448753706811938,-1.3495176543970682,0.380836531444898,1.2481010755817723,0.0952921978022916,-2.7590237855911255,0.11999999999999998,-0.7499999999999999
1775609522.4661796,-0.7242454096125943,-1.448753706811938,-1.3495176543970682,0.3699910301149738,1.244159961311689,0.0948876572900023,-2.8400877714157104,0.11999999999999998,-0.7
1775609522.566361,-0.7242454096125943,-1.448753706811938,-1.3495176543970682,0.35912125709157705,1.2411204394146371,0.0882439226903078,-2.913697123527527,0.11999999999999998,-0.6499999999999999
1775609522.6661325,-0.7242454096125943,-1.448753706811938,-1.3495176543970682,0.34764420194928036,1.2387575411044767,0.09679444377637836,-2.968852400779724,0.11999999999999998,-0.6
1775609522.7661142,-0.7154416803611701,-1.5052037479519509,-1.6561747911942317,0.3383739788558146,1.2374384718880507,0.09468409845831167,-3.036908984184265,0.11999999999999998,-0.5499999999999999
1775609522.8661187,-0.7154416803611701,-1.5052037479519509,-1.6561747911942317,0.3267978527402973,1.2364665949318732,0.08999986161504243,-3.0836576223373413,0.11999999999999998,-0.5
1775609522.966118,-0.7154416803611701,-1.5052037479519509,-1.6561747911942317,0.31495731574419644,1.2361648925170932,0.14109788245397448,-3.13717782497406,0.11999999999999998,-0.45
1775609523.0660875,-0.7154416803611701,-1.5052037479519509,-1.6561747911942317,0.3057210704321589,1.2363299356017756,0.0944774789343982,3.097433511410849,0.11999999999999998,-0.35000000000000003
1775609523.1660662,-0.7262108977695914,-1.5473533275053,-1.880319506627106,0.2939744475857323,1.2370526379814561,0.09220892924511843,3.0548509995089934,0.11999999999999998,-0.30000000000000004
1775609523.266093,-0.7262108977695914,-1.5473533275053,-1.880319506627106,0.28234113018682366,1.2382345486333513,0.0945282869841757,3.0240303913699553,0.11999999999999998,-0.25000000000000006
1775609523.3660946,-0.7262108977695914,-1.5473533275053,-1.880319506627106,0.27083325554724597,1.2398247484589104,0.13827317488252924,2.9910740295993254,0.11999999999999998,-0.20000000000000007
1775609523.4661205,-0.7262108977695914,-1.5473533275053,-1.880319506627106,0.2615432415756891,1.2413558758263594,0.09364362688396996,2.963060084973471,0.11999999999999998,-0.15000000000000008
1775609523.5661232,-0.7262108977695914,-1.5473533275053,-1.880319506627106,0.2503508523338501,1.243466766430751,0.08811325648120642,2.9457303921328943,0.11999999999999998,-0.10000000000000007
1775609523.66609,-0.7262108977695914,-1.5473533275053,-1.880319506627106,0.2393546357543594,1.2457844997898946,0.13463243040333692,2.9267386833774016,0.11999999999999998,-0.05000000000000007
1775609523.7661157,-0.7262108977695914,-1.5473533275053,-1.880319506627106,0.22804685145242726,1.2483367950266517,0.13774327516949064,2.9151317516910003,0.11999999999999998,-6.938893903907228e-17
1775609523.8661096,-0.7262108977695914,-1.5473533275053,-1.880319506627106,0.21909964609809493,1.2504254925918226,0.08061078947769619,2.9098977486239836,0.11999999999999998,0.04999999999999993
1775609523.966075,-0.7262108977695914,-1.5473533275053,-1.880319506627106,0.2074487370021866,1.253179401684641,0.09577419691118783,2.9098011890994475,0.11999999999999998,0.09999999999999994
1775609524.0661223,-0.7262108977695914,-1.5473533275053,-1.880319506627106,0.1961409514484163,1.2558444906507507,0.09535624803798913,2.9118289391147063,0.11999999999999998,0.14999999999999994
1775609524.1662974,-0.7262108977695914,-1.5473533275053,-1.880319506627106,0.18496492741050372,1.2584055968907104,0.1277531939973742,2.9192425648318694,0.11999999999999998,0.19999999999999996
1775609524.2662206,-0.7262108977695914,-1.5473533275053,-1.880319506627106,0.17614114437385675,1.2603518390432746,0.09221181238196298,2.9314073959933684,0.11999999999999998,0.24999999999999994
1775609524.3661785,-0.7262108977695914,-1.5473533275053,-1.880319506627106,0.1651597250450498,1.2626167221217142,0.08863120026388588,2.9472979942904876,0.11999999999999998,0.29999999999999993
1775609524.466131,-0.7262108977695914,-1.5473533275053,-1.880319506627106,0.15348180369946543,1.2647463206853808,0.14351926793470235,2.971070233975546,0.11999999999999998,0.35
1775609524.566184,-0.7262108977695914,-1.5473533275053,-1.880319506627106,0.14215015993923483,1.2664928478263031,0.13991456846002256,3.00035018125643,0.11999999999999998,0.39999999999999997
1775609524.6661775,-0.7262108977695914,-1.5473533275053,-1.880319506627106,0.1330614416588755,1.2676504746097665,0.09169062486328991,3.0339648167239592,0.11999999999999998,0.44999999999999996
1775609524.7661293,-0.7262108977695914,-1.5473533275053,-1.880319506627106,0.12167126669883396,1.268716640661078,0.08919771508257354,3.070961419736044,0.11999999999999998,0.49999999999999994
1775609524.8661664,-0.7262108977695914,-1.5473533275053,-1.880319506627106,0.11045071160426494,1.269334494283945,0.08920404168040544,3.1050969997989104,0.11999999999999998,0.55
1775609524.966164,-0.7262108977695914,-1.5473533275053,-1.880319506627106,0.0989355020928483,1.2694248636682273,0.13841339358357943,-3.130022406578064,0.11999999999999998,0.6
1775609525.066142,-0.7262108977695914,-1.5473533275053,-1.880319506627106,0.08735523594377516,1.2689206584756458,0.13612815759450425,-3.075165867805481,0.11999999999999998,0.65
1775609525.1661854,-0.7262108977695914,-1.5473533275053,-1.880319506627106,0.07802859878549501,1.2680818725124345,0.0918610725687759,-3.0271328687667847,0.11999999999999998,0.7
1775609525.2661536,-0.7262108977695914,-1.5473533275053,-1.880319506627106,0.06644606956630093,1.2663091396434694,0.1429799065360611,-2.9628015756607056,0.11999999999999998,0.75
1775609525.366098,-0.8083725189617765,-1.761497965603014,-1.62920736619337,0.056994142680532385,1.2642809502133472,0.09918605196217781,-2.8900102376937866,0.11999999999999998,0.7999999999999999
1775609525.4661098,-0.8083725189617765,-1.761497965603014,-1.62920736619337,0.045539477255463354,1.26098307907873,0.09758195927644928,-2.828004240989685,0.11999999999999998,0.85
1775609525.5660954,-0.8083725189617765,-1.761497965603014,-1.62920736619337,0.03469499910784753,1.25689318800368,0.13694603387001947,-2.748440146446228,0.11999999999999998,0.8999999999999999
1775609525.6661198,-0.8083725189617765,-1.761497965603014,-1.62920736619337,0.02609445662935852,1.2529435352801235,0.09505939855105791,-2.664141058921814,0.11999999999999998,0.8999999999999999
1775609525.766144,-0.8149485016102884,-1.8052498627521572,-1.360277013077575,0.015940726328081203,1.247250104300262,0.09468893251126353,-2.5907024145126343,0.11999999999999998,0.8999999999999999
1775609525.8661158,-0.8149485016102884,-1.8052498627521572,-1.360277013077575,0.006374249467143447,1.240663023958269,0.1411641348011632,-2.5031529664993286,0.11999999999999998,0.8999999999999999
1775609525.9662213,-0.8149485016102884,-1.8052498627521572,-1.360277013077575,-0.0009287692918841842,1.2347638989595382,0.09476516057101518,-2.4144920110702515,0.11999999999999998,0.95
1775609526.0660868,-0.8149485016102884,-1.8052498627521572,-1.360277013077575,-0.009499283086601334,1.2265549130416014,0.09531158462838397,-2.321823000907898,0.11999999999999998,0.9999999999999999
1775609526.166175,-0.8080002803479986,-1.8506010911023334,-1.023366337427141,-0.01710209145891439,1.2178069562073937,0.09522247467491891,-2.241960048675537,0.11999999999999998,1.0499999999999998
1775609526.2661014,-0.8080002803479986,-1.8506010911023334,-1.023366337427141,-0.023688688333972696,1.2084876906079762,0.1336860162748793,-2.1458739042282104,0.11999999999999998,1.0999999999999999
1775609526.3661487,-0.8080002803479986,-1.8506010911023334,-1.023366337427141,-0.02831972149458913,1.2005268306763883,0.09108634475247325,-2.040160059928894,0.11999999999999998,1.0999999999999999
1775609526.4661713,-0.8080002803479986,-1.8506010911023334,-1.023366337427141,-0.03324771864512586,1.18973054733371,0.09567861961939694,-1.9499826431274414,0.11999999999999998,1.0999999999999999
1775609526.5661373,-0.7805208784858778,-1.8832103115070402,-0.6120690764053877,-0.03690858938692799,1.1784428965809093,0.14171775833658742,-1.8409317731857298,0.11999999999999998,1.0999999999999999
1775609526.6660738,-0.7805208784858778,-1.8832103115070402,-0.6120690764053877,-0.03889169165182901,1.1694755281301594,0.09464504824823812,-1.7265914678573608,0.11999999999999998,1.0999999999999999
1775609526.7660995,-0.7508388141114425,-1.908290645531522,-0.415309292958081,-0.040254737651371164,1.1576354736933283,0.09630453863739125,-1.6339311599731445,0.11999999999999998,1.0999999999999999
1775609526.8661036,-0.7508388141114425,-1.908290645531522,-0.415309292958081,-0.040390815204565785,1.1484773523114655,0.0927979011553787,-1.525978684425354,0.11999999999999998,1.0999999999999999
1775609526.9661183,-0.7508388141114425,-1.908290645531522,-0.415309292958081,-0.03940536553687469,1.1368536721248341,0.09319636759597918,-1.4357427358627317,0.11999999999999998,1.0999999999999999
1775609527.0661037,-0.7508388141114425,-1.908290645531522,-0.415309292958081,-0.03706099070376077,1.125402148571858,0.14025121059917897,-1.3224443197250366,0.11999999999999998,1.0999999999999999
1775609527.166108,-0.7226318841833813,-1.9163360872260795,-0.02013272555254992,-0.03351875133477645,1.114368444451201,0.13622092720660114,-1.216598927974701,0.11999999999999998,1.0999999999999999
1775609527.2661037,-0.7226318841833813,-1.9163360872260795,-0.02013272555254992,-0.029861189643107428,1.1058061604037868,0.09244792111543396,-1.1059846282005308,0.11999999999999998,1.0999999999999999
1775609527.366128,-0.7226318841833813,-1.9163360872260795,-0.02013272555254992,-0.024113241987987952,1.0954233413237435,0.09743575003542018,-1.0140582919120789,0.11999999999999998,1.0499999999999998
1775609527.4661033,-0.7226318841833813,-1.9163360872260795,-0.02013272555254992,-0.01743698373092018,1.0860755708499692,0.13789056050150544,-0.9068940281867983,0.11999999999999998,0.9999999999999999
1775609527.5661728,-0.7088384530858802,-1.9250246340860468,0.3520431038070678,-0.011394902508632699,1.0790572685519453,0.0942077499830597,-0.8074232637882233,0.11999999999999998,0.9499999999999998
1775609527.6660948,-0.7088384530858802,-1.9250246340860468,0.3520431038070678,-0.003251182258072665,1.0712084302837614,0.09067453789204316,-0.7057754695415497,0.11999999999999998,0.8499999999999999
1775609527.766151,-0.7088384530858802,-1.9250246340860468,0.3520431038070678,0.005901658453170767,1.063933902806487,0.09151127608423407,-0.6312594413757324,0.11999999999999998,0.7999999999999999
1775609527.8662393,-0.7088384530858802,-1.9250246340860468,0.3520431038070678,0.015481397908019109,1.0576379615347686,0.13622263333319884,-0.5495403110980986,0.11999999999999998,0.7499999999999999
1775609527.9661007,-0.677435668236031,-1.8822318885430054,0.7301054850701313,0.02532913457470598,1.0522280959269943,0.13574324711122285,-0.4707934930920601,0.11999999999999998,0.6499999999999999
1775609528.066089,-0.677435668236031,-1.8822318885430054,0.7301054850701313,0.03403206381992136,1.048136108977463,0.09815663016442674,-0.4094303250312805,0.11999999999999998,0.6
1775609528.1661835,-0.677435668236031,-1.8822318885430054,0.7301054850701313,0.04525648462119171,1.043833432406971,0.14735875636823534,-0.3397052623331547,0.11999999999999998,0.5499999999999999
1775609528.2661393,-0.677435668236031,-1.8822318885430054,0.7301054850701313,0.05598226443313522,1.0404837385920884,0.13332397294574125,-0.27845393866300583,0.11999999999999998,0.5
1775609528.3661125,-0.6586031046117183,-1.8702837735144309,0.9899152558654066,0.06477444075523198,1.0381927067354946,0.0927417730337088,-0.22644469141960144,0.11999999999999998,0.45
1775609528.4661257,-0.6586031046117183,-1.8702837735144309,0.9899152558654066,0.07589632833629566,1.0358610554082546,0.09049041545415423,-0.17711132764816287,0.11999999999999998,0.4
1775609528.5661142,-0.6586031046117183,-1.8702837735144309,0.9899152558654066,0.08741665203213353,1.034012518267176,0.10493597939671809,-0.13808420300483704,0.11999999999999998,0.35000000000000003
1775609528.6660738,-0.6586031046117183,-1.8702837735144309,0.9899152558654066,0.09885810152225846,1.0327058948889531,0.16997828221705077,-0.09841099381446838,0.11999999999999998,0.30000000000000004
1775609528.7660887,-0.6586031046117183,-1.8702837735144309,0.9899152558654066,0.10776133440395319,1.031960572198599,0.08742938739949924,-0.06578946113586426,0.11999999999999998,0.25000000000000006
1775609528.8661213,-0.6586031046117183,-1.8702837735144309,0.9899152558654066,0.11931129280309494,1.0313388945395776,0.0907385725310707,-0.03596484661102295,0.11999999999999998,0.15000000000000008
1775609528.9661746,-0.6193632568738608,-1.8126707053169333,1.2335976712045857,0.13100025727912987,1.0310162080072045,0.09005251803603058,-0.017392069101333618,0.11999999999999998,0.10000000000000007
1775609529.0661817,-0.6193632568738608,-1.8126707053169333,1.2335976712045857,0.14292128271734134,1.0309563213977995,0.14233284908393176,0.0035586357116699223,0.11999999999999998,0.05000000000000007
1775609529.1660848,-0.6193632568738608,-1.8126707053169333,1.2335976712045857,0.1521846021512521,1.0310378948169108,0.09215579885761034,0.014172494411468506,0.11999999999999998,6.938893903907228e-17
1775609529.2661102,-0.6193632568738608,-1.8126707053169333,1.2335976712045857,0.16385150619679847,1.0312134603304381,0.09371586225829161,0.01622271537780762,0.11999999999999998,2.7755575615628914e-17
1775609529.366155,-0.6193632568738608,-1.8126707053169333,1.2335976712045857,0.17534101757814294,1.0314015953592264,0.13891234161507968,0.01597002148628235,0.11999999999999998,-0.049999999999999975
1775609529.4661028,-0.6193632568738608,-1.8126707053169333,1.2335976712045857,0.1847806543624657,1.0315551708942465,0.09427884561623066,0.01631215214729309,0.11999999999999998,-0.09999999999999998
1775609529.5661478,-0.6193632568738608,-1.8126707053169333,1.2335976712045857,0.19670063979269287,1.0317341057716947,0.09538850719037191,0.012610584497451782,0.11999999999999998,-0.09999999999999998
1775609529.666186,-0.6193632568738608,-1.8126707053169333,1.2335976712045857,0.20859632323856292,1.0318198331715454,0.14179750700617072,0.0034202933311462402,0.11999999999999998,-0.09999999999999998
1775609529.7661865,-0.6193632568738608,-1.8126707053169333,1.2335976712045857,0.21811310356116304,1.0318084119854916,0.09499070578905484,-0.006772279739379882,0.11999999999999998,-0.09999999999999998
1775609529.8662298,-0.6193632568738608,-1.8126707053169333,1.2335976712045857,0.2297552031154477,1.0316728844921526,0.13942907546077354,-0.015621304512023926,0.11999999999999998,-0.14999999999999997
1775609529.9661927,-0.6193632568738608,-1.8126707053169333,1.2335976712045857,0.23906706710111167,1.0314607101697797,0.09445057527560219,-0.02894705533981323,0.11999999999999998,-0.24999999999999994
1775609530.0660958,-0.6193632568738608,-1.8126707053169333,1.2335976712045857,0.25062649453747793,1.0310448047714453,0.09061493756887495,-0.043854862451553345,0.11999999999999998,-0.29999999999999993
1775609530.166138,-0.6193632568738608,-1.8126707053169333,1.2335976712045857,0.26255638136379794,1.0304156149940946,0.09554306286819718,-0.06605675816535948,0.11999999999999998,-0.3499999999999999
1775609530.266159,-0.6193632568738608,-1.8126707053169333,1.2335976712045857,0.2720705309419266,1.0296873888211897,0.0952260495947225,-0.08849731087684633,0.11999999999999998,-0.3999999999999999
1775609530.3661146,-0.6193632568738608,-1.8126707053169333,1.2335976712045857,0.2835497168615816,1.0284913992196292,0.08964534266500111,-0.12052889168262482,0.11999999999999998,-0.4
1775609530.4661615,-0.6193632568738608,-1.8126707053169333,1.2335976712045857,0.29515954561123864,1.026900620595584,0.09570294455404896,-0.15965011715888974,0.11999999999999998,-0.4
1775609530.5661347,-0.6193632568738608,-1.8126707053169333,1.2335976712045857,0.30651852989841766,1.0248572945925674,0.14052147717387295,-0.1923864334821701,0.11999999999999998,-0.4
1775609530.6661587,-0.6193632568738608,-1.8126707053169333,1.2335976712045857,0.3157178084438918,1.0228528507180594,0.09498286851808373,-0.2316416800022125,0.11999999999999998,-0.4
1775609530.7661757,-0.5609510173304415,-1.644617610084171,1.0035822813255122,0.3268584105814467,1.0200385954485351,0.09488280482764322,-0.26909762620925903,0.11999999999999998,-0.4
1775609530.8661556,-0.5609510173304415,-1.644617610084171,1.0035822813255122,0.338148315066063,1.0167143234647071,0.14139850338757073,-0.29948977008461947,0.11999999999999998,-0.4
1775609530.966094,-0.5609510173304415,-1.644617610084171,1.0035822813255122,0.34724464620339923,1.013670095705437,0.09678374501973373,-0.3417950198054313,0.11999999999999998,-0.4
1775609531.0661535,-0.5609510173304415,-1.644617610084171,1.0035822813255122,0.35832253381172896,1.0095486880173223,0.09462681691965001,-0.37445535976439714,0.11999999999999998,-0.4
1775609531.1661036,-0.5609510173304415,-1.644617610084171,1.0035822813255122,0.36919064527229006,1.0049676102133585,0.13960656189063045,-0.41630812734365463,0.11999999999999998,-0.4
1775609531.2661386,-0.5609510173304415,-1.644617610084171,1.0035822813255122,0.3777993869268147,1.0009715032717588,0.09323533603904911,-0.45719438791275024,0.11999999999999998,-0.4
1775609531.3661542,-0.5284402684905655,-1.5972425141527915,0.7921368354757279,0.38802233392837593,0.9957254152376759,0.09360999119349198,-0.49937774240970617,0.11999999999999998,-0.4
1775609531.4661129,-0.5284402684905655,-1.5972425141527915,0.7921368354757279,0.3979139772077208,0.9900797247536478,0.13824824593277424,-0.5340776294469833,0.11999999999999998,-0.4
1775609531.5661075,-0.5284402684905655,-1.5972425141527915,0.7921368354757279,0.4074469043352314,0.9841297154667767,0.1373144237149832,-0.5742080807685852,0.11999999999999998,-0.4
1775609531.6661003,-0.5284402684905655,-1.5972425141527915,0.7921368354757279,0.41525939706652637,0.9788752646787472,0.09513221504927305,-0.6139777898788452,0.11999999999999998,-0.4
1775609531.766135,-0.5284402684905655,-1.5972425141527915,0.7921368354757279,0.4249448392253514,0.9718388169747604,0.09643953550668131,-0.6450192928314209,0.11999999999999998,-0.4
1775609531.8661222,-0.5284402684905655,-1.5972425141527915,0.7921368354757279,0.43396063861363915,0.9647150685345173,0.13771287800536064,-0.6836236715316772,0.11999999999999998,-0.4
1775609531.9661024,-0.4747785525288048,-1.554318060458403,0.5575000383444904,0.44109467029611543,0.9586879767507347,0.09078468998772171,-0.7235733866691589,0.11999999999999998,-0.4
1775609532.0661757,-0.4747785525288048,-1.554318060458403,0.5575000383444904,0.4496508057091942,0.9509047019569554,0.09286544639730486,-0.7556771337985992,0.11999999999999998,-0.35000000000000003
1775609532.1661367,-0.4747785525288048,-1.554318060458403,0.5575000383444904,0.45798739051440557,0.942669390674337,0.13949432822486763,-0.7944016456604005,0.11999999999999998,-0.30000000000000004
1775609532.266164,-0.4747785525288048,-1.554318060458403,0.5575000383444904,0.4656736519985828,0.9345063495543714,0.13425815523203355,-0.8295006155967714,0.11999999999999998,-0.25000000000000006
1775609532.3661582,-0.4747785525288048,-1.554318060458403,0.5575000383444904,0.4717446107459715,0.9276780361033187,0.0921030169354723,-0.8612142801284789,0.11999999999999998,-0.20000000000000007
1775609532.4661522,-0.4747785525288048,-1.554318060458403,0.5575000383444904,0.47946326307660003,0.918526702539221,0.09615961268904084,-0.8804859519004822,0.11999999999999998,-0.15000000000000008
1775609532.5661926,-0.4747785525288048,-1.554318060458403,0.5575000383444904,0.48675394651247866,0.9094817185800351,0.14175141905285144,-0.8996469974517821,0.11999999999999998,-0.10000000000000007
1775609532.6661546,-0.4747785525288048,-1.554318060458403,0.5575000383444904,0.4926226358820728,0.901989911340674,0.09370648497341472,-0.9138126373291015,0.11999999999999998,-0.05000000000000003
1775609532.766057,-0.3976580134787814,-1.517162380049068,0.34511814596360446,0.49978699117419023,0.8926203826734259,0.09352118358859476,-0.9234755635261536,0.11999999999999998,-2.7755575615628914e-17
1775609532.8661075,-0.3976580134787814,-1.517162380049068,0.34511814596360446,0.5068026094538001,0.8832335882696539,0.1392752789413621,-0.9318767189979554,0.11999999999999998,-2.7755575615628914e-17
1775609532.9661016,-0.3976580134787814,-1.517162380049068,0.34511814596360446,0.512315182610165,0.8757886010636472,0.09310301965605611,-0.9348701238632202,0.11999999999999998,-2.7755575615628914e-17
1775609533.0661027,-0.3976580134787814,-1.517162380049068,0.34511814596360446,0.5192322378353407,0.866423142447662,0.0935045495179978,-0.9333613514900208,0.11999999999999998,-2.7755575615628914e-17
1775609533.1660964,-0.3976580134787814,-1.517162380049068,0.34511814596360446,0.5263146742772666,0.8568967137379447,0.14386681232708326,-0.9308947324752809,0.11999999999999998,-2.7755575615628914e-17
1775609533.2660956,-0.3976580134787814,-1.517162380049068,0.34511814596360446,0.5320185563316524,0.849247011995913,0.09670741284846486,-0.9293251633644104,0.11999999999999998,-2.7755575615628914e-17
1775609533.366105,-0.3976580134787814,-1.517162380049068,0.34511814596360446,0.5389608867508284,0.8399634063580517,0.09404675871919214,-0.9287060499191284,0.11999999999999998,-2.7755575615628914e-17
1775609533.4663446,-0.3976580134787814,-1.517162380049068,0.34511814596360446,0.5459952891548505,0.8305590222300258,0.13977415791936879,-0.9288668036460876,0.11999999999999998,-0.05000000000000003
1775609533.5661025,-0.3976580134787814,-1.517162380049068,0.34511814596360446,0.551564462943013,0.8230930283446778,0.09404215974498618,-0.9312214851379395,0.11999999999999998,-0.10000000000000003
1775609533.666192,-0.3976580134787814,-1.517162380049068,0.34511814596360446,0.5584627165857554,0.8138081382769158,0.09563906920495299,-0.93295156955719,0.11999999999999998,-0.10000000000000003
1775609533.7661328,-0.3976580134787814,-1.517162380049068,0.34511814596360446,0.565465941001994,0.8042861092948174,0.14301452777201992,-0.9394484162330627,0.11999999999999998,-0.10000000000000003
1775609533.866087,-0.3976580134787814,-1.517162380049068,0.34511814596360446,0.5709646054466109,0.7967054321836792,0.09453753291466435,-0.9478452205657958,0.11999999999999998,-0.10000000000000003
1775609533.9661634,-0.3976580134787814,-1.517162380049068,0.34511814596360446,0.5777144365870822,0.7872187830214412,0.09313366226652885,-0.9574726819992065,0.11999999999999998,-0.10000000000000003
1775609534.0661187,-0.3976580134787814,-1.517162380049068,0.34511814596360446,0.5843506402319435,0.7776523184458729,0.13867459614936237,-0.9687786102294922,0.11999999999999998,-0.10000000000000003
1775609534.1661,-0.3976580134787814,-1.517162380049068,0.34511814596360446,0.5896577220164408,0.7698443430420935,0.09362919391865786,-0.9802401065826415,0.11999999999999998,-0.10000000000000003
1775609534.266096,-0.3976580134787814,-1.517162380049068,0.34511814596360446,0.59604862238046,0.7602336146883092,0.09572468820273626,-0.9881702661514281,0.11999999999999998,-0.10000000000000003
1775609534.3661227,-0.3976580134787814,-1.517162380049068,0.34511814596360446,0.6025311488514269,0.7502892679875086,0.14256551311559199,-0.996740698814392,0.11999999999999998,-0.10000000000000003
1775609534.4661658,-0.3976580134787814,-1.517162380049068,0.34511814596360446,0.6076722773292458,0.7422505899346596,0.09516613845897744,-1.0076267719268799,0.11999999999999998,-0.10000000000000003
1775609534.5661623,-0.3976580134787814,-1.517162380049068,0.34511814596360446,0.61395175494976,0.7322066298127786,0.09358017417426648,-1.0157690048217773,0.11999999999999998,-0.10000000000000003
1775609534.6661103,-0.3976580134787814,-1.517162380049068,0.34511814596360446,0.6201203591579862,0.7221238768707301,0.14131111644239083,-1.0264334678649902,0.11999999999999998,-0.10000000000000003
1775609534.766114,-0.3976580134787814,-1.517162380049068,0.34511814596360446,0.6249068631394745,0.7141335405053649,0.09361749427428132,-1.037761926651001,0.11999999999999998,-0.10000000000000003
1775609534.8661108,-0.3976580134787814,-1.517162380049068,0.34511814596360446,0.6307401091220536,0.7041451654809933,0.09488359800295024,-1.0471773147583006,0.11999999999999998,-0.10000000000000003
1775609534.9661667,-0.3976580134787814,-1.517162380049068,0.34511814596360446,0.6365448629184145,0.6939650086975051,0.14216910975033112,-1.0559798479080198,0.11999999999999998,-0.10000000000000003
1775609535.0661006,-0.3976580134787814,-1.517162380049068,0.34511814596360446,0.6412091190333916,0.6856405585434729,0.09469811137221153,-1.065027117729187,0.11999999999999998,-0.10000000000000003
1775609535.1660972,-0.3976580134787814,-1.517162380049068,0.34511814596360446,0.6469752555101251,0.6751487122667715,0.09619427738561682,-1.0728719234466553,0.11999999999999998,-0.10000000000000003
1775609535.2661157,-0.3976580134787814,-1.517162380049068,0.34511814596360446,0.6525463858708009,0.6647239385925248,0.14148243614694328,-1.0845340490341189,0.11999999999999998,-0.10000000000000003
1775609535.3661792,-0.3976580134787814,-1.517162380049068,0.34511814596360446,0.6568759267234124,0.6564484660174877,0.09204148374096402,-1.0947244763374329,0.11999999999999998,-0.10000000000000003
1775609535.4660838,-0.3976580134787814,-1.517162380049068,0.34511814596360446,0.6620182476741895,0.6463707839432842,0.08754373395857146,-1.1041018962860107,0.11999999999999998,-0.10000000000000003
1775609535.5660825,-0.09411339964705194,-1.4366973234896065,0.1637271526658767,0.6671885455362299,0.6359671309181891,0.13818359595894095,-1.1138363480567932,0.11999999999999998,-0.10000000000000003
1775609535.666083,-0.09411339964705194,-1.4366973234896065,0.1637271526658767,0.6712695450864944,0.6275944440515913,0.0900591748559973,-1.1218603849411009,0.11999999999999998,-0.10000000000000003
1775609535.7660637,-0.09411339964705194,-1.4366973234896065,0.1637271526658767,0.6761500029247524,0.6173593300186807,0.09021546579015773,-1.1316983103752136,0.11999999999999998,-0.10000000000000003
1775609535.866093,-0.09411339964705194,-1.4366973234896065,0.1637271526658767,0.680863564558483,0.6072135106151929,0.0876095981287274,-1.1426233649253845,0.11999999999999998,-0.10000000000000003
1775609535.9662733,-0.09411339964705194,-1.4366973234896065,0.1637271526658767,0.6854621986451946,0.5970150767384902,0.08887684214925547,-1.152399718761444,0.11999999999999998,-0.05000000000000003
1775609536.0661888,-0.09411339964705194,-1.4366973234896065,0.1637271526658767,0.6900271322367425,0.586552507515793,0.1344634384559531,-1.1636604070663452,0.11999999999999998,-2.7755575615628914e-17
1775609536.1661127,-0.09411339964705194,-1.4366973234896065,0.1637271526658767,0.6937612702619741,0.5778264098804722,0.08476372176885473,-1.1687479615211487,0.11999999999999998,-2.7755575615628914e-17
1775609536.2660928,-0.09411339964705194,-1.4366973234896065,0.1637271526658767,0.6981949754836159,0.5673624690496927,0.09031945930208574,-1.170320749282837,0.11999999999999998,-2.7755575615628914e-17
1775609536.3661125,-0.09411339964705194,-1.4366973234896065,0.1637271526658767,0.7028627132566627,0.5563379546503938,0.09370384841903812,-1.1695966124534607,0.11999999999999998,-2.7755575615628914e-17
1775609536.4661474,-0.09411339964705194,-1.4366973234896065,0.1637271526658767,0.7073955390375601,0.5456411216431123,0.13639942697643487,-1.169934391975403,0.12499999999999999,-2.7755575615628914e-17
1775609536.5661278,-0.09411339964705194,-1.4366973234896065,0.1637271526658767,0.7111817214240069,0.5367170911181806,0.0968656529740713,-1.169868528842926,0.13499999999999998,-2.7755575615628914e-17
1775609536.6661196,-0.09411339964705194,-1.4366973234896065,0.1637271526658767,0.7158926129054856,0.5255734234585128,0.09421654366812275,-1.1727121472358704,0.13999999999999999,-2.7755575615628914e-17
1775609536.7661338,-0.09411339964705194,-1.4366973234896065,0.1637271526658767,0.7208510671455912,0.5137650243749979,0.1597001001782402,-1.1730998158454895,0.145,-2.7755575615628914e-17
1775609536.866118,-0.09411339964705194,-1.4366973234896065,0.1637271526658767,0.7260637210668283,0.5013496249401918,0.16648455751881044,-1.1730711460113525,0.15,-2.7755575615628914e-17
1775609536.9662087,-0.09411339964705194,-1.4366973234896065,0.1637271526658767,0.7303528273357448,0.4911543225808587,0.11274993956610818,-1.1719924211502077,0.155,-2.7755575615628914e-17
1775609537.0661848,-0.09411339964705194,-1.4366973234896065,0.1637271526658767,0.7363837956917796,0.4768315195999331,0.13166809704545956,-1.172276258468628,0.165,-2.7755575615628914e-17
1775609537.1661608,-0.09411339964705194,-1.4366973234896065,0.1637271526658767,0.7425684137699174,0.4620516725418285,0.19746335243309285,-1.1770990490913391,0.17,-2.7755575615628914e-17
1775609537.266097,-0.09411339964705194,-1.4366973234896065,0.1637271526658767,0.7477992655064664,0.4494518752766137,0.11809066737278079,-1.1781343817710876,0.17500000000000002,-2.7755575615628914e-17
1775609537.3661501,-0.09411339964705194,-1.4366973234896065,0.1637271526658767,0.7545175562096434,0.433221797078245,0.13519757121575318,-1.178831160068512,0.18000000000000002,-2.7755575615628914e-17
1775609537.4661741,-0.09411339964705194,-1.4366973234896065,0.1637271526658767,0.7613960563765122,0.4165649613254436,0.21630950189204456,-1.1798647046089172,0.18500000000000003,-2.7755575615628914e-17
1775609537.5661027,-0.09411339964705194,-1.4366973234896065,0.1637271526658767,0.7669291498658868,0.40304944888129207,0.14940952929066173,-1.185248076915741,0.19500000000000003,-2.7755575615628914e-17
1775609537.6660984,-0.09411339964705194,-1.4366973234896065,0.1637271526658767,0.7740991615833551,0.3853633029117617,0.1552605080416736,-1.1868685483932495,0.20000000000000004,-2.7755575615628914e-17
1775609537.7661338,0.1749198595814168,-1.4207372303668564,0.0932792922336259,0.7817232629588065,0.3664138152758146,0.24742057713636917,-1.1896536350250244,0.20500000000000004,-2.7755575615628914e-17
1775609537.866183,0.1749198595814168,-1.4207372303668564,0.0932792922336259,0.787829486831975,0.3511097741294655,0.16641937598745687,-1.1941757798194885,0.21000000000000005,-2.7755575615628914e-17
1775609537.9662058,0.1749198595814168,-1.4207372303668564,0.0932792922336259,0.7955272986728019,0.3315630575083837,0.18505722306292355,-1.1965537071228027,0.21500000000000005,-2.7755575615628914e-17
1775609538.0661142,0.1749198595814168,-1.4207372303668564,0.0932792922336259,0.803168278973915,0.31204840561861563,0.2605233227451606,-1.1977705359458923,0.22,-2.7755575615628914e-17
1775609538.1660664,0.1749198595814168,-1.4207372303668564,0.0932792922336259,0.8094846827776976,0.2959021044748163,0.17353250598152575,-1.1985077857971194,0.22,-2.7755575615628914e-17
1775609538.2661588,0.1749198595814168,-1.4207372303668564,0.0932792922336259,0.8172182114038749,0.2760160309616314,0.1676208316701105,-1.2017373442649841,0.22,-2.7755575615628914e-17
1775609538.3660595,0.1749198595814168,-1.4207372303668564,0.0932792922336259,0.8251110775009803,0.2556487870728461,0.24589982758773363,-1.200640678405762,0.22,-2.7755575615628914e-17
1775609538.4661283,0.1749198595814168,-1.4207372303668564,0.0932792922336259,0.8313934322002148,0.23951636876331245,0.1697082417094584,-1.1985334753990176,0.22,-2.7755575615628914e-17
1775609538.5661297,0.1749198595814168,-1.4207372303668564,0.0932792922336259,0.8391880311704373,0.21946394162681643,0.1722000932547395,-1.2010632753372192,0.22,-2.7755575615628914e-17
1775609538.6661534,0.1749198595814168,-1.4207372303668564,0.0932792922336259,0.8468112859110701,0.19977941444612216,0.2588399253117608,-1.2006610631942751,0.22,-2.7755575615628914e-17
1775609538.7660933,0.1749198595814168,-1.4207372303668564,0.0932792922336259,0.8529788605555672,0.18387393837303811,0.17286263392754078,-1.2026405334472656,0.22,-2.7755575615628914e-17
1775609538.8661556,0.1749198595814168,-1.4207372303668564,0.0932792922336259,0.8607769328035791,0.16360575406496422,0.17448638676850448,-1.204854667186737,0.22,-2.7755575615628914e-17
1775609538.966132,0.1749198595814168,-1.4207372303668564,0.0932792922336259,0.8684052428511195,0.14367907462092452,0.25699633109419817,-1.2050387263298035,0.22,-2.7755575615628914e-17
1775609539.066152,0.1749198595814168,-1.4207372303668564,0.0932792922336259,0.8746772673591224,0.12729847573546393,0.1777357111001925,-1.204282283782959,0.22,-2.7755575615628914e-17
1775609539.1660888,0.4420692382163015,-1.40338302002013,0.08381907689123927,0.8822979285931085,0.107477299711058,0.16667714319222482,-1.2037432193756101,0.22,-2.7755575615628914e-17
1775609539.2661092,0.4420692382163015,-1.40338302002013,0.08381907689123927,0.8899886864272126,0.08746613840099537,0.2586947305588478,-1.2038360238075256,0.22,-2.7755575615628914e-17
1775609539.366165,0.4420692382163015,-1.40338302002013,0.08381907689123927,0.8962802503844108,0.07114728022360511,0.17029667441771726,-1.2010633945465088,0.22,-2.7755575615628914e-17
1775609539.46611,0.4420692382163015,-1.40338302002013,0.08381907689123927,0.9040665569408286,0.05114594811370529,0.17497632412404202,-1.1975336074829102,0.22,-2.7755575615628914e-17
1775609539.5661442,0.4420692382163015,-1.40338302002013,0.08381907689123927,0.9119203439467296,0.031143815185821107,0.25691490275366885,-1.1960488557815552,0.22,-2.7755575615628914e-17
1775609539.666148,0.4420692382163015,-1.40338302002013,0.08381907689123927,0.9182277663710526,0.015184369945000352,0.1727665005732957,-1.1921557784080505,0.22,-2.7755575615628914e-17
1775609539.766145,0.4420692382163015,-1.40338302002013,0.08381907689123927,0.9260731061424913,-0.004467216549131141,0.17295167953185261,-1.1899927854537964,0.22,-2.7755575615628914e-17
1775609539.8661082,0.4420692382163015,-1.40338302002013,0.08381907689123927,0.9337541020861628,-0.023612066373894614,0.2524234802774349,-1.1886011958122253,0.22,-2.7755575615628914e-17
1775609539.966131,0.4420692382163015,-1.40338302002013,0.08381907689123927,0.9415581951608928,-0.04300750804223066,0.25200424385507836,-1.1876513957977295,0.22,-2.7755575615628914e-17
1775609540.0661876,0.4420692382163015,-1.40338302002013,0.08381907689123927,0.9493188704291139,-0.06214750422862278,0.2500500198166237,-1.183907330036163,0.22,-2.7755575615628914e-17
1775609540.166079,0.4420692382163015,-1.40338302002013,0.08381907689123927,0.9556943737749967,-0.07772491862691976,0.17198381357468032,-1.1816169619560242,0.22,-2.7755575615628914e-17
1775609540.266073,0.4420692382163015,-1.40338302002013,0.08381907689123927,0.9634909019426062,-0.0966862431602127,0.1695763722872962,-1.1786967515945435,0.22,-2.7755575615628914e-17
1775609540.3661602,0.4420692382163015,-1.40338302002013,0.08381907689123927,0.9719378085546383,-0.116939738841766,0.263472203327914,-1.1733002066612246,0.22,0.049999999999999975
1775609540.4660783,0.4420692382163015,-1.40338302002013,0.08381907689123927,0.978685945993342,-0.13299281887869954,0.17112636941817014,-1.172068655490875,0.22,0.14999999999999997
1775609540.566084,0.7035022955670577,-1.3840737046005633,0.1109937125262289,0.9871766187061194,-0.15303573178694932,0.17533242255987813,-1.1671441793441772,0.22,0.19999999999999996
1775609540.666149,0.7035022955670577,-1.3840737046005633,0.1109937125262289,0.9957312570628765,-0.17288616985952726,0.25601171625148783,-1.1625484228134157,0.22,0.24999999999999994
1775609540.7661016,0.7035022955670577,-1.3840737046005633,0.1109937125262289,1.0038271398303245,-0.1913628917189932,0.24487655746234593,-1.1536821722984314,0.22,0.3499999999999999
1775609540.8660693,0.7035022955670577,-1.3840737046005633,0.1109937125262289,1.01040781975533,-0.20610937644690464,0.16082074108853806,-1.1467586755752563,0.22,0.3999999999999999
1775609540.9660416,0.7035022955670577,-1.3840737046005633,0.1109937125262289,1.0192146202713743,-0.2253491645684249,0.16937560063808205,-1.1329140663146973,0.22,0.4
1775609541.0662203,0.7035022955670577,-1.3840737046005633,0.1109937125262289,1.0279323007662757,-0.24362490136870107,0.23669830492422642,-1.1215185523033142,0.0,0.0
1775609541.1661625,0.7035022955670577,-1.3840737046005633,0.1109937125262289,1.0344680049941022,-0.25696745546816757,0.1448562551733973,-1.1084638833999634,0.0,0.0
1775609541.2661617,0.7035022955670577,-1.3840737046005633,0.1109937125262289,1.0382576833423183,-0.2645525144111405,0.03812469997057287,-1.1062480211257937,0.0,0.0
1775609541.3660884,0.7035022955670577,-1.3840737046005633,0.1109937125262289,1.0388584153804739,-0.2657519530448979,0.00505865641113143,-1.1068312525749207,0.0,0.0
1775609541.4661164,0.7035022955670577,-1.3840737046005633,0.1109937125262289,1.038903710489637,-0.26584249831851664,0.0005061011298664136,-1.1070209741592407,0.0,0.0
1775609541.5660822,0.7035022955670577,-1.3840737046005633,0.1109937125262289,1.038903710489637,-0.26584249831851664,0.0,-1.1070102453231812,0.0,0.05
1775609541.666061,0.7035022955670577,-1.3840737046005633,0.1109937125262289,1.038903710489637,-0.26584249831851664,0.0,-1.1070107221603394,0.0,0.1
1775609541.7662055,0.7035022955670577,-1.3840737046005633,0.1109937125262289,1.0389263726427374,-0.265887763649548,0.001011468056810327,-1.1064089536666872,0.0,0.15000000000000002
1775609541.8661873,0.7035022955670577,-1.3840737046005633,0.1109937125262289,1.0390060438869893,-0.26604601463864935,0.0025300445248061802,-1.1021793484687805,0.0,0.2
1775609541.9662466,0.7035022955670577,-1.3840737046005633,0.1109937125262289,1.03915571714825,-0.2663390403476871,0.003042538348471703,-1.0938975214958193,0.0,0.25
1775609542.0661516,0.7035022955670577,-1.3840737046005633,0.1109937125262289,1.0392388518533213,-0.26649549794694766,0.00229976051728831,-1.0753356218338013,0.0,0.3
1775609542.1661384,0.7035022955670577,-1.3840737046005633,0.1109937125262289,1.0392755496758959,-0.2665619715099676,0.0005010774032590354,-1.049558401107788,0.0,0.35000000000000003
1775609542.2661488,0.7035022955670577,-1.3840737046005633,0.1109937125262289,1.0393015912299293,-0.26660538073525486,0.0009753730517625735,-1.024051308631897,0.0,0.4
1775609542.3661714,0.7035022955670577,-1.3840737046005633,0.1109937125262289,1.0392611242292966,-0.26654113346159747,-0.00046607446239537207,-0.9892791509628295,0.0,0.45
1775609542.466094,0.7035022955670577,-1.3840737046005633,0.1109937125262289,1.0392044705854573,-0.26645723017546713,-0.0005059230441765575,-0.951198697090149,0.0,0.5
1775609542.5661173,0.7035022955670577,-1.3840737046005633,0.1109937125262289,1.0392953144918446,-0.26657891961365354,0.002028634092005825,-0.9139705300331116,0.0,0.55
1775609542.6660829,0.8162621505932875,-1.3879643681244391,0.3473178094349395,1.039294339802482,-0.2665797127000604,-0.0010145934085752323,-0.86432284116745,0.0,0.6
1775609542.7660964,0.8162621505932875,-1.3879643681244391,0.3473178094349395,1.0392771652536543,-0.2665611206125851,-0.0005066725800677473,-0.8076177537441253,0.0,0.65
1775609542.8660963,0.8162621505932875,-1.3879643681244391,0.3473178094349395,1.039259480898685,-0.2665430127570122,0.0,-0.7609508633613585,0.0,0.7
1775609542.9661553,0.8162621505932875,-1.3879643681244391,0.3473178094349395,1.039259480898685,-0.2665430127570122,0.0,-0.6909282207489013,0.0,0.7
1775609543.0661464,0.8165644074737373,-1.402193291020145,0.5493939944080021,1.0392189789332382,-0.2665126464241507,-0.0010124437143376249,-0.6219659447669983,0.0,0.7
1775609543.166129,0.8165644074737373,-1.402193291020145,0.5493939944080021,1.0392401608151873,-0.2665265013410046,0.000505837212375127,-0.5645885020494462,0.0,0.7
1775609543.2661183,0.8165644074737373,-1.402193291020145,0.5493939944080021,1.0392627800563659,-0.26653793780231394,0.0010124152448387532,-0.4897904694080353,0.0,0.7
1775609543.3661919,0.8165644074737373,-1.402193291020145,0.5493939944080021,1.0393310896181658,-0.26657107091390636,0.0010134032808538059,-0.41740238666534424,0.0,0.7
1775609543.466185,0.799936499764942,-1.407490310447802,0.8224618772873871,1.0394245169315839,-0.2666100548160768,0.0005070521582715747,-0.35816332278773183,0.0,0.7
1775609543.5662014,0.799936499764942,-1.407490310447802,0.8224618772873871,1.0394973616395347,-0.26663156724183407,0.0020262741519997225,-0.28468582034111023,0.0,0.7
1775609543.6660726,0.799936499764942,-1.407490310447802,0.8224618772873871,1.0394734224971496,-0.2666230558847467,0.001012500658289167,-0.21331098675727841,0.0,0.6499999999999999
1775609543.7660825,0.799936499764942,-1.407490310447802,0.8224618772873871,1.0394484616320199,-0.2666188623115565,-0.000506287250280272,-0.14665746688842773,0.0,0.5499999999999999
1775609543.8661656,0.8175078433306922,-1.4028099062562105,1.1073374724574123,1.0394233769154697,-0.26661548772421473,0.0,-0.09678724408149718,0.0,0.5
1775609543.9661813,0.8175078433306922,-1.4028099062562105,1.1073374724574123,1.0393476398003483,-0.2666101414538174,-0.0005066250561288573,-0.04134929180145264,0.0,0.45
1775609544.0661423,0.8175078433306922,-1.4028099062562105,1.1073374724574123,1.0392210949797138,-0.2666094088185374,-0.0020265741330332296,0.009290218353271486,0.0,0.4
1775609544.1660986,0.8175078433306922,-1.4028099062562105,1.1073374724574123,1.0392463839641555,-0.2666083609109897,0.0005050402561099099,0.05407777428627014,0.0,0.35000000000000003
1775609544.266088,0.8175078433306922,-1.4028099062562105,1.1073374724574123,1.0391707056059982,-0.26661456282233775,-0.0015287939328966376,0.09319764375686646,0.0,0.25000000000000006
1775609544.366052,0.8175078433306922,-1.4028099062562105,1.1073374724574123,1.0390196693272207,-0.26663036906193316,-0.0010106340237783366,0.11993104219436646,0.0,0.20000000000000007
1775609544.4661615,0.8124679065864233,-1.40688460748314,1.3794626924841922,1.0389695651677144,-0.2666375868577923,-0.0010112396928729451,0.14852678775787356,0.0,0.15000000000000008
1775609544.56612,0.8124679065864233,-1.40688460748314,1.3794626924841922,1.0389945688008826,-0.2666336563142523,-6.897070731103068e-14,0.17137539386749268,0.005,0.10000000000000007
1775609544.666127,0.8124679065864233,-1.40688460748314,1.3794626924841922,1.0390692617807997,-0.26661999827001726,0.0010149568080537873,0.18852221965789798,0.015,0.10000000000000003
1775609544.7661607,0.8124679065864233,-1.40688460748314,1.3794626924841922,1.039094111846615,-0.26661519149634805,0.0,0.1982231140136719,0.02,0.10000000000000003
1775609544.8662107,0.8124679065864233,-1.40688460748314,1.3794626924841922,1.0397134154860765,-0.26648536875208567,0.009129701500090893,0.21107828617095947,0.025,0.10000000000000003
1775609544.966153,0.8124679065864233,-1.40688460748314,1.3794626924841922,1.0406277286884755,-0.26628278223535046,0.009626799256115802,0.22689163684844973,0.03,0.10000000000000003
1775609545.0661993,0.8124679065864233,-1.40688460748314,1.3794626924841922,1.042130192041682,-0.26592729307702007,0.014190857008272814,0.23813331127166748,0.034999999999999996,0.10000000000000003
1775609545.166079,0.8124679065864233,-1.40688460748314,1.3794626924841922,1.0446341134876356,-0.26529846064168716,0.0318681424358746,0.25151485204696655,0.039999999999999994,0.10000000000000003
1775609545.2661552,0.8124679065864233,-1.40688460748314,1.3794626924841922,1.0475211985907884,-0.2645337370663287,0.03643135200999423,0.2638976573944091,0.04499999999999999,0.10000000000000003
1775609545.3660657,0.8124679065864233,-1.40688460748314,1.3794626924841922,1.0501073631660365,-0.26381972062238185,0.027322318908859975,0.27558910846710205,0.04999999999999999,0.10000000000000003
1775609545.4662611,0.8124679065864233,-1.40688460748314,1.3794626924841922,1.0539268583761754,-0.26272323137690123,0.033373444602607376,0.28455656766891474,0.054999999999999986,0.10000000000000003
1775609545.5660946,0.8124679065864233,-1.40688460748314,1.3794626924841922,1.057418624432266,-0.2616784371765107,0.03839191739840914,0.295330286026001,0.059999999999999984,0.10000000000000003
1775609545.666124,0.8124679065864233,-1.40688460748314,1.3794626924841922,1.0623522702507446,-0.26015546192933847,0.04141657276413742,0.3058866262435913,0.065,0.10000000000000003
1775609545.7661104,0.8124679065864233,-1.40688460748314,1.3794626924841922,1.0676291469499946,-0.25845849213314975,0.06823340527524449,0.3153231739997863,0.07,0.10000000000000003
1775609545.8661191,0.8124679065864233,-1.40688460748314,1.3794626924841922,1.0723133033035972,-0.2569033285267217,0.05092037413765659,0.32468485832214355,0.07500000000000001,0.10000000000000003
1775609545.9660969,0.8124679065864233,-1.40688460748314,1.3794626924841922,1.0790206055406553,-0.254614828665358,0.05812167114321856,0.33499860763549805,0.08,0.10000000000000003
1775609546.0661938,0.8158445141240895,-1.3806874796941246,1.5556546570007983,1.086110947253578,-0.2521175722236327,0.09198854792269463,0.342136561870575,0.085,0.10000000000000003
1775609546.1661649,0.8158445141240895,-1.3806874796941246,1.5556546570007983,1.0923446977998807,-0.24985582602468995,0.06778606635768433,0.35296201705932617,0.09,0.10000000000000003
1775609546.2661529,0.8158445141240895,-1.3806874796941246,1.5556546570007983,1.10057172361248,-0.2467812316738521,0.07427310561204539,0.36457645893096924,0.09,0.10000000000000003
1775609546.3661325,0.8158445141240895,-1.3806874796941246,1.5556546570007983,1.1091437924149532,-0.24347449190452725,0.07233426889556517,0.37342214584350586,0.09,0.10000000000000003
1775609546.4661767,0.8158445141240895,-1.3806874796941246,1.5556546570007983,1.1177240464780631,-0.24005006653254035,0.10811580672399349,0.38414716720581055,0.09999999999999999,0.05000000000000003
1775609546.566108,0.8158445141240895,-1.3806874796941246,1.5556546570007983,1.1262905834115184,-0.2365244115626577,0.11202732058161567,0.3944743871688843,0.09999999999999999,2.7755575615628914e-17
1775609546.666108,0.8158445141240895,-1.3806874796941246,1.5556546570007983,1.1334547572594171,-0.23351554692909485,0.07701142487351031,0.4010494351387024,0.09999999999999999,2.7755575615628914e-17
1775609546.766153,0.8158445141240895,-1.3806874796941246,1.5556546570007983,1.1427037537873084,-0.2295880487294389,0.08550010405554331,0.40217626094818115,0.09999999999999999,2.7755575615628914e-17
1775609546.8661077,0.8158445141240895,-1.3806874796941246,1.5556546570007983,1.1524173641755842,-0.2254595588592165,0.08801622376795457,0.40264314413070684,0.09999999999999999,2.7755575615628914e-17
1775609546.9661598,0.8158445141240895,-1.3806874796941246,1.5556546570007983,1.162239003455448,-0.22126176333223035,0.13216080196924992,0.4042704105377197,0.09999999999999999,-0.049999999999999975
1775609547.0661108,0.8158445141240895,-1.3806874796941246,1.5556546570007983,1.1701261000472536,-0.21788305894561472,0.08818723545709957,0.4047940969467163,0.09999999999999999,-0.09999999999999998
1775609547.1661308,0.8158445141240895,-1.3806874796941246,1.5556546570007983,1.1799969738091094,-0.21367167197059736,0.08545073386686784,0.4005973339080811,0.09999999999999999,-0.14999999999999997
1775609547.266215,0.8158445141240895,-1.3806874796941246,1.5556546570007983,1.1895050492158556,-0.20970736138854665,0.12080900426942051,0.3909273147583007,0.09999999999999999,-0.19999999999999996
1775609547.366196,0.8158445141240895,-1.3806874796941246,1.5556546570007983,1.1989700443977753,-0.20590518969737168,0.12303575108471988,0.37504154443740845,0.09999999999999999,-0.19999999999999998
1775609547.4661777,0.8158445141240895,-1.3806874796941246,1.5556546570007983,1.2082385019232278,-0.2023645861909546,0.11763414004749234,0.3580324649810791,0.09999999999999999,-0.19999999999999998
1775609547.566084,0.8158445141240895,-1.3806874796941246,1.5556546570007983,1.216228401144975,-0.19945176354427027,0.08551817715688209,0.33901685476303095,0.09999999999999999,-0.19999999999999998
1775609547.6661637,0.8158445141240895,-1.3806874796941246,1.5556546570007983,1.2263957590933334,-0.19593930550086136,0.08554053423414744,0.3247160911560058,0.09999999999999999,-0.19999999999999998
1775609547.7661068,0.8158445141240895,-1.3806874796941246,1.5556546570007983,1.2366518549565155,-0.1926122554741599,0.1299948845206424,0.3063012957572937,0.09999999999999999,-0.19999999999999998
1775609547.866191,0.8158445141240895,-1.3806874796941246,1.5556546570007983,1.2445143231780638,-0.19019421865640712,0.08159410786612437,0.2886046767234802,0.09999999999999999,-0.19999999999999998
1775609547.9660707,0.8158445141240895,-1.3806874796941246,1.5556546570007983,1.254873710087421,-0.1872041944787358,0.08624187958791774,0.27174443006515503,0.09999999999999999,-0.19999999999999998
1775609548.0661623,0.8158445141240895,-1.3806874796941246,1.5556546570007983,1.265048060793971,-0.1844940111372532,0.12336251624019787,0.2524380683898926,0.09999999999999999,-0.19999999999999998
1775609548.1661723,0.8158445141240895,-1.3806874796941246,1.5556546570007983,1.275227602127139,-0.1820089431042884,0.12915747700826102,0.23116254806518555,0.09999999999999999,-0.19999999999999998
1775609548.2660918,0.8158445141240895,-1.3806874796941246,1.5556546570007983,1.2830777160895026,-0.18023208362308016,0.08056127889664658,0.21106964349746707,0.09999999999999999,-0.19999999999999998
1775609548.3661442,0.8158445141240895,-1.3806874796941246,1.5556546570007983,1.293662211055312,-0.17804767991303722,0.08612141041630152,0.1924421191215515,0.09999999999999999,-0.19999999999999998
1775609548.4661958,0.8158445141240895,-1.3806874796941246,1.5556546570007983,1.3038607476059516,-0.17612978162717846,0.08572276383840403,0.1769612431526184,0.09999999999999999,-0.19999999999999998
1775609548.5661678,0.8158445141240895,-1.3806874796941246,1.5556546570007983,1.3144462804221293,-0.17436516036156252,0.12814194110792987,0.15737730264663696,0.09999999999999999,-0.19999999999999998
1775609548.6661615,0.8158445141240895,-1.3806874796941246,1.5556546570007983,1.3228072643774895,-0.17311684416063763,0.08064174062790123,0.13690122961997986,0.09999999999999999,-0.14999999999999997
1775609548.7662215,0.8158445141240895,-1.3806874796941246,1.5556546570007983,1.3335496787159684,-0.17171968360207554,0.08719586824929046,0.12093764543533325,0.09999999999999999,-0.09999999999999998
1775609548.8661103,0.8223607854905568,-1.1136570354884137,1.3552532872578746,1.3441145739372489,-0.17054131068923817,0.12986822699467296,0.10500377416610716,0.09999999999999999,-0.049999999999999975
1775609548.9661431,0.8223607854905568,-1.1136570354884137,1.3552532872578746,1.3525767260787855,-0.16969502200015363,0.08600969401705685,0.0951777994632721,0.09999999999999999,2.7755575615628914e-17
1775609549.0661569,0.8223607854905568,-1.1136570354884137,1.3552532872578746,1.3633140175090697,-0.16871041134789044,0.1303202916722079,0.0893324315547943,0.09999999999999999,2.7755575615628914e-17
1775609549.1661487,0.8223607854905568,-1.1136570354884137,1.3552532872578746,1.3718101527426,-0.1679544424548798,0.08353922440182812,0.08876439929008484,0.09999999999999999,0.05000000000000003
1775609549.2661097,0.8223607854905568,-1.1136570354884137,1.3552532872578746,1.3824481646194018,-0.1669959436058416,0.08302695709696455,0.09233748912811279,0.09999999999999999,0.10000000000000003
1775609549.366103,0.8223607854905568,-1.1136570354884137,1.3552532872578746,1.3932576975190816,-0.16596831479172316,0.0848111572241745,0.09907412528991698,0.09999999999999999,0.10000000000000003
1775609549.4662592,0.8223607854905568,-1.1136570354884137,1.3552532872578746,1.4038800218150864,-0.1648495400561404,0.12909504751598386,0.10900691151618959,0.09999999999999999,0.10000000000000003
1775609549.5661082,0.8223607854905568,-1.1136570354884137,1.3552532872578746,1.4122800032822025,-0.1638975884161654,0.08465324582553893,0.11738973855972289,0.09999999999999999,0.10000000000000003
1775609549.666204,0.8223607854905568,-1.1136570354884137,1.3552532872578746,1.4227310291780055,-0.1626167413175354,0.12639615202641027,0.12606137990951538,0.09999999999999999,0.10000000000000003
1775609549.7660754,0.8223607854905568,-1.1136570354884137,1.3552532872578746,1.4313131869241094,-0.16148673851149484,0.08806095389673131,0.13539820909500122,0.09999999999999999,0.10000000000000003
1775609549.8662112,0.8223607854905568,-1.1136570354884137,1.3552532872578746,1.4418407913682638,-0.16001157805230784,0.08544779787748644,0.1457442045211792,0.09999999999999999,0.10000000000000003
1775609549.96617,0.8223607854905568,-1.1136570354884137,1.3552532872578746,1.452475009239386,-0.15839088987309852,0.1278973370960728,0.15595281124114993,0.09999999999999999,0.10000000000000003
1775609550.0662591,0.8223607854905568,-1.1136570354884137,1.3552532872578746,1.4609937852491472,-0.15700412297928773,0.08596700360095272,0.1666027903556824,0.09999999999999999,0.10000000000000003
1775609550.1660752,0.8223607854905568,-1.1136570354884137,1.3552532872578746,1.4715470984826673,-0.15520003991647346,0.08606201889070246,0.1732066869735718,0.09999999999999999,0.10000000000000003
1775609550.2660673,0.8223607854905568,-1.1136570354884137,1.3552532872578746,1.4820089754423054,-0.15331433253745322,0.12828036071673082,0.18197405338287354,0.09999999999999999,0.10000000000000003
1775609550.366084,0.8223607854905568,-1.1136570354884137,1.3552532872578746,1.490563545448206,-0.15169311959127751,0.08711090360124536,0.19406068325042722,0.09999999999999999,0.10000000000000003
1775609550.466223,0.8223607854905568,-1.1136570354884137,1.3552532872578746,1.5011101729585679,-0.14957608918189294,0.0858921936516662,0.20463711023330688,0.09999999999999999,0.10000000000000003
1775609550.566135,0.8223607854905568,-1.1136570354884137,1.3552532872578746,1.5116093584385013,-0.14735421464287216,0.12841541744933002,0.21250802278518677,0.09999999999999999,0.10000000000000003
1775609550.6661606,0.8223607854905568,-1.1136570354884137,1.3552532872578746,1.519961935552979,-0.1455042875752072,0.08515988542713115,0.22248768806457517,0.09999999999999999,0.10000000000000003
1775609550.766088,0.8223607854905568,-1.1136570354884137,1.3552532872578746,1.5300259801458382,-0.14318986925828736,0.07896674344628409,0.23091483116149902,0.09999999999999999,0.10000000000000003
1775609550.8661437,0.8223607854905568,-1.1136570354884137,1.3552532872578746,1.5403871992570621,-0.1407017584541376,0.1274573115240031,0.23943036794662476,0.09999999999999999,0.10000000000000003
1775609550.9661438,0.8223607854905568,-1.1136570354884137,1.3552532872578746,1.5485872325357681,-0.13864625294832886,0.08716651253779482,0.2506924867630005,0.09999999999999999,0.10000000000000003
1775609551.0661082,0.8223607854905568,-1.1136570354884137,1.3552532872578746,1.5591911146764599,-0.13587717105735286,0.08592033205845084,0.2631169557571411,0.09999999999999999,0.10000000000000003
1775609551.166143,0.8223607854905568,-1.1136570354884137,1.3552532872578746,1.5693713410838444,-0.13309126318138884,0.12840927187145834,0.27053076028823847,0.09999999999999999,0.10000000000000003
1775609551.2660847,0.8223607854905568,-1.1136570354884137,1.3552532872578746,1.577650355957307,-0.13074300376427853,0.0848607867846561,0.2810901999473572,0.09999999999999999,0.10000000000000003
1775609551.3661392,0.8223607854905568,-1.1136570354884137,1.3552532872578746,1.5879758340909562,-0.1277267077978611,0.08598892519542033,0.2887389659881592,0.09999999999999999,0.10000000000000003
1775609551.466165,0.860266327179956,-0.8609971384259477,1.5361832149880983,1.5979357613399214,-0.12472415442317365,0.08566535866011546,0.2976938486099243,0.09999999999999999,0.10000000000000003
1775609551.566095,0.860266327179956,-0.8609971384259477,1.5361832149880983,1.6080044683466184,-0.12155888417777405,0.12441096127067361,0.30899435281753534,0.09999999999999999,0.10000000000000003
1775609551.6661472,0.860266327179956,-0.8609971384259477,1.5361832149880983,1.6160694869853511,-0.11894169021741477,0.08337696072976629,0.3202250003814697,0.09999999999999999,0.10000000000000003
1775609551.7661576,0.860266327179956,-0.8609971384259477,1.5361832149880983,1.6257845079887525,-0.11567105310215353,0.07929206382864212,0.33136576414108276,0.09999999999999999,0.10000000000000003
1775609551.866159,0.860266327179956,-0.8609971384259477,1.5361832149880983,1.6357987396236726,-0.11218041149109016,0.12839671579161144,0.33886551856994623,0.09999999999999999,0.10000000000000003
1775609551.9660938,0.860266327179956,-0.8609971384259477,1.5361832149880983,1.643780533962151,-0.10931940255349075,0.08439794633238498,0.34810370206832886,0.09999999999999999,0.10000000000000003
1775609552.0660665,0.860266327179956,-0.8609971384259477,1.5361832149880983,1.6534028543646164,-0.10578531064389635,0.08131038446753143,0.3580198884010315,0.09999999999999999,0.10000000000000003
1775609552.1661081,0.860266327179956,-0.8609971384259477,1.5361832149880983,1.663460472838338,-0.10196986496958992,0.08747596601809399,0.3675276041030884,0.09999999999999999,0.10000000000000003
1775609552.2661102,0.860266327179956,-0.8609971384259477,1.5361832149880983,1.673049150021384,-0.09820471812588454,0.12390109869467944,0.37873077392578125,0.09999999999999999,0.10000000000000003
1775609552.366077,0.860266327179956,-0.8609971384259477,1.5361832149880983,1.6829014444818264,-0.0942123755447211,0.12962897249945424,0.3894819021224976,0.09999999999999999,0.10000000000000003
1775609552.4660983,0.860266327179956,-0.8609971384259477,1.5361832149880983,1.690591150895493,-0.0910169818015087,0.0806996796523233,0.39906007051467896,0.09999999999999999,0.10000000000000003
1775609552.566136,0.860266327179956,-0.8609971384259477,1.5361832149880983,1.70021079878663,-0.086926281975827,0.08518448764110603,0.4059316515922547,0.09999999999999999,0.10000000000000003
1775609552.666156,0.860266327179956,-0.8609971384259477,1.5361832149880983,1.7097449068528345,-0.08276501440942008,0.12321599528623084,0.41582256555557257,0.09999999999999999,0.10000000000000003
1775609552.7661436,0.860266327179956,-0.8609971384259477,1.5361832149880983,1.7173919690318076,-0.07934302161374958,0.08494793709678726,0.4271350502967834,0.09999999999999999,0.10000000000000003
1775609552.866086,0.860266327179956,-0.8609971384259477,1.5361832149880983,1.7270217792034837,-0.0749005701246768,0.08538996419736443,0.4402982592582702,0.09999999999999999,0.10000000000000003
1775609552.966149,0.860266327179956,-0.8609971384259477,1.5361832149880983,1.7366452620516633,-0.07032518015379244,0.08250617104431864,0.44834339618682867,0.09999999999999999,0.10000000000000003
1775609553.0661588,0.860266327179956,-0.8609971384259477,1.5361832149880983,1.7463352509059407,-0.06559626514353765,0.12941296546969994,0.4576361775398255,0.09999999999999999,0.10000000000000003
1775609553.166167,0.860266327179956,-0.8609971384259477,1.5361832149880983,1.7539284586910275,-0.06182297241500649,0.08490191112895625,0.46515470743179316,0.09999999999999999,0.10000000000000003
1775609553.2661462,0.860266327179956,-0.8609971384259477,1.5361832149880983,1.763138759010575,-0.057152659854803674,0.08373283839554115,0.47418409585952764,0.09999999999999999,0.10000000000000003
1775609553.3661652,0.860266327179956,-0.8609971384259477,1.5361832149880983,1.7727678950300463,-0.05213455950849338,0.1289148201859017,0.484454870223999,0.09999999999999999,0.10000000000000003
1775609553.4661398,0.860266327179956,-0.8609971384259477,1.5361832149880983,1.7816757732788202,-0.04737660818214233,0.11946300865509821,0.4949243664741516,0.09999999999999999,0.10000000000000003
1775609553.5660968,0.860266327179956,-0.8609971384259477,1.5361832149880983,1.789298248177221,-0.043221246228961056,0.08608641394842138,0.5043857097625732,0.09999999999999999,0.10000000000000003
1775609553.6661708,0.8578972608391822,-0.6408810127535884,1.7400678534369018,1.7983667973762063,-0.03817633396962726,0.08331508550384575,0.5114765167236328,0.09999999999999999,0.10000000000000003
1775609553.7662356,0.8578972608391822,-0.6408810127535884,1.7400678534369018,1.807584685928409,-0.03293231768426296,0.12646061983618767,0.521013617515564,0.09999999999999999,0.10000000000000003
1775609553.866104,0.8578972608391822,-0.6408810127535884,1.7400678534369018,1.8148960412390207,-0.028688534106440178,0.08499808031414738,0.5325934290885924,0.09999999999999999,0.10000000000000003
1775609553.9661336,0.8578972608391822,-0.6408810127535884,1.7400678534369018,1.8242073540576194,-0.023152090660646316,0.09378549747146347,0.5415776968002319,0.09999999999999999,0.10000000000000003
1775609554.0661318,0.8578972608391822,-0.6408810127535884,1.7400678534369018,1.833429969565488,-0.017517554920858068,0.12939667609823774,0.5532265901565553,0.09999999999999999,0.10000000000000003
1775609554.1661174,0.8578972608391822,-0.6408810127535884,1.7400678534369018,1.8407102131192699,-0.012976677411542549,0.08445160755020689,0.5628097653388978,0.09999999999999999,0.10000000000000003
1775609554.2661042,0.8578972608391822,-0.6408810127535884,1.7400678534369018,1.8495313352129579,-0.007367837632559675,0.08419278285598002,0.5714105367660522,0.09999999999999999,0.05000000000000003
1775609554.3661199,0.8578972608391822,-0.6408810127535884,1.7400678534369018,1.8578606311854253,-0.001976687933429297,0.0805510315372857,0.577657699584961,0.09999999999999999,2.7755575615628914e-17
1775609554.4661376,0.8578972608391822,-0.6408810127535884,1.7400678534369018,1.8664674792352336,0.003683853711232846,0.12561250048275602,0.5844765305519105,0.09999999999999999,2.7755575615628914e-17
1775609554.5661237,0.8578972608391822,-0.6408810127535884,1.7400678534369018,1.8752557770816998,0.009528883185481037,0.12534664435991963,0.5884926319122314,0.09999999999999999,2.7755575615628914e-17
1775609554.6661124,0.8578972608391822,-0.6408810127535884,1.7400678534369018,1.8820523843895656,0.014072284401655429,0.08106930545124107,0.5900268554687501,0.09999999999999999,2.7755575615628914e-17
1775609554.7661512,0.8578972608391822,-0.6408810127535884,1.7400678534369018,1.8909071771885453,0.020000074532287606,0.08602509792060455,0.5899035930633545,0.09999999999999999,2.7755575615628914e-17
1775609554.8660722,0.8578972608391822,-0.6408810127535884,1.7400678534369018,1.8993180512437466,0.025635509918002605,0.08205281626906503,0.5902417898178101,0.09999999999999999,2.7755575615628914e-17
1775609554.9661155,0.8578972608391822,-0.6408810127535884,1.7400678534369018,1.9080053273009814,0.031449544093632965,0.08608210833853824,0.5894871950149536,0.09999999999999999,2.7755575615628914e-17
1775609555.066128,0.8578972608391822,-0.6408810127535884,1.7400678534369018,1.9164260121624919,0.03707030849603448,0.12210987866367719,0.5882720947265625,0.09999999999999999,2.7755575615628914e-17
1775609555.1660922,0.8578972608391822,-0.6408810127535884,1.7400678534369018,1.9251143736434753,0.042882718910726286,0.12603441047018504,0.5901229381561279,0.09999999999999999,2.7755575615628914e-17
1775609555.2660801,0.8578972608391822,-0.6408810127535884,1.7400678534369018,1.932157534647473,0.047603807720445084,0.08763435059337293,0.5901658535003662,0.09999999999999999,2.7755575615628914e-17
1775609555.3661482,0.8578972608391822,-0.6408810127535884,1.7400678534369018,1.9411958015288462,0.053667005558217934,0.08801127766441776,0.5911454558372496,0.09999999999999999,2.7755575615628914e-17
1775609555.4660997,0.8578972608391822,-0.6408810127535884,1.7400678534369018,1.949902116506255,0.0594980966409668,0.12309474554121028,0.5893918871879578,0.09999999999999999,2.7755575615628914e-17
1775609555.5660946,0.8578972608391822,-0.6408810127535884,1.7400678534369018,1.9569539388842765,0.06420623642634285,0.08382335706435555,0.5874242186546327,0.09999999999999999,2.7755575615628914e-17
1775609555.6660862,0.8578972608391822,-0.6408810127535884,1.7400678534369018,1.9657213495225,0.07003697456572684,0.08390330300480803,0.5859311223030089,0.09999999999999999,2.7755575615628914e-17
1775609555.7661216,0.8578972608391822,-0.6408810127535884,1.7400678534369018,1.9746601463126905,0.07597565681519161,0.13042929763868846,0.5874451398849487,0.09999999999999999,2.7755575615628914e-17
1775609555.8660502,0.8578972608391822,-0.6408810127535884,1.7400678534369018,1.9818386080434418,0.08076761214916434,0.08681362103437386,0.5906036496162415,0.09999999999999999,2.7755575615628914e-17
1775609555.9660957,0.8578972608391822,-0.6408810127535884,1.7400678534369018,1.9906672499374083,0.08668895957032889,0.082039561058592,0.5916924476623535,0.09999999999999999,2.7755575615628914e-17
1775609556.0662043,0.8578972608391822,-0.6408810127535884,1.7400678534369018,1.9995047280304812,0.09264253187873056,0.1253402568974791,0.5928478240966797,0.09999999999999999,2.7755575615628914e-17
1775609556.1661894,0.8578972608391822,-0.6408810127535884,1.7400678534369018,2.0080039311136537,0.09837341497914719,0.12496793778441327,0.5929402709007263,0.09999999999999999,2.7755575615628914e-17
1775609556.266099,0.8578972608391822,-0.6408810127535884,1.7400678534369018,2.014848103242197,0.10298220973434684,0.08049799658465596,0.5921932458877562,0.09999999999999999,2.7755575615628914e-17
1775609556.3660889,0.8578972608391822,-0.6408810127535884,1.7400678534369018,2.023314601747442,0.1086710242737366,0.0809546839989604,0.5911355614662169,0.09999999999999999,2.7755575615628914e-17
1775609556.4661057,0.8578972608391822,-0.6408810127535884,1.7400678534369018,2.0321169202328537,0.11458617218612885,0.08758696722302409,0.592080593109131,0.09999999999999999,2.7755575615628914e-17
1775609556.566096,0.8578972608391822,-0.6408810127535884,1.7400678534369018,2.040699757500165,0.12037411307155654,0.1255829214273203,0.5935059189796448,0.09999999999999999,2.7755575615628914e-17
1775609556.6661484,0.8122098976048459,-0.37751964417153155,1.8038754152768253,2.049361699408848,0.12622582362110077,0.12709743415066532,0.5946465134620667,0.09999999999999999,2.7755575615628914e-17
1775609556.7661364,0.8122098976048459,-0.37751964417153155,1.8038754152768253,2.056406998034398,0.13098906065484195,0.08508143389803169,0.5947118997573854,0.09999999999999999,2.7755575615628914e-17
1775609556.8661306,0.8122098976048459,-0.37751964417153155,1.8038754152768253,2.065338593267886,0.13702940212569367,0.12788962310192556,0.5939040184020997,0.09999999999999999,2.7755575615628914e-17
1775609556.9661424,0.8122098976048459,-0.37751964417153155,1.8038754152768253,2.0737956805910223,0.14273219802601095,0.12294480448387893,0.5927922129631042,0.09999999999999999,2.7755575615628914e-17
1775609557.0661507,0.8122098976048459,-0.37751964417153155,1.8038754152768253,2.0807422544448535,0.14741549372193133,0.0860456157917565,0.5942278504371643,0.09999999999999999,2.7755575615628914e-17
1775609557.166153,0.8122098976048459,-0.37751964417153155,1.8038754152768253,2.089503942450957,0.1533456192288624,0.08558367726626984,0.595878839492798,0.09999999999999999,2.7755575615628914e-17
1775609557.2661483,0.8122098976048459,-0.37751964417153155,1.8038754152768253,2.0983210052119508,0.15932938462543705,0.1254459313972439,0.5969163775444032,0.09999999999999999,2.7755575615628914e-17
1775609557.3661036,0.8122098976048459,-0.37751964417153155,1.8038754152768253,2.106946887948613,0.16518919555275177,0.12446976991774433,0.5960490107536316,0.09999999999999999,2.7755575615628914e-17
1775609557.4661176,0.8122098976048459,-0.37751964417153155,1.8038754152768253,2.1154987948304997,0.17097770576078575,0.12451670050234577,0.5947304368019104,0.09999999999999999,2.7755575615628914e-17
1775609557.5661004,0.8122098976048459,-0.37751964417153155,1.8038754152768253,2.1221711890905426,0.1754790706368143,0.07991005442731476,0.5923690795898438,0.09999999999999999,2.7755575615628914e-17
1775609557.6661212,0.8122098976048459,-0.37751964417153155,1.8038754152768253,2.1305541729158657,0.18111064613926806,0.08046346058963154,0.5910542607307433,0.09999999999999999,2.7755575615628914e-17
1775609557.7660868,0.8122098976048459,-0.37751964417153155,1.8038754152768253,2.1392742098246265,0.1869667199838055,0.08504819771129948,0.5916764140129088,0.09999999999999999,2.7755575615628914e-17
1775609557.8661575,0.8122098976048459,-0.37751964417153155,1.8038754152768253,2.148281993423821,0.1930299013499178,0.13196279931205238,0.5927127003669739,0.09999999999999999,2.7755575615628914e-17
1775609557.9660933,0.8122098976048459,-0.37751964417153155,1.8038754152768253,2.1554584210442638,0.19787031627972104,0.08709647170166271,0.5945594906806945,0.09999999999999999,2.7755575615628914e-17
1775609558.0660856,0.8122098976048459,-0.37751964417153155,1.8038754152768253,2.1643084637524543,0.20385052085524272,0.08401410292790881,0.5942754149436952,0.09999999999999999,2.7755575615628914e-17
1775609558.1661005,0.8122098976048459,-0.37751964417153155,1.8038754152768253,2.1732200984052743,0.20987519611105251,0.12697360061135335,0.5948237180709839,0.09999999999999999,2.7755575615628914e-17
1775609558.2660606,0.8122098976048459,-0.37751964417153155,1.8038754152768253,2.1801805362431326,0.21458318920554725,0.08503544175137104,0.5945655703544616,0.09999999999999999,2.7755575615628914e-17
1775609558.3661287,0.8122098976048459,-0.37751964417153155,1.8038754152768253,2.188881538982667,0.22046750697394016,0.08624260213059322,0.5952206254005432,0.09999999999999999,2.7755575615628914e-17
1775609558.46609,0.8122098976048459,-0.37751964417153155,1.8038754152768253,2.197284592069753,0.22615985072861422,0.12033013903520078,0.5957537293434143,0.09999999999999999,2.7755575615628914e-17
1775609558.5662088,0.8122098976048459,-0.37751964417153155,1.8038754152768253,2.2059582605317596,0.23203939488575018,0.1270238451410291,0.5958648920059204,0.0,0.0
1775609558.6661346,0.8122098976048459,-0.37751964417153155,1.8038754152768253,2.212596923957999,0.23654544639307054,0.08004425625564854,0.5962590575218201,0.0,0.0
1775609558.7661011,0.8122098976048459,-0.37751964417153155,1.8038754152768253,2.2142519854003564,0.23766747515660583,0.012666814755484916,0.5953614115715027,0.0,0.0
1775609558.866103,0.8122098976048459,-0.37751964417153155,1.8038754152768253,2.214629182348754,0.23792298808310122,0.0010140799993335198,0.595426619052887,0.0,0.0
1775609558.9661257,0.8122098976048459,-0.37751964417153155,1.8038754152768253,2.2146501371634555,0.23793718408905165,0.0,0.5954485535621642,0.0,0.0
1775609559.066108,0.8122098976048459,-0.37751964417153155,1.8038754152768253,2.2146501371634555,0.23793718408905165,0.0,0.5954378843307495,0.0,0.0
1775609559.1661134,0.8122098976048459,-0.37751964417153155,1.8038754152768253,2.21467109200058,0.23795138006190344,0.0,0.5954561829566956,0.0,0.0
1775609559.2661393,0.8122098976048459,-0.37751964417153155,1.8038754152768253,2.21467109200058,0.23795138006190344,0.0,0.5954418778419495,0.0,0.0
1775609559.3661513,0.8122098976048459,-0.37751964417153155,1.8038754152768253,2.21467109200058,0.23795138006190344,0.0,0.5954474806785583,0.0,0.0
1775609559.466154,0.8122098976048459,-0.37751964417153155,1.8038754152768253,2.2146920468575924,0.2379655760054057,0.0005063194468213159,0.5954415202140807,0.0,0.0
1775609559.5661373,0.8122098976048459,-0.37751964417153155,1.8038754152768253,2.2146920468575924,0.2379655760054057,0.0,0.5954385399818419,0.0,0.0
1775609559.6661325,0.8122098976048459,-0.37751964417153155,1.8038754152768253,2.2146920468575924,0.2379655760054057,0.0,0.5954261422157289,0.0,0.0
1775609559.7661786,0.8122098976048459,-0.37751964417153155,1.8038754152768253,2.2146920468575924,0.2379655760054057,0.0,0.5954301357269287,0.0,0.0
1775609559.866176,0.8122098976048459,-0.37751964417153155,1.8038754152768253,2.2146920468575924,0.2379655760054057,0.0,0.5954273343086244,0.0,0.0
1775609559.9660873,0.8122098976048459,-0.37751964417153155,1.8038754152768253,2.2146920468575924,0.2379655760054057,0.0,0.5954159498214722,0.0,0.0
1775609560.0661502,0.8122098976048459,-0.37751964417153155,1.8038754152768253,2.2146920468575924,0.2379655760054057,0.0,0.5954491496086121,0.0,0.0
1775609560.166109,0.8122098976048459,-0.37751964417153155,1.8038754152768253,2.2146920468575924,0.2379655760054057,0.0,0.5954239368438721,0.0,0.0
1775609560.2661805,0.8122098976048459,-0.37751964417153155,1.8038754152768253,2.2146920468575924,0.2379655760054057,0.0,0.5954328179359436,0.0,0.0
1775609560.3660738,0.8122098976048459,-0.37751964417153155,1.8038754152768253,2.2146920468575924,0.2379655760054057,0.0,0.5954221487045289,0.0,0.0
1775609560.4661765,0.8122098976048459,-0.37751964417153155,1.8038754152768253,2.2146920468575924,0.2379655760054057,0.0,0.5954333543777465,0.0,0.0
1775609560.5661206,0.8122098976048459,-0.37751964417153155,1.8038754152768253,2.2146920468575924,0.2379655760054057,0.0,0.5954350829124451,0.0,0.0
1775609560.6660714,0.8122098976048459,-0.37751964417153155,1.8038754152768253,2.2146920468575924,0.2379655760054057,0.0,0.5954412221908568,0.0,0.0
1775609560.7660897,0.8122098976048459,-0.37751964417153155,1.8038754152768253,2.2146920468575924,0.2379655760054057,0.0,0.5954410433769226,0.0,0.0
1775609560.8661354,0.8122098976048459,-0.37751964417153155,1.8038754152768253,2.2146920468575924,0.2379655760054057,0.0,0.5954496264457704,0.0,0.0
1775609560.966099,0.8122098976048459,-0.37751964417153155,1.8038754152768253,2.2146920468575924,0.2379655760054057,0.0,0.5954471826553346,0.0,0.0
1775609561.0661628,0.8122098976048459,-0.37751964417153155,1.8038754152768253,2.2146920468575924,0.2379655760054057,0.0,0.5954445004463196,0.0,0.0
1775609561.166095,0.8122098976048459,-0.37751964417153155,1.8038754152768253,2.2146920468575924,0.2379655760054057,0.0,0.5954357385635377,0.0,0.0
1775609561.2661166,0.8122098976048459,-0.37751964417153155,1.8038754152768253,2.2146920468575924,0.2379655760054057,0.0,0.5954159498214722,0.0,0.0
1775609561.3660884,0.8122098976048459,-0.37751964417153155,1.8038754152768253,2.2146920468575924,0.2379655760054057,0.0,0.5954327583312988,0.0,0.0
1775609561.4660964,0.8122098976048459,-0.37751964417153155,1.8038754152768253,2.2146920468575924,0.2379655760054057,0.0,0.5954464673995972,0.0,0.0
1775609561.5661082,0.8122098976048459,-0.37751964417153155,1.8038754152768253,2.2146920468575924,0.2379655760054057,0.0,0.5954452157020569,0.0,0.0
1775609561.666146,0.8122098976048459,-0.37751964417153155,1.8038754152768253,2.2146920468575924,0.2379655760054057,0.0,0.5954141616821289,0.0,0.0
1775609561.766172,0.8122098976048459,-0.37751964417153155,1.8038754152768253,2.2146920468575924,0.2379655760054057,0.0,0.5954472422599792,0.0,0.0
1775609561.8661013,0.8122098976048459,-0.37751964417153155,1.8038754152768253,2.2146920468575924,0.2379655760054057,0.0,0.5954193472862244,0.0,0.0
1775609561.9660783,0.8122098976048459,-0.37751964417153155,1.8038754152768253,2.2146920468575924,0.2379655760054057,0.0,0.5954136848449707,0.0,0.0
1775609562.0660782,0.8122098976048459,-0.37751964417153155,1.8038754152768253,2.2146920468575924,0.2379655760054057,0.0,0.5954198837280272,0.0,0.0
1775609562.166078,0.8122098976048459,-0.37751964417153155,1.8038754152768253,2.2146920468575924,0.2379655760054057,0.0,0.5954269170761108,0.0,0.0
1775609562.266144,0.8122098976048459,-0.37751964417153155,1.8038754152768253,2.2146920468575924,0.2379655760054057,0.0,0.5954130291938782,0.0,0.0
1775609562.3660846,0.8122098976048459,-0.37751964417153155,1.8038754152768253,2.2146920468575924,0.2379655760054057,0.0,0.5954049825668335,0.0,0.0
1775609562.466094,0.8122098976048459,-0.37751964417153155,1.8038754152768253,2.2146920468575924,0.2379655760054057,0.0,0.5954238176345824,0.0,0.0
1775609562.5661845,0.8122098976048459,-0.37751964417153155,1.8038754152768253,2.2146920468575924,0.2379655760054057,0.0,0.5954394936561584,0.0,0.0
1775609562.6660976,0.8122098976048459,-0.37751964417153155,1.8038754152768253,2.2146920468575924,0.2379655760054057,0.0,0.5954410433769226,0.0,0.0
1775609562.766149,0.8122098976048459,-0.37751964417153155,1.8038754152768253,2.2146920468575924,0.2379655760054057,0.0,0.5954349637031555,0.0,0.0
1775609562.8661206,0.8122098976048459,-0.37751964417153155,1.8038754152768253,2.2146920468575924,0.2379655760054057,0.0,0.5954040884971619,0.0,0.0
1775609562.9660902,0.8122098976048459,-0.37751964417153155,1.8038754152768253,2.2146920468575924,0.2379655760054057,0.0,0.5954077243804933,0.0,0.0
1775609563.0661635,0.8122098976048459,-0.37751964417153155,1.8038754152768253,2.2146920468575924,0.2379655760054057,0.0,0.5954426527023317,0.0,0.0
1775609563.1661534,0.8122098976048459,-0.37751964417153155,1.8038754152768253,2.2146920468575924,0.2379655760054057,0.0,0.5954090952873231,0.0,0.0
1775609563.2660968,0.8122098976048459,-0.37751964417153155,1.8038754152768253,2.2146920468575924,0.2379655760054057,0.0,0.5954111218452454,0.0,0.0
1775609563.3661025,0.8122098976048459,-0.37751964417153155,1.8038754152768253,2.2146920468575924,0.2379655760054057,0.0,0.5954222679138184,0.0,0.0
1775609563.4661124,0.8122098976048459,-0.37751964417153155,1.8038754152768253,2.2146920468575924,0.2379655760054057,0.0,0.5953945517539979,0.0,0.0
1775609563.566062,0.8122098976048459,-0.37751964417153155,1.8038754152768253,2.2146920468575924,0.2379655760054057,0.0,0.5954039692878724,0.0,0.0
1775609563.66609,0.8122098976048459,-0.37751964417153155,1.8038754152768253,2.2146920468575924,0.2379655760054057,0.0,0.5954110026359558,0.0,0.0
1775609563.7660995,0.8122098976048459,-0.37751964417153155,1.8038754152768253,2.2146920468575924,0.2379655760054057,0.0,0.5954000949859619,0.0,0.0
1775609563.8661187,0.8122098976048459,-0.37751964417153155,1.8038754152768253,2.2146920468575924,0.2379655760054057,0.0,0.5954141616821289,0.0,0.0
1775609563.966073,0.8122098976048459,-0.37751964417153155,1.8038754152768253,2.2146920468575924,0.2379655760054057,0.0,0.5953757762908936,0.0,0.0
1775609564.0661592,0.8122098976048459,-0.37751964417153155,1.8038754152768253,2.2146920468575924,0.2379655760054057,0.0,0.5954101085662843,0.0,0.0
1775609564.1661882,0.8122098976048459,-0.37751964417153155,1.8038754152768253,2.2146920468575924,0.2379655760054057,0.0,0.5954312086105347,0.0,0.0
1775609564.2660997,0.8122098976048459,-0.37751964417153155,1.8038754152768253,2.2146920468575924,0.2379655760054057,0.0,0.5954142212867737,0.0,0.0
1775609564.3661642,0.8122098976048459,-0.37751964417153155,1.8038754152768253,2.2146920468575924,0.2379655760054057,0.0,0.5954163670539856,0.0,0.0
1775609564.4662158,0.8122098976048459,-0.37751964417153155,1.8038754152768253,2.2146920468575924,0.2379655760054057,0.0,0.5954076647758484,0.0,0.0
1775609564.5661526,0.8122098976048459,-0.37751964417153155,1.8038754152768253,2.2146920468575924,0.2379655760054057,0.0,0.5954141616821289,0.0,0.0
1775609564.6661592,0.8122098976048459,-0.37751964417153155,1.8038754152768253,2.2146920468575924,0.2379655760054057,0.0,0.5954248905181885,0.0,0.0
1775609564.7661417,0.8122098976048459,-0.37751964417153155,1.8038754152768253,2.2146920468575924,0.2379655760054057,0.0,0.5954269766807556,0.0,0.0
1775609564.8661332,0.8122098976048459,-0.37751964417153155,1.8038754152768253,2.2146920468575924,0.2379655760054057,0.0,0.5954345464706421,0.0,0.0
1775609564.9661398,0.8122098976048459,-0.37751964417153155,1.8038754152768253,2.2146920468575924,0.2379655760054057,0.0,0.5954241752624512,0.0,0.0
1775609565.0662434,0.8122098976048459,-0.37751964417153155,1.8038754152768253,2.2146920468575924,0.2379655760054057,0.0,0.5954226851463319,0.0,0.0
1775609565.1660943,0.8122098976048459,-0.37751964417153155,1.8038754152768253,2.2146920468575924,0.2379655760054057,0.0,0.5954071879386903,0.0,0.0
1775609565.2661772,0.8122098976048459,-0.37751964417153155,1.8038754152768253,2.2146920468575924,0.2379655760054057,0.0,0.5954163670539856,0.0,0.0
1775609565.3661447,0.8122098976048459,-0.37751964417153155,1.8038754152768253,2.2146920468575924,0.2379655760054057,0.0,0.5954246520996094,0.0,0.0
1775609565.4661567,0.8122098976048459,-0.37751964417153155,1.8038754152768253,2.2146920468575924,0.2379655760054057,0.0,0.5953963398933411,0.0,0.0
1775609565.5660927,0.8122098976048459,-0.37751964417153155,1.8038754152768253,2.2146920468575924,0.2379655760054057,0.0,0.5954105854034423,0.0,0.0
1775609565.6661663,0.8122098976048459,-0.37751964417153155,1.8038754152768253,2.2146920468575924,0.2379655760054057,0.0,0.5953987240791321,0.0,0.0
1775609565.7662005,0.8122098976048459,-0.37751964417153155,1.8038754152768253,2.2146920468575924,0.2379655760054057,0.0,0.595426082611084,0.0,0.0
1775609565.8662138,0.8122098976048459,-0.37751964417153155,1.8038754152768253,2.2146920468575924,0.2379655760054057,0.0,0.5954055786132812,0.0,0.0
1775609565.9660702,0.8122098976048459,-0.37751964417153155,1.8038754152768253,2.2146920468575924,0.2379655760054057,0.0,0.5954182147979735,0.0,0.0
1775609566.0662231,0.8122098976048459,-0.37751964417153155,1.8038754152768253,2.2146920468575924,0.2379655760054057,0.0,0.5954298973083496,0.0,0.0
1775609566.1661513,0.8122098976048459,-0.37751964417153155,1.8038754152768253,2.2146920468575924,0.2379655760054057,0.0,0.5954296588897705,0.0,0.0
1775609566.2661092,0.8122098976048459,-0.37751964417153155,1.8038754152768253,2.2146920468575924,0.2379655760054057,0.0,0.5954263210296631,0.0,0.0
1775609566.366064,0.8122098976048459,-0.37751964417153155,1.8038754152768253,2.2146920468575924,0.2379655760054057,0.0,0.5954304337501526,0.0,0.0
1775609566.4661021,0.8122098976048459,-0.37751964417153155,1.8038754152768253,2.2146920468575924,0.2379655760054057,0.0,0.5954048037528993,0.0,0.0
1775609566.5661485,0.8122098976048459,-0.37751964417153155,1.8038754152768253,2.2146920468575924,0.2379655760054057,0.0,0.5954270362854004,0.0,0.0
1775609566.6662273,0.8122098976048459,-0.37751964417153155,1.8038754152768253,2.2146920468575924,0.2379655760054057,0.0,0.5954241752624512,0.0,0.0
1775609566.7661505,0.8122098976048459,-0.37751964417153155,1.8038754152768253,2.2146920468575924,0.2379655760054057,0.0,0.5954479575157166,0.0,0.0
1775609566.866065,0.8122098976048459,-0.37751964417153155,1.8038754152768253,2.2146920468575924,0.2379655760054057,0.0,0.5954326391220092,0.0,0.0
1775609566.9661515,0.8122098976048459,-0.37751964417153155,1.8038754152768253,2.2146920468575924,0.2379655760054057,0.0,0.5954267382621765,0.0,0.0
1775609567.066146,0.8122098976048459,-0.37751964417153155,1.8038754152768253,2.2146920468575924,0.2379655760054057,0.0,0.5954150557518005,0.0,0.0
1775609567.1661007,0.8122098976048459,-0.37751964417153155,1.8038754152768253,2.2146920468575924,0.2379655760054057,0.0,0.5954173803329468,0.0,0.0
1775609567.2660878,0.8122098976048459,-0.37751964417153155,1.8038754152768253,2.2146920468575924,0.2379655760054057,0.0,0.5954113006591797,0.0,0.0
1775609567.366212,0.8122098976048459,-0.37751964417153155,1.8038754152768253,2.2146920468575924,0.2379655760054057,0.0,0.5954360961914061,0.0,0.0
1775609567.4661286,0.8122098976048459,-0.37751964417153155,1.8038754152768253,2.2146920468575924,0.2379655760054057,0.0,0.5954222679138184,0.0,0.0
1775609567.5661247,0.8122098976048459,-0.37751964417153155,1.8038754152768253,2.2146920468575924,0.2379655760054057,0.0,0.5954415202140807,0.0,0.0
1775609567.6660879,0.8122098976048459,-0.37751964417153155,1.8038754152768253,2.2146920468575924,0.2379655760054057,0.0,0.5954464077949524,0.0,0.0
1775609567.7661006,0.8122098976048459,-0.37751964417153155,1.8038754152768253,2.2146920468575924,0.2379655760054057,0.0,0.595431923866272,0.0,0.0
1775609567.8660843,0.8122098976048459,-0.37751964417153155,1.8038754152768253,2.2146920468575924,0.2379655760054057,0.0,0.5954430103302002,0.0,0.0
1775609567.9661627,0.8122098976048459,-0.37751964417153155,1.8038754152768253,2.2146920468575924,0.2379655760054057,0.0,0.5954278707504272,0.0,0.0
1775609568.0661175,0.8122098976048459,-0.37751964417153155,1.8038754152768253,2.2146920468575924,0.2379655760054057,0.0,0.595444142818451,0.0,0.0
1775609568.1661677,0.8122098976048459,-0.37751964417153155,1.8038754152768253,2.2146920468575924,0.2379655760054057,0.0,0.5954295396804811,0.0,0.0
1775609568.2661285,0.8122098976048459,-0.37751964417153155,1.8038754152768253,2.2146920468575924,0.2379655760054057,0.0,0.5954327583312988,0.0,0.0
1775609568.3661032,0.8122098976048459,-0.37751964417153155,1.8038754152768253,2.2146920468575924,0.2379655760054057,0.0,0.5954344272613525,0.0,0.0
1775609568.4661722,0.8122098976048459,-0.37751964417153155,1.8038754152768253,2.2146920468575924,0.2379655760054057,0.0,0.5954056978225708,0.0,0.0
1775609568.5660813,0.8122098976048459,-0.37751964417153155,1.8038754152768253,2.2146920468575924,0.2379655760054057,0.0,0.5953980088233948,0.0,0.0
1775609568.6661541,0.8122098976048459,-0.37751964417153155,1.8038754152768253,2.2146920468575924,0.2379655760054057,0.0,0.5954056382179261,0.0,0.0
1775609568.7661014,0.8122098976048459,-0.37751964417153155,1.8038754152768253,2.2146920468575924,0.2379655760054057,0.0,0.5954084992408752,0.0,0.0
1775609568.8661556,0.8122098976048459,-0.37751964417153155,1.8038754152768253,2.2146920468575924,0.2379655760054057,0.0,0.5953965187072754,0.0,0.0
1775609568.9661036,0.8122098976048459,-0.37751964417153155,1.8038754152768253,2.2146920468575924,0.2379655760054057,0.0,0.5954175591468811,0.0,0.0
1775609569.0661147,0.8122098976048459,-0.37751964417153155,1.8038754152768253,2.2146920468575924,0.2379655760054057,0.0,0.5953955054283142,0.0,0.0
1775609569.1661546,0.8122098976048459,-0.37751964417153155,1.8038754152768253,2.2146920468575924,0.2379655760054057,0.0,0.5953752398490906,0.0,0.0
1775609569.2661328,0.8122098976048459,-0.37751964417153155,1.8038754152768253,2.2146920468575924,0.2379655760054057,0.0,0.5953860282897949,0.0,0.0
1775609569.3661158,0.8122098976048459,-0.37751964417153155,1.8038754152768253,2.2146920468575924,0.2379655760054057,0.0,0.5953764915466309,0.0,0.0
1775609569.4661005,0.8122098976048459,-0.37751964417153155,1.8038754152768253,2.2146920468575924,0.2379655760054057,0.0,0.5953869819641113,0.0,0.0
1775609569.5661528,0.8122098976048459,-0.37751964417153155,1.8038754152768253,2.2146920468575924,0.2379655760054057,0.0,0.5953789949417114,0.0,0.0
1775609569.6661417,0.8122098976048459,-0.37751964417153155,1.8038754152768253,2.2146920468575924,0.2379655760054057,0.0,0.5953733921051027,0.0,0.0
1775609569.7661455,0.8122098976048459,-0.37751964417153155,1.8038754152768253,2.2146920468575924,0.2379655760054057,0.0,0.5953821539878845,0.0,0.0
1775609569.8660896,0.8122098976048459,-0.37751964417153155,1.8038754152768253,2.2146920468575924,0.2379655760054057,0.0,0.5953694581985475,0.0,0.0
1775609569.9662135,0.8122098976048459,-0.37751964417153155,1.8038754152768253,2.2146920468575924,0.2379655760054057,0.0,0.5953707695007323,0.0,0.0
1775609570.0660875,0.8122098976048459,-0.37751964417153155,1.8038754152768253,2.2146920468575924,0.2379655760054057,0.0,0.5953744053840637,0.0,0.0
1775609570.1661274,0.8122098976048459,-0.37751964417153155,1.8038754152768253,2.2146920468575924,0.2379655760054057,0.0,0.5953562259674073,0.0,0.0
1775609570.2661085,0.8122098976048459,-0.37751964417153155,1.8038754152768253,2.2146920468575924,0.2379655760054057,0.0,0.5953778028488159,0.0,0.0
1775609570.3660939,0.8122098976048459,-0.37751964417153155,1.8038754152768253,2.2146920468575924,0.2379655760054057,0.0,0.595356583595276,0.0,0.0
1775609570.4661102,0.8122098976048459,-0.37751964417153155,1.8038754152768253,2.2146920468575924,0.2379655760054057,0.0,0.5953812003135681,0.0,0.0
1775609570.56618,0.8122098976048459,-0.37751964417153155,1.8038754152768253,2.2146920468575924,0.2379655760054057,0.0,0.5953750610351562,0.0,0.0
1775609570.666155,0.8122098976048459,-0.37751964417153155,1.8038754152768253,2.2146920468575924,0.2379655760054057,0.0,0.5953550934791565,0.0,0.0
1775609570.7660944,0.8122098976048459,-0.37751964417153155,1.8038754152768253,2.2146920468575924,0.2379655760054057,0.0,0.5954057574272156,0.0,0.0
1775609570.866163,0.8122098976048459,-0.37751964417153155,1.8038754152768253,2.2146920468575924,0.2379655760054057,0.0,0.5954037308692932,0.0,0.0
1775609570.9661798,0.8122098976048459,-0.37751964417153155,1.8038754152768253,2.2146920468575924,0.2379655760054057,0.0,0.5953671932220458,0.0,0.0
1775609571.0661097,0.8122098976048459,-0.37751964417153155,1.8038754152768253,2.2146920468575924,0.2379655760054057,0.0,0.59537672996521,0.0,0.0
1775609571.1661854,0.8122098976048459,-0.37751964417153155,1.8038754152768253,2.2146920468575924,0.2379655760054057,0.0,0.5953850150108337,0.0,0.0
1775609571.2661974,0.8122098976048459,-0.37751964417153155,1.8038754152768253,2.2146920468575924,0.2379655760054057,0.0,0.5953686237335205,0.0,0.0
1775609571.3660913,0.8122098976048459,-0.37751964417153155,1.8038754152768253,2.2146920468575924,0.2379655760054057,0.0,0.595382273197174,0.0,0.0
1775609571.4660733,0.8122098976048459,-0.37751964417153155,1.8038754152768253,2.2146920468575924,0.2379655760054057,0.0,0.595373809337616,0.0,0.0
1775609571.566143,0.8122098976048459,-0.37751964417153155,1.8038754152768253,2.2146920468575924,0.2379655760054057,0.0,0.5953790545463563,0.0,0.0
1775609571.6660717,0.8122098976048459,-0.37751964417153155,1.8038754152768253,2.2146920468575924,0.2379655760054057,0.0,0.5953721404075623,0.0,0.0
1775609571.766096,0.8122098976048459,-0.37751964417153155,1.8038754152768253,2.2146920468575924,0.2379655760054057,0.0,0.5953729152679443,0.0,0.0
1775609571.8661582,0.8122098976048459,-0.37751964417153155,1.8038754152768253,2.2146920468575924,0.2379655760054057,0.0,0.5953544974327087,0.0,0.0
1775609571.9660628,0.8122098976048459,-0.37751964417153155,1.8038754152768253,2.2146920468575924,0.2379655760054057,0.0,0.595334827899933,0.0,0.0
1775609572.0661016,0.8122098976048459,-0.37751964417153155,1.8038754152768253,2.2146920468575924,0.2379655760054057,0.0,0.5953652858734131,0.0,0.0
1775609572.166112,0.8122098976048459,-0.37751964417153155,1.8038754152768253,2.2146920468575924,0.2379655760054057,0.0,0.595351278781891,0.0,0.0
1775609572.2661033,0.8122098976048459,-0.37751964417153155,1.8038754152768253,2.2146920468575924,0.2379655760054057,0.0,0.5953483581542969,0.0,0.0
1775609572.36606,0.8122098976048459,-0.37751964417153155,1.8038754152768253,2.2146920468575924,0.2379655760054057,0.0,0.5953292250633239,0.0,0.0
1775609572.4661422,0.8122098976048459,-0.37751964417153155,1.8038754152768253,2.2146920468575924,0.2379655760054057,0.0,0.5953423380851747,0.0,0.0
1775609572.5661087,0.8122098976048459,-0.37751964417153155,1.8038754152768253,2.2146920468575924,0.2379655760054057,0.0,0.5953497290611266,0.0,0.0
1775609572.6661036,0.8122098976048459,-0.37751964417153155,1.8038754152768253,2.2146920468575924,0.2379655760054057,0.0,0.5953567028045653,0.0,0.0
1775609572.7660513,0.8122098976048459,-0.37751964417153155,1.8038754152768253,2.2146920468575924,0.2379655760054057,0.0,0.595337986946106,0.0,0.0
1775609572.8660421,0.8122098976048459,-0.37751964417153155,1.8038754152768253,2.2146920468575924,0.2379655760054057,0.0,0.5953347682952881,0.0,0.0
1775609572.9661522,0.8122098976048459,-0.37751964417153155,1.8038754152768253,2.2146920468575924,0.2379655760054057,0.0,0.5953410863876343,0.0,0.0
1775609573.0660634,0.8122098976048459,-0.37751964417153155,1.8038754152768253,2.2146920468575924,0.2379655760054057,0.0,0.5953328609466553,0.0,0.0
1775609573.1660945,0.8122098976048459,-0.37751964417153155,1.8038754152768253,2.2146920468575924,0.2379655760054057,0.0,0.5953593850135802,0.0,0.0
1775609573.2660785,0.8122098976048459,-0.37751964417153155,1.8038754152768253,2.2146920468575924,0.2379655760054057,0.0,0.5953637957572937,0.0,0.0
1775609573.366081,0.8122098976048459,-0.37751964417153155,1.8038754152768253,2.2146920468575924,0.2379655760054057,0.0,0.595354974269867,0.0,0.0
1775609573.466084,0.8122098976048459,-0.37751964417153155,1.8038754152768253,2.2146920468575924,0.2379655760054057,0.0,0.595348060131073,0.0,0.0
1775609573.5661578,0.8122098976048459,-0.37751964417153155,1.8038754152768253,2.2146920468575924,0.2379655760054057,0.0,0.5953330397605895,0.0,0.0
1775609573.6660807,0.8122098976048459,-0.37751964417153155,1.8038754152768253,2.2146920468575924,0.2379655760054057,0.0,0.5953392386436462,0.0,0.0
1775609573.766179,0.8122098976048459,-0.37751964417153155,1.8038754152768253,2.2146920468575924,0.2379655760054057,0.0,0.595338761806488,0.0,0.0
1775609573.866072,0.8122098976048459,-0.37751964417153155,1.8038754152768253,2.2146920468575924,0.2379655760054057,0.0,0.5953449606895447,0.0,0.0
1775609573.9660783,0.8122098976048459,-0.37751964417153155,1.8038754152768253,2.2146920468575924,0.2379655760054057,0.0,0.5953313708305358,0.0,0.0
1775609574.066095,0.8122098976048459,-0.37751964417153155,1.8038754152768253,2.2146920468575924,0.2379655760054057,0.0,0.5953527092933655,0.0,0.0
1775609574.1661572,0.8122098976048459,-0.37751964417153155,1.8038754152768253,2.2146920468575924,0.2379655760054057,0.0,0.5953367352485657,0.0,0.0
1775609574.2661407,0.8122098976048459,-0.37751964417153155,1.8038754152768253,2.2146920468575924,0.2379655760054057,0.0,0.5953648090362549,0.0,0.0
1775609574.3661141,0.8122098976048459,-0.37751964417153155,1.8038754152768253,2.2146920468575924,0.2379655760054057,0.0,0.5953273773193359,0.0,0.0
1775609574.4661486,0.8122098976048459,-0.37751964417153155,1.8038754152768253,2.2146920468575924,0.2379655760054057,0.0,0.5953364372253418,0.0,0.0
1775609574.566064,0.8122098976048459,-0.37751964417153155,1.8038754152768253,2.2146920468575924,0.2379655760054057,0.0,0.5953457355499268,0.0,0.0
1775609574.666167,0.8122098976048459,-0.37751964417153155,1.8038754152768253,2.2146920468575924,0.2379655760054057,0.0,0.5953271389007568,0.0,0.0
1775609574.766201,0.8122098976048459,-0.37751964417153155,1.8038754152768253,2.2146920468575924,0.2379655760054057,0.0,0.5953471660614015,0.0,0.0
1775609574.8661227,0.8122098976048459,-0.37751964417153155,1.8038754152768253,2.2146920468575924,0.2379655760054057,0.0,0.595356285572052,0.0,0.0
1775609574.9660883,0.8122098976048459,-0.37751964417153155,1.8038754152768253,2.2146920468575924,0.2379655760054057,0.0,0.5953318476676941,0.0,0.0
1775609575.0661218,0.8122098976048459,-0.37751964417153155,1.8038754152768253,2.2146920468575924,0.2379655760054057,0.0,0.5953516364097595,0.0,0.0
1775609575.166143,0.8122098976048459,-0.37751964417153155,1.8038754152768253,2.2146920468575924,0.2379655760054057,0.0,0.5953244566917419,0.0,0.0
1775609575.2661653,0.8122098976048459,-0.37751964417153155,1.8038754152768253,2.2146920468575924,0.2379655760054057,0.0,0.5953197479248048,0.0,0.0
1775609575.3661122,0.8122098976048459,-0.37751964417153155,1.8038754152768253,2.2146920468575924,0.2379655760054057,0.0,0.595346212387085,0.0,0.0
1775609575.4660623,0.8122098976048459,-0.37751964417153155,1.8038754152768253,2.2146920468575924,0.2379655760054057,0.0,0.5953165292739868,0.0,0.0
1775609575.5661008,0.8122098976048459,-0.37751964417153155,1.8038754152768253,2.2146920468575924,0.2379655760054057,0.0,0.5953430533409119,0.0,0.0
1775609575.6661768,0.8122098976048459,-0.37751964417153155,1.8038754152768253,2.2146920468575924,0.2379655760054057,0.0,0.5952872633934021,0.0,0.0
1775609575.7661102,0.8122098976048459,-0.37751964417153155,1.8038754152768253,2.2146920468575924,0.2379655760054057,0.0,0.5953316092491151,0.0,0.0
1775609575.866067,0.8122098976048459,-0.37751964417153155,1.8038754152768253,2.2146920468575924,0.2379655760054057,0.0,0.5953234434127808,0.0,0.0
1775609575.9660907,0.8122098976048459,-0.37751964417153155,1.8038754152768253,2.2146920468575924,0.2379655760054057,0.0,0.5953252911567688,0.0,0.0
1775609576.0660875,0.8122098976048459,-0.37751964417153155,1.8038754152768253,2.2146920468575924,0.2379655760054057,0.0,0.595317006111145,0.0,0.0
1775609576.1660907,0.8122098976048459,-0.37751964417153155,1.8038754152768253,2.2146920468575924,0.2379655760054057,0.0,0.5953418016433716,0.0,0.0
1775609576.2660763,0.8122098976048459,-0.37751964417153155,1.8038754152768253,2.2146920468575924,0.2379655760054057,0.0,0.5953234434127808,0.0,0.0
1775609576.3661,0.8122098976048459,-0.37751964417153155,1.8038754152768253,2.2146920468575924,0.2379655760054057,0.0,0.5953319668769836,0.0,0.0
1775609576.4660985,0.8122098976048459,-0.37751964417153155,1.8038754152768253,2.2146920468575924,0.2379655760054057,0.0,0.5953233242034912,0.0,0.0
1775609576.5661347,0.8122098976048459,-0.37751964417153155,1.8038754152768253,2.2146920468575924,0.2379655760054057,0.0,0.5953286290168763,0.0,0.0
1775609576.6661923,0.8122098976048459,-0.37751964417153155,1.8038754152768253,2.2146920468575924,0.2379655760054057,0.0,0.5953253507614136,0.0,0.0
1775609576.766107,0.8122098976048459,-0.37751964417153155,1.8038754152768253,2.2146920468575924,0.2379655760054057,0.0,0.5953224897384644,0.0,0.0
1775609576.8660867,0.8122098976048459,-0.37751964417153155,1.8038754152768253,2.2146920468575924,0.2379655760054057,0.0,0.595302641391754,0.0,0.0
1775609576.9660792,0.8122098976048459,-0.37751964417153155,1.8038754152768253,2.2146920468575924,0.2379655760054057,0.0,0.5952972173690796,0.0,0.0
1775609577.0660734,0.8122098976048459,-0.37751964417153155,1.8038754152768253,2.2146920468575924,0.2379655760054057,0.0,0.5953269600868225,0.0,0.0
1775609577.1661873,0.8122098976048459,-0.37751964417153155,1.8038754152768253,2.2146920468575924,0.2379655760054057,0.0,0.5953484177589417,0.0,0.0
1775609577.266166,0.8122098976048459,-0.37751964417153155,1.8038754152768253,2.2146920468575924,0.2379655760054057,0.0,0.5953267812728882,0.0,0.0
1775609577.3661368,0.8122098976048459,-0.37751964417153155,1.8038754152768253,2.2146920468575924,0.2379655760054057,0.0,0.5953069329261781,0.0,0.0
1775609577.46606,0.8122098976048459,-0.37751964417153155,1.8038754152768253,2.2146920468575924,0.2379655760054057,0.0,0.5953222513198853,0.0,0.0
1775609577.5661588,0.8122098976048459,-0.37751964417153155,1.8038754152768253,2.2146920468575924,0.2379655760054057,0.0,0.5953189134597778,0.0,0.0
1775609577.6660798,0.8122098976048459,-0.37751964417153155,1.8038754152768253,2.2146920468575924,0.2379655760054057,0.0,0.5953587889671326,0.0,0.0
1775609577.7661102,0.8122098976048459,-0.37751964417153155,1.8038754152768253,2.2146920468575924,0.2379655760054057,0.0,0.5953200459480286,0.0,0.0
1775609577.8660712,0.8122098976048459,-0.37751964417153155,1.8038754152768253,2.2146920468575924,0.2379655760054057,0.0,0.5953066945075989,0.0,0.0
1775609577.9661498,0.8122098976048459,-0.37751964417153155,1.8038754152768253,2.2146920468575924,0.2379655760054057,0.0,0.5953202843666077,0.0,0.0
1775609578.0661573,0.8122098976048459,-0.37751964417153155,1.8038754152768253,2.2146920468575924,0.2379655760054057,0.0,0.5953229069709778,0.0,0.0
1775609578.1661131,0.8122098976048459,-0.37751964417153155,1.8038754152768253,2.2146920468575924,0.2379655760054057,0.0,0.5953258275985718,0.0,0.0
1775609578.2660987,0.8122098976048459,-0.37751964417153155,1.8038754152768253,2.2146920468575924,0.2379655760054057,0.0,0.595299780368805,0.0,0.0
1775609578.3661501,0.8122098976048459,-0.37751964417153155,1.8038754152768253,2.2146920468575924,0.2379655760054057,0.0,0.5953080654144287,0.0,0.0
1775609578.4660716,0.8122098976048459,-0.37751964417153155,1.8038754152768253,2.2146920468575924,0.2379655760054057,0.0,0.5953158140182495,0.0,0.0
1775609578.566173,0.8122098976048459,-0.37751964417153155,1.8038754152768253,2.2146920468575924,0.2379655760054057,0.0,0.5953144431114196,0.0,0.0
1775609578.6661448,0.8122098976048459,-0.37751964417153155,1.8038754152768253,2.2146920468575924,0.2379655760054057,0.0,0.5953001379966736,0.0,0.0
1775609578.7661,0.8122098976048459,-0.37751964417153155,1.8038754152768253,2.2146920468575924,0.2379655760054057,0.0,0.5953303575515747,0.0,0.0
1775609578.866095,0.8122098976048459,-0.37751964417153155,1.8038754152768253,2.2146920468575924,0.2379655760054057,0.0,0.5952898859977722,0.0,0.0
1775609578.9660761,0.8122098976048459,-0.37751964417153155,1.8038754152768253,2.2146920468575924,0.2379655760054057,0.0,0.5953399538993835,0.0,0.0
1775609579.0660925,0.8122098976048459,-0.37751964417153155,1.8038754152768253,2.2146920468575924,0.2379655760054057,0.0,0.595305860042572,0.0,0.0
1775609579.166123,0.8122098976048459,-0.37751964417153155,1.8038754152768253,2.2146920468575924,0.2379655760054057,0.0,0.5953162908554077,0.0,0.0
1775609579.2660956,0.8122098976048459,-0.37751964417153155,1.8038754152768253,2.2146920468575924,0.2379655760054057,0.0,0.5953221321105956,0.0,0.0
1775609579.3661363,0.8122098976048459,-0.37751964417153155,1.8038754152768253,2.2146920468575924,0.2379655760054057,0.0,0.5953286290168763,0.0,0.0
1775609579.4660664,0.8122098976048459,-0.37751964417153155,1.8038754152768253,2.2146920468575924,0.2379655760054057,0.0,0.5952934622764587,0.0,0.0
1775609579.566098,0.8122098976048459,-0.37751964417153155,1.8038754152768253,2.2146920468575924,0.2379655760054057,0.0,0.595317006111145,0.0,0.0
1775609579.6660745,0.8122098976048459,-0.37751964417153155,1.8038754152768253,2.2146920468575924,0.2379655760054057,0.0,0.5952980518341064,0.0,0.0
1775609579.7661598,0.8122098976048459,-0.37751964417153155,1.8038754152768253,2.2146920468575924,0.2379655760054057,0.0,0.5953192114830017,0.0,0.0
1775609579.8660939,0.8122098976048459,-0.37751964417153155,1.8038754152768253,2.2146920468575924,0.2379655760054057,0.0,0.595310389995575,0.0,0.0
1775609579.9661047,0.8122098976048459,-0.37751964417153155,1.8038754152768253,2.2146920468575924,0.2379655760054057,0.0,0.5953338742256163,0.0,0.0
1775609580.0660787,0.8122098976048459,-0.37751964417153155,1.8038754152768253,2.2146920468575924,0.2379655760054057,0.0,0.5953159928321838,0.0,0.0
1775609580.16611,0.8122098976048459,-0.37751964417153155,1.8038754152768253,2.2146920468575924,0.2379655760054057,0.0,0.5953036546707153,0.0,0.0
1775609580.2660892,0.8122098976048459,-0.37751964417153155,1.8038754152768253,2.2146920468575924,0.2379655760054057,0.0,0.5953257083892822,0.0,0.0
1775609580.3661103,0.8122098976048459,-0.37751964417153155,1.8038754152768253,2.2146920468575924,0.2379655760054057,0.0,0.5953119397163391,0.0,0.0
1775609580.4660795,0.8122098976048459,-0.37751964417153155,1.8038754152768253,2.2146920468575924,0.2379655760054057,0.0,0.5952941179275514,0.0,0.0
1775609580.5660958,0.8122098976048459,-0.37751964417153155,1.8038754152768253,2.2146920468575924,0.2379655760054057,0.0,0.5953023433685303,0.0,0.0
1775609580.6660867,0.8122098976048459,-0.37751964417153155,1.8038754152768253,2.2146920468575924,0.2379655760054057,0.0,0.5952863097190857,0.0,0.0
1775609580.7660644,0.8122098976048459,-0.37751964417153155,1.8038754152768253,2.2146920468575924,0.2379655760054057,0.0,0.5952845215797425,0.0,0.0
1775609580.866059,0.8122098976048459,-0.37751964417153155,1.8038754152768253,2.2146920468575924,0.2379655760054057,0.0,0.595254957675934,0.0,0.0
1775609580.9660397,0.8122098976048459,-0.37751964417153155,1.8038754152768253,2.2146920468575924,0.2379655760054057,0.0,0.5952964425086975,0.0,0.0
1775609581.0660589,0.8122098976048459,-0.37751964417153155,1.8038754152768253,2.2146920468575924,0.2379655760054057,0.0,0.5952904224395752,0.0,0.0
1775609581.1660886,0.8122098976048459,-0.37751964417153155,1.8038754152768253,2.2146920468575924,0.2379655760054057,0.0,0.595298707485199,0.0,0.0
1775609581.266049,0.8122098976048459,-0.37751964417153155,1.8038754152768253,2.2146920468575924,0.2379655760054057,0.0,0.5953109264373778,0.0,0.0
1775609581.3661065,0.8122098976048459,-0.37751964417153155,1.8038754152768253,2.2146920468575924,0.2379655760054057,0.0,0.5952903032302855,0.0,0.0
1775609581.4661665,0.8122098976048459,-0.37751964417153155,1.8038754152768253,2.2146920468575924,0.2379655760054057,0.0,0.5953030586242676,0.0,0.0
1775609581.5661025,0.8122098976048459,-0.37751964417153155,1.8038754152768253,2.2146920468575924,0.2379655760054057,0.0,0.5952942371368408,0.0,0.0
1775609581.6661232,0.8122098976048459,-0.37751964417153155,1.8038754152768253,2.2146920468575924,0.2379655760054057,0.0,0.5952997207641602,0.0,0.0
1775609581.766134,0.8122098976048459,-0.37751964417153155,1.8038754152768253,2.2146920468575924,0.2379655760054057,0.0,0.5952886343002319,0.0,0.0
1775609581.8660977,0.8122098976048459,-0.37751964417153155,1.8038754152768253,2.2146920468575924,0.2379655760054057,0.0,0.5952956080436707,0.0,0.0
1775609581.9661489,0.8122098976048459,-0.37751964417153155,1.8038754152768253,2.2146920468575924,0.2379655760054057,0.0,0.5953009128570556,0.0,0.0
1775609582.0661557,0.8122098976048459,-0.37751964417153155,1.8038754152768253,2.2146920468575924,0.2379655760054057,0.0,0.5952830910682678,0.0,0.0
1775609582.1661274,0.8122098976048459,-0.37751964417153155,1.8038754152768253,2.2146920468575924,0.2379655760054057,0.0,0.595291793346405,0.0,0.0
1775609582.266159,0.8122098976048459,-0.37751964417153155,1.8038754152768253,2.2146920468575924,0.2379655760054057,0.0,0.5953089594841005,0.0,0.0
1775609582.3660908,0.8122098976048459,-0.37751964417153155,1.8038754152768253,2.2146920468575924,0.2379655760054057,0.0,0.595314621925354,0.0,0.0
1775609582.466096,0.8122098976048459,-0.37751964417153155,1.8038754152768253,2.2146920468575924,0.2379655760054057,0.0,0.5952948331832886,0.0,0.0
1775609582.5661664,0.8122098976048459,-0.37751964417153155,1.8038754152768253,2.2146920468575924,0.2379655760054057,0.0,0.5952665209770202,0.0,0.0
1775609582.666145,0.8122098976048459,-0.37751964417153155,1.8038754152768253,2.2146920468575924,0.2379655760054057,0.0,0.595287024974823,0.0,0.0
1775609582.7662466,0.8122098976048459,-0.37751964417153155,1.8038754152768253,2.2146920468575924,0.2379655760054057,0.0,0.5952727198600769,0.0,0.0
1775609582.8662071,0.8122098976048459,-0.37751964417153155,1.8038754152768253,2.2146920468575924,0.2379655760054057,0.0,0.595299243927002,0.0,0.0
1775609582.966108,0.8122098976048459,-0.37751964417153155,1.8038754152768253,2.2146920468575924,0.2379655760054057,0.0,0.5952849984169006,0.0,0.0
1775609583.0662496,0.8122098976048459,-0.37751964417153155,1.8038754152768253,2.2146920468575924,0.2379655760054057,0.0,0.5953030586242676,0.0,0.0
1775609583.1661756,0.8122098976048459,-0.37751964417153155,1.8038754152768253,2.2146920468575924,0.2379655760054057,0.0,0.5952945947647096,0.0,0.0
1775609583.2661405,0.8122098976048459,-0.37751964417153155,1.8038754152768253,2.2146920468575924,0.2379655760054057,0.0,0.5952808260917665,0.0,0.0
1775609583.3661997,0.8122098976048459,-0.37751964417153155,1.8038754152768253,2.2146920468575924,0.2379655760054057,0.0,0.5952605605125427,0.0,0.0
1775609583.4661314,0.8122098976048459,-0.37751964417153155,1.8038754152768253,2.2146920468575924,0.2379655760054057,0.0,0.5952937602996826,0.0,0.0
1775609583.5661056,0.8122098976048459,-0.37751964417153155,1.8038754152768253,2.2146920468575924,0.2379655760054057,0.0,0.5952899456024169,0.0,0.0
1775609583.6660805,0.8122098976048459,-0.37751964417153155,1.8038754152768253,2.2146920468575924,0.2379655760054057,0.0,0.5952668786048889,0.0,0.0
1775609583.7661066,0.8122098976048459,-0.37751964417153155,1.8038754152768253,2.2146920468575924,0.2379655760054057,0.0,0.5953078269958496,0.0,0.0
1775609583.8661573,0.8122098976048459,-0.37751964417153155,1.8038754152768253,2.2146920468575924,0.2379655760054057,0.0,0.5952965021133423,0.0,0.0
1775609583.966109,0.8122098976048459,-0.37751964417153155,1.8038754152768253,2.2146920468575924,0.2379655760054057,0.0,0.5953067541122438,0.0,0.0
1775609584.0661619,0.8122098976048459,-0.37751964417153155,1.8038754152768253,2.2146920468575924,0.2379655760054057,0.0,0.5952892303466797,0.0,0.0
1775609584.1660917,0.8122098976048459,-0.37751964417153155,1.8038754152768253,2.2146920468575924,0.2379655760054057,0.0,0.5952716469764711,0.0,0.0
1775609584.2661302,0.8122098976048459,-0.37751964417153155,1.8038754152768253,2.2146920468575924,0.2379655760054057,0.0,0.5953046083450317,0.0,0.0
1775609584.3660953,0.8122098976048459,-0.37751964417153155,1.8038754152768253,2.2146920468575924,0.2379655760054057,0.0,0.5953004360198975,0.0,0.0
1775609584.4662106,0.8122098976048459,-0.37751964417153155,1.8038754152768253,2.2146920468575924,0.2379655760054057,0.0,0.5953084230422974,0.0,0.0
1775609584.5661736,0.8122098976048459,-0.37751964417153155,1.8038754152768253,2.2146920468575924,0.2379655760054057,0.0,0.5953090786933899,0.0,0.0
1775609584.6661434,0.8122098976048459,-0.37751964417153155,1.8038754152768253,2.2146920468575924,0.2379655760054057,0.0,0.5952839255332947,0.0,0.0
1775609584.7661052,0.8122098976048459,-0.37751964417153155,1.8038754152768253,2.2146920468575924,0.2379655760054057,0.0,0.5952877402305602,0.0,0.0
1775609584.8661683,0.8122098976048459,-0.37751964417153155,1.8038754152768253,2.2146920468575924,0.2379655760054057,0.0,0.5952988266944885,0.0,0.0
1775609584.9661589,0.8122098976048459,-0.37751964417153155,1.8038754152768253,2.2146920468575924,0.2379655760054057,0.0,0.5952808260917665,0.0,0.0
1775609585.0660906,0.8122098976048459,-0.37751964417153155,1.8038754152768253,2.2146920468575924,0.2379655760054057,0.0,0.5953122973442078,0.0,0.0
1775609585.1660988,0.8122098976048459,-0.37751964417153155,1.8038754152768253,2.2146920468575924,0.2379655760054057,0.0,0.5953052043914794,0.0,0.0
1775609585.266198,0.8122098976048459,-0.37751964417153155,1.8038754152768253,2.2146920468575924,0.2379655760054057,0.0,0.5952998995780945,0.0,0.0
1775609585.3661437,0.8122098976048459,-0.37751964417153155,1.8038754152768253,2.2146920468575924,0.2379655760054057,0.0,0.595305323600769,0.0,0.0
1775609585.4661477,0.8122098976048459,-0.37751964417153155,1.8038754152768253,2.2146920468575924,0.2379655760054057,0.0,0.5952810645103456,0.0,0.0
1775609585.5661483,0.8122098976048459,-0.37751964417153155,1.8038754152768253,2.2146920468575924,0.2379655760054057,0.0,0.5953106880187988,0.0,0.0
1775609585.6661155,0.8122098976048459,-0.37751964417153155,1.8038754152768253,2.2146920468575924,0.2379655760054057,0.0,0.5953142046928405,0.0,0.0
1775609585.76615,0.8122098976048459,-0.37751964417153155,1.8038754152768253,2.2146920468575924,0.2379655760054057,0.0,0.5953024029731752,0.0,0.0
1775609585.8660772,0.8122098976048459,-0.37751964417153155,1.8038754152768253,2.2146920468575924,0.2379655760054057,0.0,0.5952975153923035,0.0,0.0
1775609585.9661357,0.8122098976048459,-0.37751964417153155,1.8038754152768253,2.2146920468575924,0.2379655760054057,0.0,0.5952881574630737,0.0,0.0
1775609586.0662823,0.8122098976048459,-0.37751964417153155,1.8038754152768253,2.2146920468575924,0.2379655760054057,0.0,0.5953052043914794,0.0,0.0
1775609586.1661184,0.8122098976048459,-0.37751964417153155,1.8038754152768253,2.2146920468575924,0.2379655760054057,0.0,0.5953155159950255,0.0,0.0
1775609586.2670019,0.8122098976048459,-0.37751964417153155,1.8038754152768253,2.2146920468575924,0.2379655760054057,0.0,0.5953214168548584,0.005,0.0
1775609586.3660762,0.8122098976048459,-0.37751964417153155,1.8038754152768253,2.2146920468575924,0.2379655760054057,0.0,0.5953103303909303,0.01,0.0
1775609586.466161,0.8122098976048459,-0.37751964417153155,1.8038754152768253,2.2146920468575924,0.2379655760054057,0.0,0.5952898263931274,0.015,0.0
1775609586.5661137,0.8122098976048459,-0.37751964417153155,1.8038754152768253,2.214880690950392,0.23809326509753262,0.0040462641003836865,0.5947465300559998,0.02,0.0
1775609586.666233,0.8122098976048459,-0.37751964417153155,1.8038754152768253,2.215740288837888,0.23867463581659082,0.010138483833002455,0.5944044589996339,0.025,0.0
1775609586.7661664,0.8122098976048459,-0.37751964417153155,1.8038754152768253,2.217312805818546,0.23973799785924502,0.023845933652701587,0.594624161720276,0.034999999999999996,0.0
1775609586.8660755,0.8122098976048459,-0.37751964417153155,1.8038754152768253,2.2188016869858096,0.24074430443128075,0.019287906965685973,0.5941877365112305,0.039999999999999994,0.0
1775609586.9660852,0.8122098976048459,-0.37751964417153155,1.8038754152768253,2.221066288737806,0.24227528350625754,0.02383035915599605,0.5947459936141968,0.04499999999999999,0.0
1775609587.0662103,0.8122098976048459,-0.37751964417153155,1.8038754152768253,2.2235819656240103,0.24397718066698046,0.03611765626101067,0.5945833325386047,0.04999999999999999,0.0
1775609587.1661916,0.8122098976048459,-0.37751964417153155,1.8038754152768253,2.2260567404483784,0.24564919531206145,0.030891956378900957,0.5936652421951295,0.054999999999999986,0.0
1775609587.2661536,0.8122098976048459,-0.37751964417153155,1.8038754152768253,2.229581375177815,0.24802787456050684,0.03648647705504557,0.593713343143463,0.059999999999999984,0.0
1775609587.3661942,0.8122098976048459,-0.37751964417153155,1.8038754152768253,2.233776560241249,0.25086083341152937,0.06009404801316588,0.5940717458724977,0.06499999999999999,0.0
1775609587.4661148,0.8122098976048459,-0.37751964417153155,1.8038754152768253,2.237530719298959,0.25339711861702613,0.047048201452249576,0.594123899936676,0.075,0.0
1775609587.5661304,0.8122098976048459,-0.37751964417153155,1.8038754152768253,2.242708742986461,0.25690030497575456,0.05102630332288323,0.5952877402305602,0.08,0.0
1775609587.6660988,0.8122098976048459,-0.37751964417153155,1.8038754152768253,2.248321073450731,0.2607100832205111,0.07767242630866883,0.5967987179756165,0.085,0.0
1775609587.766091,0.8122098976048459,-0.37751964417153155,1.8038754152768253,2.2535317462928406,0.2642553106730299,0.06546861529743579,0.5980385541915894,0.09,0.0
1775609587.866158,0.8122098976048459,-0.37751964417153155,1.8038754152768253,2.2605167183372603,0.2690172826769737,0.06949660637777713,0.5988175868988037,0.095,0.0
1775609587.9661818,0.8122098976048459,-0.37751964417153155,1.8038754152768253,2.268105677033661,0.2741963744156453,0.11092903428105318,0.5985466837882994,0.09999999999999999,0.0
1775609588.0661817,0.8122098976048459,-0.37751964417153155,1.8038754152768253,2.2744230962324425,0.27849966475565446,0.07737143323705475,0.597731351852417,0.09999999999999999,0.05
1775609588.166129,0.8122098976048459,-0.37751964417153155,1.8038754152768253,2.2829426095065353,0.28429084304999364,0.12374513735244103,0.5967416167259216,0.09999999999999999,0.1
1775609588.2661045,0.8122098976048459,-0.37751964417153155,1.8038754152768253,2.2915417253547825,0.29014500142366056,0.12656654663986067,0.5992072820663451,0.09999999999999999,0.15000000000000002
1775609588.3660417,0.7547160371159181,-0.07578296964541084,1.7982579704436306,2.298625195560559,0.29503182265983896,0.08645038662929246,0.6079483032226562,0.09999999999999999,0.2
1775609588.4661577,0.7547160371159181,-0.07578296964541084,1.7982579704436306,2.307134901202282,0.3010151422324604,0.07993517948662306,0.6191240549087524,0.09999999999999999,0.2
1775609588.5661514,0.7547160371159181,-0.07578296964541084,1.7982579704436306,2.3158505312340196,0.3073629601577502,0.12904679039751185,0.6365628838539124,0.09999999999999999,0.2
1775609588.6661127,0.7547160371159181,-0.07578296964541084,1.7982579704436306,2.3227008093698065,0.31252953954379953,0.08553029398426816,0.6578454971313477,0.09999999999999999,0.2
1775609588.7661445,0.7547160371159181,-0.07578296964541084,1.7982579704436306,2.3311468525519996,0.3191501677204878,0.08543980344971655,0.6734830141067504,0.09999999999999999,0.2
1775609588.8661616,0.7547160371159181,-0.07578296964541084,1.7982579704436306,2.339238322802311,0.32576809181626737,0.12345332652194761,0.6946262121200562,0.09999999999999999,0.2
1775609588.966109,0.7547160371159181,-0.07578296964541084,1.7982579704436306,2.345781506359425,0.33135749118028623,0.08546211785449163,0.7168662548065186,0.09999999999999999,0.2
1775609589.0661483,0.7547160371159181,-0.07578296964541084,1.7982579704436306,2.3537166135031575,0.3383931681470699,0.08562097811555763,0.7383249998092651,0.09999999999999999,0.2
1775609589.1661122,0.7547160371159181,-0.07578296964541084,1.7982579704436306,2.3614021979470046,0.34551577704693925,0.1223154687046076,0.7547496557235717,0.09999999999999999,0.2
1775609589.2661703,0.7547160371159181,-0.07578296964541084,1.7982579704436306,2.368823645815409,0.35265999124825914,0.12500542435819523,0.773281455039978,0.09999999999999999,0.2
1775609589.3661215,0.7547160371159181,-0.07578296964541084,1.7982579704436306,2.374519245835009,0.35831110684496204,0.08146175648492031,0.7918426990509034,0.09999999999999999,0.2
1775609589.4661026,0.7547160371159181,-0.07578296964541084,1.7982579704436306,2.3818126221149614,0.3658347318465483,0.08650906399725468,0.8140887022018434,0.09999999999999999,0.2
1775609589.5661573,0.725121080781714,0.037263117694140056,2.0123219523265394,2.3892528658506436,0.3738470630850977,0.08950915337179832,0.8323551416397095,0.09999999999999999,0.2
1775609589.666265,0.725121080781714,0.037263117694140056,2.0123219523265394,2.394962521742856,0.38025169863418185,0.08553278754242118,0.8552426099777222,0.09999999999999999,0.15000000000000002
1775609589.7662256,0.725121080781714,0.037263117694140056,2.0123219523265394,2.402035664415918,0.388490128394053,0.08459845105954815,0.8686996698379517,0.09999999999999999,0.10000000000000002
1775609589.8662035,0.725121080781714,0.037263117694140056,2.0123219523265394,2.4089062634890523,0.3967670351467463,0.12870839804293766,0.884003520011902,0.09999999999999999,0.05000000000000002
1775609589.9661398,0.725121080781714,0.037263117694140056,2.0123219523265394,2.4142875260515058,0.40338500009782374,0.0856232987148934,0.8928700685501099,0.09999999999999999,1.3877787807814457e-17
1775609590.066149,0.725121080781714,0.037263117694140056,2.0123219523265394,2.4210447362277696,0.41181978227189114,0.08617936156664482,0.8973668813705444,0.09999999999999999,-0.05
1775609590.1661196,0.725121080781714,0.037263117694140056,2.0123219523265394,2.427776934336276,0.42027454930930114,0.12847209425968287,0.8981353044509887,0.09999999999999999,-0.1
1775609590.2661304,0.725121080781714,0.037263117694140056,2.0123219523265394,2.4328345727806204,0.42660074903710604,0.08109915813562711,0.8934811353683473,0.09999999999999999,-0.1
1775609590.3660953,0.725121080781714,0.037263117694140056,2.0123219523265394,2.439345203680369,0.4346491488754008,0.08058018570557257,0.8864629268646241,0.09999999999999999,-0.1
1775609590.4660985,0.725121080781714,0.037263117694140056,2.0123219523265394,2.4458140994823996,0.4426010533390812,0.08554205329086344,0.8899284601211548,0.09999999999999999,-0.1
1775609590.5661542,0.725121080781714,0.037263117694140056,2.0123219523265394,2.452313146507676,0.45062628596615834,0.12140877299860774,0.890468955039978,0.09999999999999999,-0.1
1775609590.6660686,0.725121080781714,0.037263117694140056,2.0123219523265394,2.457634700577396,0.45719494235537794,0.08654131531468104,0.8878777027130128,0.09999999999999999,-0.1
1775609590.7661712,0.725121080781714,0.037263117694140056,2.0123219523265394,2.4644938007905974,0.4655797954772147,0.08568636808658082,0.881303906440735,0.09999999999999999,-0.15000000000000002
1775609590.8661063,0.725121080781714,0.037263117694140056,2.0123219523265394,2.4711318603598933,0.4735892809339955,0.08423218549169731,0.8743973970413208,0.09999999999999999,-0.2
1775609590.9661121,0.725121080781714,0.037263117694140056,2.0123219523265394,2.478047775709034,0.4817289924082861,0.1294140510566751,0.8604960441589355,0.09999999999999999,-0.2
1775609591.0660868,0.725121080781714,0.037263117694140056,2.0123219523265394,2.4849320787854783,0.48956145368592996,0.12612098372793984,0.8422523736953735,0.09999999999999999,-0.2
1775609591.1660922,0.725121080781714,0.037263117694140056,2.0123219523265394,2.4904585704379345,0.4956543129021484,0.08512685889808977,0.8228545188903809,0.09999999999999999,-0.2
1775609591.26613,0.725121080781714,0.037263117694140056,2.0123219523265394,2.497708782873432,0.503359265473304,0.08275273476403744,0.8068487644195558,0.09999999999999999,-0.2
1775609591.3661702,0.725121080781714,0.037263117694140056,2.0123219523265394,2.504872722535978,0.5106555939438268,0.1231518781151052,0.7858487367630005,0.09999999999999999,-0.2
1775609591.4661424,0.725121080781714,0.037263117694140056,2.0123219523265394,2.512361614334619,0.5179847072290412,0.12715282313025847,0.7676831483840942,0.09999999999999999,-0.2
1775609591.5661464,0.725121080781714,0.037263117694140056,2.0123219523265394,2.51829271465675,0.5236111525741317,0.08194878927714877,0.7485005855560303,0.09999999999999999,-0.2
1775609591.6662042,0.725121080781714,0.037263117694140056,2.0123219523265394,2.5263061515629026,0.5309381398900523,0.08738504865532248,0.730002760887146,0.09999999999999999,-0.2
1775609591.7661552,0.725121080781714,0.037263117694140056,2.0123219523265394,2.534089693464008,0.5378014357191401,0.08869295398071188,0.7139809131622316,0.09999999999999999,-0.2
1775609591.8662398,0.725121080781714,0.037263117694140056,2.0123219523265394,2.5421097363331207,0.5445844125571687,0.12467058168467685,0.6935302019119262,0.09999999999999999,-0.2
1775609591.9660912,0.725121080781714,0.037263117694140056,2.0123219523265394,2.548420502588048,0.5497415154525295,0.08107734117442596,0.6733685731887817,0.09999999999999999,-0.2
1775609592.0661545,0.725121080781714,0.037263117694140056,2.0123219523265394,2.556447032603372,0.5560356718789988,0.07952239705207378,0.6527659893035889,0.09999999999999999,-0.2
1775609592.16615,0.725121080781714,0.037263117694140056,2.0123219523265394,2.564633661726719,0.5622047078365372,0.08512889887187665,0.6370592713356019,0.09999999999999999,-0.2
1775609592.2661712,0.725121080781714,0.037263117694140056,2.0123219523265394,2.573269260381225,0.5684473065914711,0.12456017034684644,0.6182159781455994,0.09999999999999999,-0.2
1775609592.3660886,0.6374476620849788,0.25695558565827376,1.779862290023035,2.581880513412339,0.5744176629224068,0.1250945332796892,0.5978850722312928,0.09999999999999999,-0.2
1775609592.466099,0.6374476620849788,0.25695558565827376,1.779862290023035,2.5905044994208715,0.5801439080416206,0.12401971163648406,0.5787736177444458,0.09999999999999999,-0.2
1775609592.5661,0.6374476620849788,0.25695558565827376,1.779862290023035,2.5977312417330287,0.5847692852105534,0.08482173599893537,0.5578263998031616,0.09999999999999999,-0.2
1775609592.6661,0.6374476620849788,0.25695558565827376,1.779862290023035,2.6064277256966526,0.5900997110599102,0.08512845576143019,0.5403025150299072,0.09999999999999999,-0.2
1775609592.766188,0.6374476620849788,0.25695558565827376,1.779862290023035,2.615655471213851,0.5954785443287945,0.12737274181248798,0.5195018053054811,0.09999999999999999,-0.2
1775609592.8661919,0.6374476620849788,0.25695558565827376,1.779862290023035,2.6228121413586365,0.5994824428511516,0.08501259943929844,0.4991850256919861,0.09999999999999999,-0.2
1775609592.9661736,0.6374476620849788,0.25695558565827376,1.779862290023035,2.632270066075509,0.6045535474477649,0.0855622834407027,0.48391735553741455,0.09999999999999999,-0.2
1775609593.066231,0.6374476620849788,0.25695558565827376,1.779862290023035,2.641753449828445,0.6094124836992747,0.13063096602802812,0.46575176715850836,0.09999999999999999,-0.25
1775609593.1661284,0.6374476620849788,0.25695558565827376,1.779862290023035,2.6509914954556164,0.613912989231024,0.12023495125099351,0.4441478848457337,0.09999999999999999,-0.3
1775609593.2661285,0.6374476620849788,0.25695558565827376,1.779862290023035,2.6584821564794114,0.6173728809052744,0.08142699713629427,0.4183540940284729,0.09999999999999999,-0.30000000000000004
1775609593.3660514,0.6241823528821415,0.36136346351075904,1.5955804977775399,2.668126644931104,0.6215335373725697,0.07989234700048434,0.38946521282196045,0.09999999999999999,-0.30000000000000004
1775609593.4660826,0.6241823528821415,0.36136346351075904,1.5955804977775399,2.6777274824007677,0.625336152808132,0.08149807435356143,0.35874992609024053,0.09999999999999999,-0.30000000000000004
1775609593.5661473,0.6241823528821415,0.36136346351075904,1.5955804977775399,2.6875826687645956,0.6288959940742591,0.08502207421095205,0.33297848701477045,0.09999999999999999,-0.30000000000000004
1775609593.6661177,0.6241823528821415,0.36136346351075904,1.5955804977775399,2.697379237780208,0.6320805339746628,0.12490292561779373,0.3027072548866272,0.09999999999999999,-0.30000000000000004
1775609593.766131,0.6241823528821415,0.36136346351075904,1.5955804977775399,2.7072666270924195,0.6349708059462044,0.12538094805660507,0.27261364459991455,0.09999999999999999,-0.30000000000000004
1775609593.8661196,0.6241823528821415,0.36136346351075904,1.5955804977775399,2.71562968380431,0.6372040909418297,0.08748297946392723,0.2496620416641235,0.09999999999999999,-0.30000000000000004
1775609593.9661171,0.6241823528821415,0.36136346351075904,1.5955804977775399,2.7260752612674244,0.6396644824457834,0.12922182721214165,0.21909487247467044,0.09999999999999999,-0.30000000000000004
1775609594.0660834,0.6241823528821415,0.36136346351075904,1.5955804977775399,2.7365144864423985,0.6418005523986869,0.12714831623431913,0.18987590074539185,0.09999999999999999,-0.30000000000000004
1775609594.1661334,0.634486780825844,0.413912593249086,1.3788650056308571,2.7450091542646624,0.6433273416328464,0.0875838680814369,0.16566526889801023,0.09999999999999999,-0.30000000000000004
1775609594.2660728,0.634486780825844,0.413912593249086,1.3788650056308571,2.7555490440239163,0.6448927092195594,0.1277670954944319,0.13500380516052246,0.09999999999999999,-0.30000000000000004
1775609594.366108,0.634486780825844,0.413912593249086,1.3788650056308571,2.7641669808799785,0.6459396566058684,0.08843830060152238,0.10359951853752135,0.09999999999999999,-0.30000000000000004
1775609594.466152,0.634486780825844,0.413912593249086,1.3788650056308571,2.7745250646724084,0.6468989516680725,0.0799216182982714,0.07335543632507324,0.09999999999999999,-0.30000000000000004
1775609594.5662074,0.634486780825844,0.413912593249086,1.3788650056308571,2.7848816047919076,0.6475535579939442,0.08309136402246627,0.049711167812347405,0.09999999999999999,-0.30000000000000004
1775609594.6662724,0.634486780825844,0.413912593249086,1.3788650056308571,2.7956580330926553,0.6479027396565291,0.13008638647072288,0.02083486318588257,0.09999999999999999,-0.30000000000000004
1775609594.7661455,0.634486780825844,0.413912593249086,1.3788650056308571,2.8042884604472182,0.6479744720579742,0.08495987406700078,-0.007636904716491699,0.09999999999999999,-0.30000000000000004
1775609594.8661723,0.634486780825844,0.413912593249086,1.3788650056308571,2.8145880378166845,0.6477874075847542,0.07991155382075489,-0.03144538402557373,0.09999999999999999,-0.30000000000000004
1775609594.9661233,0.657989782425959,0.5075933712838031,1.1493259164557237,2.825432710823731,0.6472498201577641,0.12932136364165478,-0.061503320932388306,0.09999999999999999,-0.30000000000000004
1775609595.0661411,0.657989782425959,0.5075933712838031,1.1493259164557237,2.8339881245926963,0.6465999137499152,0.08599868699379383,-0.09261652827262878,0.09999999999999999,-0.30000000000000004
1775609595.16614,0.657989782425959,0.5075933712838031,1.1493259164557237,2.844535771169888,0.6454987296083239,0.08436610360843709,-0.11798271536827086,0.09999999999999999,-0.30000000000000004
1775609595.2661417,0.657989782425959,0.5075933712838031,1.1493259164557237,2.8550410717205086,0.6440491002287282,0.12635225375586778,-0.15020757913589478,0.09999999999999999,-0.30000000000000004
1775609595.366114,0.657989782425959,0.5075933712838031,1.1493259164557237,2.863455362796503,0.6426523375819511,0.08542691891257144,-0.18188953399658203,0.09999999999999999,-0.25000000000000006
1775609595.466117,0.657989782425959,0.5075933712838031,1.1493259164557237,2.873840138357711,0.6406308079821621,0.08490641891315026,-0.20449802279472354,0.09999999999999999,-0.20000000000000007
1775609595.566134,0.657989782425959,0.5075933712838031,1.1493259164557237,2.8843394184383473,0.6382909258937105,0.12817846476527725,-0.22852511703968048,0.09999999999999999,-0.20000000000000004
1775609595.6661575,0.657989782425959,0.5075933712838031,1.1493259164557237,2.892702971809944,0.6362645937437602,0.08550829950729069,-0.24867182224988937,0.09999999999999999,-0.20000000000000004
1775609595.7661178,0.6933996002705732,0.5684569265337445,0.9544182033152007,2.903060437374197,0.6335537797094368,0.08626068155630133,-0.26495856046676636,0.09999999999999999,-0.15000000000000002
1775609595.8661346,0.6933996002705732,0.5684569265337445,0.9544182033152007,2.9131883678785777,0.6306749848158566,0.1297549995778381,-0.2847710326313972,0.09999999999999999,-0.10000000000000003
1775609595.9661865,0.6933996002705732,0.5684569265337445,0.9544182033152007,2.923068906554537,0.6276724552430786,0.11957985155544396,-0.3011520169675351,0.09999999999999999,-0.10000000000000003
1775609596.066195,0.6933996002705732,0.5684569265337445,0.9544182033152007,2.9307406094004347,0.6252378339307529,0.08056204009485843,-0.31474388018250465,0.09999999999999999,-0.10000000000000003
1775609596.1660879,0.6933996002705732,0.5684569265337445,0.9544182033152007,2.940809700800648,0.6219088079956072,0.0856060737484122,-0.3254550285637378,0.09999999999999999,-0.10000000000000003
1775609596.2662077,0.6933996002705732,0.5684569265337445,0.9544182033152007,2.9503682559876907,0.6186495541401458,0.08174577329675355,-0.3330934662371874,0.09999999999999999,-0.05000000000000003
1775609596.3661199,0.6933996002705732,0.5684569265337445,0.9544182033152007,2.9602339032289677,0.6151940429546146,0.1380627294144195,-0.3387405890971422,0.09999999999999999,-2.7755575615628914e-17
1775609596.466175,0.6933996002705732,0.5684569265337445,0.9544182033152007,2.9700165325755323,0.6117313615646705,0.14983105097973998,-0.34140159934759134,0.09999999999999999,0.049999999999999975
1775609596.5660915,0.6933996002705732,0.5684569265337445,0.9544182033152007,2.979655252154779,0.6083172339279923,0.1233685537803014,-0.33955966122448444,0.09999999999999999,0.09999999999999998
1775609596.6661208,0.6933996002705732,0.5684569265337445,0.9544182033152007,2.987201075686643,0.6056655724383939,0.07880184655118697,-0.33531144447624683,0.09999999999999999,0.09999999999999998
1775609596.7661266,0.6933996002705732,0.5684569265337445,0.9544182033152007,2.997341677533187,0.602153008901789,0.08454152218287704,-0.3307626321911812,0.09999999999999999,0.14999999999999997
1775609596.866247,0.6933996002705732,0.5684569265337445,0.9544182033152007,3.007488194943599,0.5987361666989371,0.12858035943860013,-0.3199073821306229,0.09999999999999999,0.19999999999999996
1775609596.9660902,0.6933996002705732,0.5684569265337445,0.9544182033152007,3.0156234967031983,0.5960895980550792,0.0829572215938615,-0.30692858621478086,0.09999999999999999,0.19999999999999998
1775609597.0660925,0.6933996002705732,0.5684569265337445,0.9544182033152007,3.0259970468684827,0.5928818352002933,0.08597828083075573,-0.2898549884557724,0.09999999999999999,0.19999999999999998
1775609597.166156,0.6933996002705732,0.5684569265337445,0.9544182033152007,3.0356935372997453,0.5900594587374904,0.081486531302436,-0.275103434920311,0.09999999999999999,0.19999999999999998
1775609597.2661474,0.6933996002705732,0.5684569265337445,0.9544182033152007,3.045831420625321,0.5873110183555553,0.12803386001017658,-0.25745607167482376,0.09999999999999999,0.19999999999999998
1775609597.3662384,0.6933996002705732,0.5684569265337445,0.9544182033152007,3.053778206595847,0.5852866553976014,0.08047393993151286,-0.2391317710280418,0.09999999999999999,0.25
1775609597.4661014,0.6933996002705732,0.5684569265337445,0.9544182033152007,3.0639041607863424,0.5829037982776122,0.0809385090482063,-0.21736809611320498,0.09999999999999999,0.3
1775609597.5661573,0.6933996002705732,0.5684569265337445,0.9544182033152007,3.0740833642449297,0.580759820916873,0.08192738365015177,-0.19517883658409116,0.09999999999999999,0.3
1775609597.666116,0.6933996002705732,0.5684569265337445,0.9544182033152007,3.0845218610528073,0.5788885852253485,0.12539894992120648,-0.16532556712627408,0.09999999999999999,0.35
1775609597.76613,0.6933996002705732,0.5684569265337445,0.9544182033152007,3.0947121904072303,0.5773815002971624,0.12434109291844037,-0.1352400481700897,0.09999999999999999,0.39999999999999997
1775609597.8661172,0.6933996002705732,0.5684569265337445,0.9544182033152007,3.1028542594148694,0.5764054990760208,0.0824317362548323,-0.10075774788856506,0.09999999999999999,0.4
1775609597.9661212,0.6933996002705732,0.5684569265337445,0.9544182033152007,3.113444751945111,0.5754881190707274,0.08886545167669568,-0.06837734580039977,0.09999999999999999,0.45
1775609598.0661507,0.6933996002705732,0.5684569265337445,0.9544182033152007,3.1242674505023857,0.5750305108192261,0.1558805448195265,-0.025258094072341922,0.09999999999999999,0.5
1775609598.1660905,0.8152552895496658,0.7630419950809854,1.2405152844562999,3.132821797637681,0.5749971440090758,0.08369777736022169,0.022115021944046024,0.09999999999999999,0.5
1775609598.266244,0.8152552895496658,0.7630419950809854,1.2405152844562999,3.1433672842843188,0.57542274501726,0.08535627837432508,0.06131371855735779,0.09999999999999999,0.55
1775609598.3661585,0.8152552895496658,0.7630419950809854,1.2405152844562999,3.153826433947295,0.5763826511323572,0.12542870553109514,0.11255553364753723,0.09999999999999999,0.6
1775609598.4661956,0.8152552895496658,0.7630419950809854,1.2405152844562999,3.1620745808256894,0.5775212082309501,0.08102766078495577,0.1699886918067932,0.09999999999999999,0.6
1775609598.5661712,0.8256804313657186,0.8020884240163965,1.448234396227388,3.172354943646928,0.5795437100902112,0.08058892671177649,0.23227530717849731,0.09999999999999999,0.6
1775609598.6662269,0.8256804313657186,0.8020884240163965,1.448234396227388,3.1827880639470107,0.5822624602578594,0.08772451528762709,0.28227168321609497,0.09999999999999999,0.65
1775609598.7661195,0.8256804313657186,0.8020884240163965,1.448234396227388,3.1930291262634793,0.5856320172266541,0.12850192060183072,0.34305787086486816,0.09999999999999999,0.7
1775609598.866111,0.8256804313657186,0.8020884240163965,1.448234396227388,3.200902107981186,0.5887081973842578,0.08671669322044008,0.40913456678390503,0.09999999999999999,0.7
1775609598.9661403,0.8182985689434539,0.8493246918466814,1.6853145050348806,3.2105829752952717,0.5932185137701438,0.08545562820016273,0.46828502416610723,0.09999999999999999,0.7
1775609599.066102,0.8182985689434539,0.8493246918466814,1.6853145050348806,3.219824953543211,0.5984165159279569,0.1271704542449954,0.5417075157165526,0.09999999999999999,0.7
1775609599.1661441,0.8182985689434539,0.8493246918466814,1.6853145050348806,3.227009201878315,0.6030589310415417,0.08352461183504106,0.6123126149177551,0.09999999999999999,0.7
1775609599.2661674,0.8182985689434539,0.8493246918466814,1.6853145050348806,3.23538571909858,0.60926820369802,0.0857108706443823,0.6703259944915773,0.09999999999999999,0.7
1775609599.3662434,0.8018805402789054,0.8751856093476647,1.9592675259188301,3.243556465578086,0.6163398515287243,0.13054623130826265,0.7424086332321166,0.09999999999999999,0.7
1775609599.4661005,0.8018805402789054,0.8751856093476647,1.9592675259188301,3.2497538724915205,0.6224173643609243,0.08658252194886897,0.8160799741744996,0.09999999999999999,0.7
1775609599.5661256,0.8018805402789054,0.8751856093476647,1.9592675259188301,3.2568360955730262,0.6303437402853498,0.08364118498860502,0.8731703758239746,0.09999999999999999,0.7
1775609599.6661963,0.8018805402789054,0.8751856093476647,1.9592675259188301,3.263206840932814,0.6386293235874031,0.12338447600556945,0.9454250335693359,0.09999999999999999,0.7
1775609599.7661107,0.7642273587468247,0.917515071872021,2.23434285059193,3.268046039319868,0.6458047995571239,0.08609368451782576,1.0191479921340942,0.09999999999999999,0.6499999999999999
1775609599.8661153,0.7642273587468247,0.917515071872021,2.23434285059193,3.273520751489485,0.655268416411396,0.08904422316661875,1.0775055885314941,0.09999999999999999,0.6
1775609599.9662054,0.7642273587468247,0.917515071872021,2.23434285059193,3.278196753645164,0.6649262025832456,0.12841996801838362,1.1457667350769043,0.09999999999999999,0.5499999999999999
1775609600.066066,0.7642273587468247,0.917515071872021,2.23434285059193,3.2814917013978486,0.6727926870723681,0.0861754056387218,1.2078883647918701,0.09999999999999999,0.5
1775609600.166127,0.7389422659825468,0.9424823620667616,2.481408918194453,3.2850992607267346,0.6828991998161444,0.08398489230491483,1.2530131340026855,0.09999999999999999,0.5
1775609600.2661326,0.7389422659825468,0.9424823620667616,2.481408918194453,3.288139095884921,0.6932431730216578,0.12606067632478146,1.3072251081466677,0.09999999999999999,0.5
1775609600.3662271,0.7389422659825468,0.9424823620667616,2.481408918194453,3.290174727505755,0.7014477246113487,0.08403222156944001,1.348885178565979,0.09999999999999999,0.5
1775609600.466114,0.7389422659825468,0.9424823620667616,2.481408918194453,3.292177551625923,0.7116808405494536,0.1247561895828109,1.3972151279449463,0.09999999999999999,0.5
1775609600.5661044,0.7389422659825468,0.9424823620667616,2.481408918194453,3.293665363193155,0.7218224188561294,0.12698497583597754,1.4452447891235354,0.09999999999999999,0.5
1775609600.6660924,0.7389422659825468,0.9424823620667616,2.481408918194453,3.294547462149173,0.7304328658407127,0.08862271133076195,1.497642993927002,0.09999999999999999,0.5
1775609600.76613,0.7005952931136312,0.9729612655794757,2.76177046133933,3.2951403463723565,0.741325122130796,0.08745404161756727,1.5376958847045896,0.09999999999999999,0.5
1775609600.8661835,0.7005952931136312,0.9729612655794757,2.76177046133933,3.2951619279565665,0.751575157102696,0.12358366815208134,1.5877963304519653,0.09999999999999999,0.5
1775609600.9661725,0.7005952931136312,0.9729612655794757,2.76177046133933,3.294843710450114,0.7598197328923252,0.07992295041043496,1.6347981691360476,0.09999999999999999,0.5
1775609601.066079,0.7005952931136312,0.9729612655794757,2.76177046133933,3.2939447150179655,0.7703350220424321,0.08503278899241011,1.6882745027542114,0.09999999999999999,0.5
1775609601.166185,0.7005952931136312,0.9729612655794757,2.76177046133933,3.2925112714612674,0.7807656627619367,0.08554936193906694,1.7306157350540161,0.09999999999999999,0.5
1775609601.2661493,0.7005952931136312,0.9729612655794757,2.76177046133933,3.2904994406121943,0.7911773831858467,0.12597353616567372,1.7827225923538208,0.09999999999999999,0.5
1775609601.366156,0.662369779131869,0.9829481521401131,3.055739739388573,3.2885267090864407,0.7994231074347504,0.08448651559004366,1.8325566053390503,0.09999999999999999,0.5
1775609601.4660952,0.662369779131869,0.9829481521401131,3.055739739388573,3.2857353840427983,0.8091808531752758,0.07900888539921075,1.8708652257919312,0.09999999999999999,0.5
1775609601.5661156,0.662369779131869,0.9829481521401131,3.055739739388573,3.2823282522561756,0.8191427492798413,0.12486875514614273,1.9214268922805786,0.09999999999999999,0.45
1775609601.666165,0.662369779131869,0.9829481521401131,3.055739739388573,3.2784555252971006,0.8288786770323231,0.12451216869149945,1.9694448709487913,0.09999999999999999,0.4
1775609601.7661445,0.662369779131869,0.9829481521401131,3.055739739388573,3.2750112818766155,0.8366539044762785,0.08504483656983007,2.0106786489486694,0.09999999999999999,0.35000000000000003
1775609601.8661697,0.662369779131869,0.9829481521401131,3.055739739388573,3.2705441917103064,0.8458236026809807,0.08291467330454863,2.041478753089905,0.09999999999999999,0.30000000000000004
1775609601.9661183,0.6193820471122818,0.9818036193295243,-2.9940704903512034,3.2656459942069063,0.8549717990147373,0.12408020192324334,2.0770891904830933,0.09999999999999999,0.25000000000000006
1775609602.066147,0.6193820471122818,0.9818036193295243,-2.9940704903512034,3.260230298374805,0.8642949643354426,0.11904821960013579,2.1107975244522095,0.09999999999999999,0.20000000000000007
1775609602.166108,0.6193820471122818,0.9818036193295243,-2.9940704903512034,3.255886917767188,0.871340093195903,0.0856437473639069,2.13823664188385,0.09999999999999999,0.20000000000000004
1775609602.2661095,0.6193820471122818,0.9818036193295243,-2.9940704903512034,3.2500064574160614,0.8804078234455702,0.08727963916994236,2.1552587747573853,0.09999999999999999,0.20000000000000004
1775609602.3661878,0.6193820471122818,0.9818036193295243,-2.9940704903512034,3.2441037827436294,0.8890962203033248,0.12020586153001384,2.1759268045425415,0.09999999999999999,0.20000000000000004
1775609602.4661229,0.6193820471122818,0.9818036193295243,-2.9940704903512034,3.2392361593680654,0.8960078649787845,0.08510831274592155,2.195001006126404,0.09999999999999999,0.15000000000000002
1775609602.5661292,0.6193820471122818,0.9818036193295243,-2.9940704903512034,3.2328488971753173,0.9047260243408384,0.08729030387954745,2.212537407875061,0.09999999999999999,0.10000000000000003
1775609602.6661425,0.6193820471122818,0.9818036193295243,-2.9940704903512034,3.226375997684674,0.9131903804796488,0.12429211186252691,2.230782151222229,0.09999999999999999,0.10000000000000003
1775609602.7660832,0.6193820471122818,0.9818036193295243,-2.9940704903512034,3.221156700717149,0.9198083133191616,0.08674321613153911,2.2443586587905884,0.09999999999999999,0.10000000000000003
1775609602.8661742,0.6193820471122818,0.9818036193295243,-2.9940704903512034,3.214485015730736,0.9280844834329918,0.08442016270140926,2.2559462785720825,0.09999999999999999,0.10000000000000003
1775609602.966095,0.6193820471122818,0.9818036193295243,-2.9940704903512034,3.207882186426671,0.9360902493302007,0.12279208939475791,2.2638083696365356,0.09999999999999999,0.10000000000000003
1775609603.0661035,0.6193820471122818,0.9818036193295243,-2.9940704903512034,3.201095744766788,0.9441737027706438,0.11720785188135388,2.2736164331436157,0.09999999999999999,0.10000000000000003
1775609603.166103,0.6193820471122818,0.9818036193295243,-2.9940704903512034,3.1954969546003134,0.9507089730055267,0.08622244462219698,2.2860645055770874,0.09999999999999999,0.10000000000000003
1775609603.2661922,0.5161405117753634,0.9484256482203522,-2.7715180451848154,3.188256095841458,0.9589694749434372,0.08762595208943448,2.2961491346359253,0.09999999999999999,0.05000000000000003
1775609603.3661444,0.5161405117753634,0.9484256482203522,-2.7715180451848154,3.1810885206901527,0.9669566733488044,0.12856013917418524,2.305297017097473,0.09999999999999999,2.7755575615628914e-17
1775609603.466087,0.5161405117753634,0.9484256482203522,-2.7715180451848154,3.175496443653452,0.9731268553493042,0.0840104324309937,2.3087509870529175,0.09999999999999999,2.7755575615628914e-17
1775609603.5661008,0.5161405117753634,0.9484256482203522,-2.7715180451848154,3.1683665564228884,0.980977619282272,0.08403729914801535,2.3078566789627075,0.09999999999999999,2.7755575615628914e-17
1775609603.6661084,0.5161405117753634,0.9484256482203522,-2.7715180451848154,3.1613980029300737,0.9886671775370922,0.12352766469957638,2.307470679283142,0.09999999999999999,2.7755575615628914e-17
1775609603.7660956,0.5161405117753634,0.9484256482203522,-2.7715180451848154,3.1556197263077284,0.9950443590469773,0.08713034132826328,2.3070420026779175,0.09999999999999999,2.7755575615628914e-17
1775609603.866205,0.5161405117753634,0.9484256482203522,-2.7715180451848154,3.148481870777863,1.002922068019476,0.08530724623615918,2.3073607683181763,0.09999999999999999,2.7755575615628914e-17
1775609603.9661782,0.5161405117753634,0.9484256482203522,-2.7715180451848154,3.141230001104185,1.0109013838249357,0.1293594539699399,2.309383988380432,0.09999999999999999,2.7755575615628914e-17
1775609604.0661962,0.5161405117753634,0.9484256482203522,-2.7715180451848154,3.1357814347442856,1.0168941895037071,0.07955058888583817,2.308505892753601,0.09999999999999999,2.7755575615628914e-17
1775609604.1661365,0.5161405117753634,0.9484256482203522,-2.7715180451848154,3.128769489751409,1.0246127298162302,0.08251915520931177,2.3076401948928833,0.09999999999999999,2.7755575615628914e-17
1775609604.266124,0.5161405117753634,0.9484256482203522,-2.7715180451848154,3.1215837198592666,1.0325494865590787,0.08708386491360667,2.3052417039871216,0.09999999999999999,2.7755575615628914e-17
1775609604.3661363,0.5161405117753634,0.9484256482203522,-2.7715180451848154,3.114664061188238,1.0402150130597436,0.12553322130008568,2.3050705194473267,0.09999999999999999,2.7755575615628914e-17
1775609604.4661224,0.5161405117753634,0.9484256482203522,-2.7715180451848154,3.1076516747488205,1.04796731458378,0.12208086508346463,2.3068045377731323,0.09999999999999999,2.7755575615628914e-17
1775609604.5660987,0.5161405117753634,0.9484256482203522,-2.7715180451848154,3.101994152627972,1.0542148225163115,0.08661095075684526,2.307434916496277,0.09999999999999999,2.7755575615628914e-17
1775609604.6661892,0.5161405117753634,0.9484256482203522,-2.7715180451848154,3.0948147997879665,1.0621232351390797,0.08303206737699179,2.3083630800247192,0.09999999999999999,2.7755575615628914e-17
1775609604.766239,0.5161405117753634,0.9484256482203522,-2.7715180451848154,3.087954673162242,1.0696719355204414,0.12434070804264388,2.3083709478378296,0.09999999999999999,2.7755575615628914e-17
1775609604.8662062,0.5161405117753634,0.9484256482203522,-2.7715180451848154,3.0812643739470196,1.077032960541355,0.11758065912726434,2.308146357536316,0.09999999999999999,2.7755575615628914e-17
1775609604.966203,0.5161405117753634,0.9484256482203522,-2.7715180451848154,3.0743703761214745,1.084619281432084,0.12359449105492322,2.3088961839675903,0.09999999999999999,2.7755575615628914e-17
1775609605.0661705,0.5161405117753634,0.9484256482203522,-2.7715180451848154,3.0675511340766217,1.0921025193868485,0.11980860423044895,2.3108121156692505,0.09999999999999999,2.7755575615628914e-17
1775609605.1661448,0.5161405117753634,0.9484256482203522,-2.7715180451848154,3.061829259434112,1.0983599104451742,0.08637787147177368,2.3117796182632446,0.09999999999999999,2.7755575615628914e-17
1775609605.2660973,0.5161405117753634,0.9484256482203522,-2.7715180451848154,3.05463374683984,1.106219340792196,0.08206162972609862,2.312604784965515,0.09999999999999999,2.7755575615628914e-17
1775609605.3661544,0.5161405117753634,0.9484256482203522,-2.7715180451848154,3.0473563330572904,1.1141753671684602,0.12871564691304072,2.3110920190811157,0.09999999999999999,2.7755575615628914e-17
1775609605.4661608,0.5161405117753634,0.9484256482203522,-2.7715180451848154,3.0416061941326036,1.1204755016382975,0.08559733197091064,2.3094440698623657,0.09999999999999999,2.7755575615628914e-17
1775609605.5660937,0.5161405117753634,0.9484256482203522,-2.7715180451848154,3.034642302156695,1.1281351077864468,0.08096182813168225,2.308160185813904,0.09999999999999999,0.05000000000000003
1775609605.6661386,0.5161405117753634,0.9484256482203522,-2.7715180451848154,3.0274195281919543,1.1360724606857875,0.1494692363215253,2.309669613838196,0.09999999999999999,0.10000000000000003
1775609605.7661932,0.5161405117753634,0.9484256482203522,-2.7715180451848154,3.0217124971291813,1.1423091154821994,0.08534817588049935,2.315423369407654,0.09999999999999999,0.10000000000000003
1775609605.8661013,0.5161405117753634,0.9484256482203522,-2.7715180451848154,3.014585966488973,1.149991144325956,0.08871699329687177,2.3245726823806763,0.09999999999999999,0.10000000000000003
1775609605.966118,0.5161405117753634,0.9484256482203522,-2.7715180451848154,3.0073879173613483,1.1576062129622795,0.09026251883524387,2.332190155982971,0.09999999999999999,0.10000000000000003
1775609606.0661798,0.5161405117753634,0.9484256482203522,-2.7715180451848154,3.0001288672663007,1.165128003674238,0.15467518873985228,2.3419476747512817,0.09999999999999999,0.10000000000000003
1775609606.1661613,0.5161405117753634,0.9484256482203522,-2.7715180451848154,2.99428245076235,1.1710932168538772,0.08647413620412524,2.350844979286194,0.09999999999999999,0.10000000000000003
1775609606.266096,0.5161405117753634,0.9484256482203522,-2.7715180451848154,2.9866871933398578,1.178710654844853,0.0881761758540061,2.360488772392273,0.09999999999999999,0.10000000000000003
1775609606.366129,0.5161405117753634,0.9484256482203522,-2.7715180451848154,2.9792302123911734,1.186036270313467,0.08757954778147443,2.3697460889816284,0.09999999999999999,0.10000000000000003
1775609606.4661958,0.5161405117753634,0.9484256482203522,-2.7715180451848154,2.9715632433250407,1.1933999613667254,0.1555474322525145,2.3813425302505493,0.09999999999999999,0.05000000000000003
1775609606.566247,0.5161405117753634,0.9484256482203522,-2.7715180451848154,2.9640974278364425,1.200424247877113,0.124360496233026,2.3900257349014282,0.09999999999999999,2.7755575615628914e-17
1775609606.666244,0.21298875611196474,0.8193291059407164,-2.6851503888818242,2.957854726303039,1.2062366862471148,0.08364633470227865,2.3930691480636597,0.09999999999999999,2.7755575615628914e-17
1775609606.76619,0.21298875611196474,0.8193291059407164,-2.6851503888818242,2.950042273624733,1.213483177161064,0.1266198413887094,2.3938366174697876,0.09999999999999999,2.7755575615628914e-17
1775609606.8661363,0.21298875611196474,0.8193291059407164,-2.6851503888818242,2.9437294370035936,1.2193316821664681,0.08595806465490968,2.3951982259750366,0.09999999999999999,2.7755575615628914e-17
1775609606.9661832,0.21298875611196474,0.8193291059407164,-2.6851503888818242,2.9359570882206913,1.226509715109488,0.0858059330436578,2.3969651460647583,0.09999999999999999,2.7755575615628914e-17
1775609607.066157,0.21298875611196474,0.8193291059407164,-2.6851503888818242,2.9279570657687954,1.2338515063612718,0.12807854352427916,2.400380253791809,0.09999999999999999,2.7755575615628914e-17
1775609607.166165,0.21298875611196474,0.8193291059407164,-2.6851503888818242,2.921624708790389,1.2396414276981955,0.08560268509137099,2.401220917701721,0.09999999999999999,2.7755575615628914e-17
1775609607.2661204,0.21298875611196474,0.8193291059407164,-2.6851503888818242,2.9136621389908828,1.2469116823739672,0.08766414503043894,2.4017826318740845,0.09999999999999999,2.7755575615628914e-17
1775609607.3661695,0.21298875611196474,0.8193291059407164,-2.6851503888818242,2.905874050590756,1.2540351866583428,0.12717589193740297,2.399940609931946,0.09999999999999999,2.7755575615628914e-17
1775609607.466103,0.21298875611196474,0.8193291059407164,-2.6851503888818242,2.899551081019406,1.2598353582511133,0.08715741586849923,2.3991981744766235,0.09999999999999999,2.7755575615628914e-17
1775609607.5661535,0.21298875611196474,0.8193291059407164,-2.6851503888818242,2.8917730811667615,1.266969878169352,0.08196465954922219,2.399520754814148,0.09999999999999999,0.05000000000000003
1775609607.6661065,0.21298875611196474,0.8193291059407164,-2.6851503888818242,2.8838338073606997,1.2742281036036291,0.1295581225364673,2.4019593000411987,0.09999999999999999,0.10000000000000003
1775609607.7661297,0.21298875611196474,0.8193291059407164,-2.6851503888818242,2.877477032689136,1.2799911849453813,0.0855050963428834,2.4092780351638794,0.09999999999999999,0.10000000000000003
1775609607.8661542,0.21298875611196474,0.8193291059407164,-2.6851503888818242,2.8695537941251015,1.2870784512586477,0.08544380559686177,2.41506826877594,0.09999999999999999,0.10000000000000003
1775609607.9662056,0.21298875611196474,0.8193291059407164,-2.6851503888818242,2.8615652380882146,1.2940919834418314,0.1273967273736782,2.4246281385421753,0.09999999999999999,0.10000000000000003
1775609608.0661843,0.21298875611196474,0.8193291059407164,-2.6851503888818242,2.8553047631467043,1.2995056765383999,0.07993917571503056,2.434252142906189,0.09999999999999999,0.10000000000000003
1775609608.1661468,0.21298875611196474,0.8193291059407164,-2.6851503888818242,2.8469639945983367,1.3065758966188739,0.08953132930432928,2.4437979459762573,0.09999999999999999,0.10000000000000003
1775609608.2661567,0.21298875611196474,0.8193291059407164,-2.6851503888818242,2.8386554675458,1.3134480651979907,0.12935175233768903,2.454513430595398,0.09999999999999999,0.10000000000000003
1775609608.3660712,0.21298875611196474,0.8193291059407164,-2.6851503888818242,2.8320570235433653,1.3188132077660035,0.08754520069264131,2.464403510093689,0.09999999999999999,0.10000000000000003
1775609608.4661655,0.21298875611196474,0.8193291059407164,-2.6851503888818242,2.8238724302069764,1.3253564269999814,0.07961899197812249,2.4709640741348267,0.09999999999999999,0.05000000000000003
1775609608.566156,0.21298875611196474,0.8193291059407164,-2.6851503888818242,2.815432775004016,1.3319852925617914,0.12838226251586532,2.4786757230758667,0.09999999999999999,2.7755575615628914e-17
1775609608.6661599,0.21298875611196474,0.8193291059407164,-2.6851503888818242,2.807252716774623,1.3383297299661914,0.1222187094669007,2.4831467866897583,0.09999999999999999,2.7755575615628914e-17
1775609608.7660992,0.21298875611196474,0.8193291059407164,-2.6851503888818242,2.8003750489516737,1.343627578596242,0.08866558403541759,2.4868160486221313,0.09999999999999999,2.7755575615628914e-17
1775609608.8662493,0.21298875611196474,0.8193291059407164,-2.6851503888818242,2.791977359509663,1.350062822853987,0.0826133068899802,2.488829731941223,0.09999999999999999,2.7755575615628914e-17
1775609608.9661562,0.21298875611196474,0.8193291059407164,-2.6851503888818242,2.783384764319933,1.3566181923247758,0.12826975464563475,2.490522027015686,0.09999999999999999,2.7755575615628914e-17
1775609609.0660872,0.21298875611196474,0.8193291059407164,-2.6851503888818242,2.776495274097631,1.3618589609933798,0.08472846367173696,2.4922696352005005,0.09999999999999999,2.7755575615628914e-17
1775609609.1661477,0.21298875611196474,0.8193291059407164,-2.6851503888818242,2.7681265340227057,1.3682069397579606,0.08573135942950208,2.4928570985794067,0.09999999999999999,2.7755575615628914e-17
1775609609.266156,0.21298875611196474,0.8193291059407164,-2.6851503888818242,2.759741335703669,1.374575099043284,0.12633245149596461,2.4917725324630737,0.09999999999999999,2.7755575615628914e-17
1775609609.3660812,0.21298875611196474,0.8193291059407164,-2.6851503888818242,2.753108867912322,1.37961026396936,0.0816187997899187,2.4931622743606567,0.09999999999999999,2.7755575615628914e-17
1775609609.4661684,0.21298875611196474,0.8193291059407164,-2.6851503888818242,2.7444528698869517,1.3861658752526869,0.08574854718952311,2.493266463279724,0.09999999999999999,2.7755575615628914e-17
1775609609.5661151,0.21298875611196474,0.8193291059407164,-2.6851503888818242,2.7359972564497252,1.3925668433241978,0.12463562145500749,2.49360454082489,0.09999999999999999,2.7755575615628914e-17
1775609609.6662312,0.21298875611196474,0.8193291059407164,-2.6851503888818242,2.7275822497931936,1.3989375826486874,0.12480594313722401,2.4933971166610718,0.09999999999999999,2.7755575615628914e-17
1775609609.7661622,0.21298875611196474,0.8193291059407164,-2.6851503888818242,2.721046836246515,1.4038912914617399,0.08360865627119547,2.492662787437439,0.09999999999999999,2.7755575615628914e-17
1775609609.8661232,0.21298875611196474,0.8193291059407164,-2.6851503888818242,2.712924750149674,1.4100618583045479,0.08122089525069665,2.49022376537323,0.09999999999999999,2.7755575615628914e-17
1775609609.9661958,0.21298875611196474,0.8193291059407164,-2.6851503888818242,2.704854780273558,1.4162173164379854,0.08407023005674384,2.4896963834762573,0.09999999999999999,2.7755575615628914e-17
1775609610.0661364,-0.09842004633073975,0.664785070094941,-2.5953790501637006,2.6965182775588934,1.422565880664525,0.12781970152668928,2.491397261619568,0.09999999999999999,2.7755575615628914e-17
1775609610.1661968,-0.09842004633073975,0.664785070094941,-2.5953790501637006,2.6881139838809216,1.4289507453171744,0.12469191083932316,2.492487072944641,0.09999999999999999,2.7755575615628914e-17
1775609610.2660751,-0.09842004633073975,0.664785070094941,-2.5953790501637006,2.6815374909741214,1.433934058996087,0.08124856286169894,2.493975043296814,0.09999999999999999,2.7755575615628914e-17
1775609610.3661163,-0.09842004633073975,0.664785070094941,-2.5953790501637006,2.672980019473168,1.440410148225766,0.08533631447409096,2.4937225580215454,0.09999999999999999,2.7755575615628914e-17
1775609610.4661367,-0.09842004633073975,0.664785070094941,-2.5953790501637006,2.664449582493912,1.4468800055167068,0.12777262348371332,2.491712212562561,0.09999999999999999,0.05000000000000003
1775609610.5661845,-0.09842004633073975,0.664785070094941,-2.5953790501637006,2.657802712635959,1.451938050335463,0.08114046015460129,2.49093496799469,0.09999999999999999,0.10000000000000003
1775609610.6661985,-0.09842004633073975,0.664785070094941,-2.5953790501637006,2.649618814045947,1.458152767520255,0.08258238677728505,2.4952844381332397,0.09999999999999999,0.10000000000000003
1775609610.766102,-0.09842004633073975,0.664785070094941,-2.5953790501637006,2.6411125786622414,1.4645285760464803,0.08603594655568864,2.5019909143447876,0.09999999999999999,0.10000000000000003
1775609610.8660793,-0.09842004633073975,0.664785070094941,-2.5953790501637006,2.6323348350718057,1.4709630879757716,0.13044626955756966,2.5133484601974487,0.09999999999999999,0.10000000000000003
1775609610.966095,-0.09842004633073975,0.664785070094941,-2.5953790501637006,2.6255340688756594,1.4758556647383787,0.0881110652427202,2.5232354402542114,0.09999999999999999,0.10000000000000003
1775609611.066095,-0.09842004633073975,0.664785070094941,-2.5953790501637006,2.6170712457810876,1.4818176495975193,0.08249801429972964,2.5338975191116333,0.09999999999999999,0.10000000000000003
1775609611.166082,-0.09842004633073975,0.664785070094941,-2.5953790501637006,2.608551697289824,1.4876983187252304,0.08489573764832535,2.541676163673401,0.09999999999999999,0.10000000000000003
1775609611.2661085,-0.09842004633073975,0.664785070094941,-2.5953790501637006,2.5995904214838417,1.4937398536186255,0.13016234750094738,2.5534697771072388,0.09999999999999999,0.10000000000000003
1775609611.3661535,-0.09842004633073975,0.664785070094941,-2.5953790501637006,2.5923409871709158,1.498516318517651,0.0880564693306472,2.5653382539749146,0.09999999999999999,0.10000000000000003
1775609611.4661107,-0.09842004633073975,0.664785070094941,-2.5953790501637006,2.583422207190168,1.5042543103006207,0.08657539861307541,2.574780821800232,0.09999999999999999,0.10000000000000003
1775609611.566061,-0.09842004633073975,0.664785070094941,-2.5953790501637006,2.5743758557912955,1.509933123167978,0.12747178254383643,2.5849822759628296,0.09999999999999999,0.10000000000000003
1775609611.6661816,-0.09842004633073975,0.664785070094941,-2.5953790501637006,2.5671171471621737,1.514412705789557,0.0866015630971118,2.593009114265442,0.09999999999999999,0.10000000000000003
1775609611.7660851,-0.09842004633073975,0.664785070094941,-2.5953790501637006,2.5582912289755857,1.519774133199371,0.08444484871855006,2.5990744829177856,0.09999999999999999,0.10000000000000003
1775609611.8661535,-0.09842004633073975,0.664785070094941,-2.5953790501637006,2.549392935614103,1.5250642177299458,0.12788229890198036,2.6099478006362915,0.09999999999999999,0.10000000000000003
1775609611.9661856,-0.09842004633073975,0.664785070094941,-2.5953790501637006,2.541820583062132,1.5294633700752212,0.08866808135726549,2.622012495994568,0.09999999999999999,0.10000000000000003
1775609612.06624,-0.09842004633073975,0.664785070094941,-2.5953790501637006,2.5326367651612016,1.5346648696789158,0.08318364175102401,2.6310893297195435,0.09999999999999999,0.15000000000000002
1775609612.166171,-0.09842004633073975,0.664785070094941,-2.5953790501637006,2.5233269758510124,1.539796560563766,0.12596881509661098,2.6422706842422485,0.09999999999999999,0.2
1775609612.2661035,-0.09842004633073975,0.664785070094941,-2.5953790501637006,2.5142453792000423,1.5446589959704888,0.1162183370088491,2.6557990312576294,0.09999999999999999,0.20000000000000004
1775609612.366137,-0.09842004633073975,0.664785070094941,-2.5953790501637006,2.507101183780342,1.5483660903911334,0.07400609532408292,2.6721030473709106,0.09999999999999999,0.20000000000000004
1775609612.4660757,-0.09842004633073975,0.664785070094941,-2.5953790501637006,2.4978798896044494,1.552957944731879,0.06894808799225546,2.691820740699768,0.09999999999999999,0.20000000000000004
1775609612.566178,-0.09842004633073975,0.664785070094941,-2.5953790501637006,2.4884983684464417,1.5573935229997429,0.08203052757180672,2.712476372718811,0.09999999999999999,0.20000000000000004
1775609612.6661773,-0.2890559307267578,0.5124437406419121,-2.3402510694307574,2.4789847982046918,1.5616636186115675,0.08187336835874487,2.7277175188064575,0.09999999999999999,0.20000000000000004
1775609612.7660966,-0.2890559307267578,0.5124437406419121,-2.3402510694307574,2.469572179583969,1.5656587796639228,0.12363302221923737,2.747724413871765,0.09999999999999999,0.20000000000000004
1775609612.8661578,-0.2890559307267578,0.5124437406419121,-2.3402510694307574,2.460063598626015,1.5694881800145728,0.12286235951971364,2.7657986879348755,0.09999999999999999,0.20000000000000004
1775609612.9661965,-0.2890559307267578,0.5124437406419121,-2.3402510694307574,2.461969496321726,1.56880302933875,0.11369781425063116,2.7833706776248377,0.09999999999999999,0.20000000000000004
1775609613.0660996,-0.2890559307267578,0.5124437406419121,-2.3402510694307574,2.4541688077732533,1.5716436409210628,0.07445081013583046,2.803885165845053,0.09999999999999999,0.20000000000000004
1775609613.166083,-0.2890559307267578,0.5124437406419121,-2.3402510694307574,2.4442066624932384,1.5750521190604214,0.0737195039298306,2.8249949852572844,0.09999999999999999,0.20000000000000004
1775609613.2661147,-0.2890559307267578,0.5124437406419121,-2.3402510694307574,2.434348019637088,1.5782098133557931,0.08292627710806809,2.8402122894870208,0.09999999999999999,0.20000000000000004
1775609613.366156,-0.2890559307267578,0.5124437406419121,-2.3402510694307574,2.4241396240157065,1.581264524545564,0.12099695056666512,2.86263889471163,0.09999999999999999,0.20000000000000004
1775609613.4660952,-0.2890559307267578,0.5124437406419121,-2.3402510694307574,2.415968803343643,1.583529640761558,0.07333211420822404,2.8822864929782317,0.09999999999999999,0.20000000000000004
1775609613.5660832,-0.2890559307267578,0.5124437406419121,-2.3402510694307574,2.40569819284236,1.5861720678549915,0.08031922776546511,2.8991462627993987,0.09999999999999999,0.20000000000000004
1775609613.6661196,-0.2890559307267578,0.5124437406419121,-2.3402510694307574,2.3952602785382964,1.5886656451870218,0.08576780029892841,2.916454736386435,0.09999999999999999,0.20000000000000004
1775609613.766166,-0.2890559307267578,0.5124437406419121,-2.3402510694307574,2.385190422287943,1.590837047268087,0.12558280082757772,2.937760774289267,0.09999999999999999,0.20000000000000004
1775609613.8661494,-0.3434240134760141,0.4138761122095802,-2.0839093570258598,2.376992101554841,1.5924340504375578,0.08047645679566351,2.9581877628909514,0.09999999999999999,0.20000000000000004
1775609613.966098,-0.3434240134760141,0.4138761122095802,-2.0839093570258598,2.366847504146552,1.594224093909913,0.08203965298005801,2.978974048291342,0.09999999999999999,0.20000000000000004
1775609614.0661619,-0.3434240134760141,0.4138761122095802,-2.0839093570258598,2.356520672891714,1.5958448293249374,0.08656854482969109,2.9941946903811854,0.09999999999999999,0.20000000000000004
1775609614.1661637,-0.3434240134760141,0.4138761122095802,-2.0839093570258598,2.3457605202419334,1.5973001674781468,0.13122360941437933,3.0163266102420256,0.09999999999999999,0.20000000000000004
1775609614.2661037,-0.3434240134760141,0.4138761122095802,-2.0839093570258598,2.3371886417164984,1.598307467113958,0.08563097952791242,3.0339211861239836,0.09999999999999999,0.20000000000000004
1775609614.3661592,-0.3434240134760141,0.4138761122095802,-2.0839093570258598,2.326480075533804,1.599325979945193,0.12842758722388076,3.0553295055972503,0.09999999999999999,0.20000000000000004
1775609614.466311,-0.3434240134760141,0.4138761122095802,-2.0839093570258598,2.317875056506515,1.5999931572488175,0.0841785723619466,3.074541036282675,0.09999999999999999,0.20000000000000004
1775609614.5660906,-0.3434240134760141,0.4138761122095802,-2.0839093570258598,2.3074657298783245,1.6006151758786873,0.0805037903582306,3.093245450650351,0.09999999999999999,0.15000000000000002
1775609614.6662557,-0.3434240134760141,0.4138761122095802,-2.0839093570258598,2.2967937583953932,1.6010549151504092,0.08724138037308751,3.1092194954501555,0.09999999999999999,0.10000000000000003
1775609614.7660964,-0.3434240134760141,0.4138761122095802,-2.0839093570258598,2.2880639943958307,1.6012559413773808,0.08866466110899238,3.1291634480105803,0.09999999999999999,0.10000000000000003
1775609614.866073,-0.3434240134760141,0.4138761122095802,-2.0839093570258598,2.2774084939069543,1.6013266143487357,0.08361781151886342,-3.139811396598816,0.09999999999999999,0.10000000000000003
1775609614.9661434,-0.3434240134760141,0.4138761122095802,-2.0839093570258598,2.267056595892176,1.60127037961098,0.08144479957914474,-3.131771206855774,0.09999999999999999,0.10000000000000003
1775609615.066136,-0.41747626087463097,0.3006993622355086,-1.8977377762174397,2.2568323655898497,1.6011100310816662,0.12350039327049964,-3.121918797492981,0.09999999999999999,0.10000000000000003
1775609615.166195,-0.41747626087463097,0.3006993622355086,-1.8977377762174397,2.2464073149696913,1.600862647192757,0.12209451977127767,-3.114498496055603,0.09999999999999999,0.15000000000000002
1775609615.2662394,-0.41747626087463097,0.3006993622355086,-1.8977377762174397,2.2380085637266802,1.6005919047117516,0.08734583001801102,-3.1031213998794556,0.09999999999999999,0.2
1775609615.366142,-0.41747626087463097,0.3006993622355086,-1.8977377762174397,2.2272370644198705,1.6001095256893816,0.08587238125350853,-3.0898035764694214,0.09999999999999999,0.20000000000000004
1775609615.4661505,-0.41747626087463097,0.3006993622355086,-1.8977377762174397,2.2165018090625783,1.5994272549134252,0.1294366741805638,-3.0698989629745483,0.09999999999999999,0.20000000000000004
1775609615.5661697,-0.41747626087463097,0.3006993622355086,-1.8977377762174397,2.2083025889494468,1.5987655882539282,0.08543980515653399,-3.050313353538513,0.09999999999999999,0.20000000000000004
1775609615.6661484,-0.41747626087463097,0.3006993622355086,-1.8977377762174397,2.1977234467853863,1.5977228203164906,0.08954822614591622,-3.03460156917572,0.09999999999999999,0.20000000000000004
1775609615.766089,-0.41747626087463097,0.3006993622355086,-1.8977377762174397,2.187268756420344,1.5964731436746513,0.12824585295309013,-3.0141032934188843,0.09999999999999999,0.20000000000000004
1775609615.866146,-0.41747626087463097,0.3006993622355086,-1.8977377762174397,2.1787693257166403,1.595298668177353,0.08596683012821486,-2.9921268224716187,0.09999999999999999,0.20000000000000004
1775609615.9660969,-0.41747626087463097,0.3006993622355086,-1.8977377762174397,2.167971267228681,1.5935791821822252,0.08939662976525015,-2.973816990852356,0.09999999999999999,0.20000000000000004
1775609616.0661972,-0.41747626087463097,0.3006993622355086,-1.8977377762174397,2.1573398695536388,1.5916361168007849,0.12840233700073883,-2.9516388177871704,0.09999999999999999,0.20000000000000004
1775609616.1662495,-0.41747626087463097,0.3006993622355086,-1.8977377762174397,2.1489287240588633,1.589941179015652,0.0859806998511534,-2.932111144065857,0.09999999999999999,0.20000000000000004
1775609616.266071,-0.44473141146510936,0.19800871497528566,-1.6928545071132626,2.1388697988332974,1.587719570418704,0.08448212453022158,-2.9129749536514282,0.09999999999999999,0.20000000000000004
1775609616.3661206,-0.44473141146510936,0.19800871497528566,-1.6928545071132626,2.129076494047223,1.585359965032136,0.08540909772462105,-2.895119309425354,0.09999999999999999,0.20000000000000004
1775609616.4661682,-0.44473141146510936,0.19800871497528566,-1.6928545071132626,2.1189470378142463,1.5826780008294896,0.12595439473638217,-2.8746811151504517,0.09999999999999999,0.20000000000000004
1775609616.566112,-0.44473141146510936,0.19800871497528566,-1.6928545071132626,2.1089511387613338,1.5797979215153684,0.12676880747276237,-2.8525575399398804,0.09999999999999999,0.20000000000000004
1775609616.6661756,-0.44473141146510936,0.19800871497528566,-1.6928545071132626,2.1010624669656686,1.5773790588400385,0.08164690750163947,-2.832898736000061,0.09999999999999999,0.15000000000000002
1775609616.7660758,-0.44473141146510936,0.19800871497528566,-1.6928545071132626,2.0912937196317833,1.574190220067809,0.08117493722936402,-2.8154982328414917,0.09999999999999999,0.10000000000000003
1775609616.8661065,-0.44473141146510936,0.19800871497528566,-1.6928545071132626,2.081576831018119,1.5708465642223655,0.08060305155034914,-2.8024731874465942,0.09999999999999999,0.10000000000000003
1775609616.966154,-0.44473141146510936,0.19800871497528566,-1.6928545071132626,2.071996622039059,1.567419094248434,0.08263623161656343,-2.793063521385193,0.09999999999999999,0.10000000000000003
1775609617.0661578,-0.44473141146510936,0.19800871497528566,-1.6928545071132626,2.062174457072181,1.5637686404929039,0.12634339986554585,-2.7818533182144165,0.09999999999999999,0.10000000000000003
1775609617.1661074,-0.44473141146510936,0.19800871497528566,-1.6928545071132626,2.0527418490758533,1.5601610865680733,0.12069416858662321,-2.772541880607605,0.09999999999999999,0.10000000000000003
1775609617.2660868,-0.44473141146510936,0.19800871497528566,-1.6928545071132626,2.0432485457582747,1.556430011679268,0.12274877273612098,-2.7637070417404175,0.09999999999999999,0.10000000000000003
1775609617.3661048,-0.44473141146510936,0.19800871497528566,-1.6928545071132626,2.034091994852145,1.5527425852940586,0.11762396303088227,-2.755313992500305,0.09999999999999999,0.10000000000000003
1775609617.4660926,-0.44473141146510936,0.19800871497528566,-1.6928545071132626,2.026227633156187,1.5495059135143772,0.08527463546591582,-2.745552897453308,0.09999999999999999,0.10000000000000003
1775609617.5660975,-0.44473141146510936,0.19800871497528566,-1.6928545071132626,2.0164590639587257,1.5453774271283633,0.08525994122872597,-2.737411618232727,0.09999999999999999,0.10000000000000003
1775609617.6661155,-0.44473141146510936,0.19800871497528566,-1.6928545071132626,2.0064375347829286,1.5410042057383135,0.13428616911008526,-2.7256630659103394,0.09999999999999999,0.10000000000000003
1775609617.7661197,-0.44473141146510936,0.19800871497528566,-1.6928545071132626,1.9985603972850214,1.5374766844909122,0.0858822897382883,-2.715363621711731,0.09999999999999999,0.10000000000000003
1775609617.8661485,-0.46335823892563244,0.05549927261690604,-1.5059311616130786,1.9887134071484232,1.5329612120061382,0.08625395524583558,-2.706014037132263,0.09999999999999999,0.10000000000000003
1775609617.966163,-0.46335823892563244,0.05549927261690604,-1.5059311616130786,1.979482736277443,1.5286208669105195,0.12150409230073675,-2.6987000703811646,0.09999999999999999,0.10000000000000003
1775609618.0661244,-0.46335823892563244,0.05549927261690604,-1.5059311616130786,1.9702665414592737,1.5241911448783068,0.12403367008735906,-2.689573645591736,0.09999999999999999,0.15000000000000002
1775609618.1660824,-0.46335823892563244,0.05549927261690604,-1.5059311616130786,1.9626148980173685,1.5204218757479833,0.08763837592222411,-2.6765798330307007,0.09999999999999999,0.2
1775609618.266111,-0.46335823892563244,0.05549927261690604,-1.5059311616130786,1.9529904358592836,1.5155052713782138,0.08645776400923666,-2.658424973487854,0.09999999999999999,0.20000000000000004
1775609618.3661256,-0.46335823892563244,0.05549927261690604,-1.5059311616130786,1.9438459394597396,1.5105995226231386,0.12556788593267668,-2.641424536705017,0.09999999999999999,0.20000000000000004
1775609618.4661667,-0.46335823892563244,0.05549927261690604,-1.5059311616130786,1.936610753434749,1.5065286906958217,0.08506876327187102,-2.6196595430374146,0.09999999999999999,0.20000000000000004
1775609618.5661316,-0.46335823892563244,0.05549927261690604,-1.5059311616130786,1.9275830707771437,1.5012089436512557,0.08575651525707384,-2.599105954170227,0.09999999999999999,0.20000000000000004
1775609618.6661713,-0.46335823892563244,0.05549927261690604,-1.5059311616130786,1.9189284039387227,1.4959071966798847,0.08511922818411302,-2.5799463987350464,0.09999999999999999,0.20000000000000004
1775609618.76611,-0.46335823892563244,0.05549927261690604,-1.5059311616130786,1.9101611760889692,1.4902612417797927,0.12658474888102095,-2.561735510826111,0.09999999999999999,0.20000000000000004
1775609618.8661778,-0.46335823892563244,0.05549927261690604,-1.5059311616130786,1.9013002498320206,1.4842974271813278,0.12974444837480192,-2.5407246351242065,0.09999999999999999,0.20000000000000004
1775609618.9660707,-0.46335823892563244,0.05549927261690604,-1.5059311616130786,1.894161571001974,1.4793127231057064,0.08507948982491728,-2.5218814611434937,0.09999999999999999,0.20000000000000004
1775609619.0660672,-0.46335823892563244,0.05549927261690604,-1.5059311616130786,1.88592407140186,1.4733402854786277,0.08401270692551596,-2.5036038160324097,0.09999999999999999,0.20000000000000004
1775609619.1662457,-0.46335823892563244,0.05549927261690604,-1.5059311616130786,1.8778685702998825,1.4672916294694904,0.07940363930334725,-2.4898236989974976,0.09999999999999999,0.20000000000000004
1775609619.2661467,-0.4487232173873798,-0.064780236674226,-1.2698112196799776,1.8696326312116138,1.4608543546126473,0.12517319964641255,-2.470070719718933,0.09999999999999999,0.20000000000000004
1775609619.366142,-0.4487232173873798,-0.064780236674226,-1.2698112196799776,1.86284929985861,1.4553557047308314,0.08853322347859854,-2.4478553533554077,0.09999999999999999,0.20000000000000004
1775609619.4661565,-0.4487232173873798,-0.064780236674226,-1.2698112196799776,1.854712054658988,1.4484760774946996,0.08300733727467356,-2.4305518865585327,0.09999999999999999,0.20000000000000004
1775609619.5661323,-0.4487232173873798,-0.064780236674226,-1.2698112196799776,1.846645813264594,1.441359418180384,0.1271780152073427,-2.4103444814682007,0.09999999999999999,0.20000000000000004
1775609619.6661217,-0.4487232173873798,-0.064780236674226,-1.2698112196799776,1.8403459980814978,1.4356090645500768,0.08553475102250008,-2.391785979270935,0.09999999999999999,0.20000000000000004
1775609619.766155,-0.4487232173873798,-0.064780236674226,-1.2698112196799776,1.832689178912643,1.4283815720732065,0.08449417119422344,-2.376858115196228,0.09999999999999999,0.20000000000000004
1775609619.8661165,-0.4487232173873798,-0.064780236674226,-1.2698112196799776,1.825186997458975,1.4209937902674354,0.12911334953742246,-2.3556236028671265,0.09999999999999999,0.20000000000000004
1775609619.966178,-0.4487232173873798,-0.064780236674226,-1.2698112196799776,1.8190926735314858,1.4147755301318115,0.08768947446979107,-2.334329605102539,0.09999999999999999,0.20000000000000004
1775609620.0663128,-0.4487232173873798,-0.064780236674226,-1.2698112196799776,1.8117126527516978,1.406949464338903,0.087090399568903,-2.3176724910736084,0.09999999999999999,0.20000000000000004
1775609620.1662047,-0.4487232173873798,-0.064780236674226,-1.2698112196799776,1.8047567055552107,1.3992486667951498,0.12772798184143105,-2.297633409500122,0.09999999999999999,0.20000000000000004
1775609620.2661695,-0.4487232173873798,-0.064780236674226,-1.2698112196799776,1.7991137383534919,1.3927851564102327,0.08457976242575273,-2.2773540019989014,0.09999999999999999,0.20000000000000004
1775609620.3661044,-0.4487232173873798,-0.064780236674226,-1.2698112196799776,1.7925645820527587,1.3849983296787896,0.08201162324432122,-2.257770299911499,0.09999999999999999,0.20000000000000004
1775609620.4660819,-0.3978915615191284,-0.17819956559650532,-1.0209418507368562,1.785954034641723,1.3768030499839956,0.08206026332734476,-2.2362042665481567,0.09999999999999999,0.20000000000000004
1775609620.566273,-0.3978915615191284,-0.17819956559650532,-1.0209418507368562,1.7796525061010235,1.3686538909380948,0.08302212308866405,-2.219394087791443,0.09999999999999999,0.20000000000000004
1775609620.666112,-0.3978915615191284,-0.17819956559650532,-1.0209418507368562,1.7734348310948485,1.3602509309351416,0.12501206843877596,-2.1997146606445312,0.09999999999999999,0.20000000000000004
1775609620.766092,-0.3978915615191284,-0.17819956559650532,-1.0209418507368562,1.7675620451095284,1.3519731215786752,0.12078471829242697,-2.1802996397018433,0.09999999999999999,0.20000000000000004
1775609620.8661788,-0.3978915615191284,-0.17819956559650532,-1.0209418507368562,1.761840336654306,1.3435901606893785,0.1170446743359782,-2.1620291471481323,0.09999999999999999,0.20000000000000004
1775609620.966152,-0.3978915615191284,-0.17819956559650532,-1.0209418507368562,1.7572792989494208,1.3366535411667047,0.08570049857125671,-2.141165018081665,0.09999999999999999,0.20000000000000004
1775609621.066165,-0.3978915615191284,-0.17819956559650532,-1.0209418507368562,1.751654286190681,1.3277229392535148,0.08412730477237536,-2.1228525638580322,0.09999999999999999,0.20000000000000004
1775609621.1662478,-0.3978915615191284,-0.17819956559650532,-1.0209418507368562,1.7461327771277075,1.3184912660608605,0.13018487299404574,-2.101699948310852,0.09999999999999999,0.20000000000000004
1775609621.2661285,-0.3978915615191284,-0.17819956559650532,-1.0209418507368562,1.741945124157623,1.3112060308607478,0.08502933895289357,-2.0814757347106934,0.09999999999999999,0.20000000000000004
1775609621.3661454,-0.3978915615191284,-0.17819956559650532,-1.0209418507368562,1.7368776246059743,1.3020054402697456,0.08408363748645686,-2.0631293058395386,0.09999999999999999,0.20000000000000004
1775609621.4660943,-0.3978915615191284,-0.17819956559650532,-1.0209418507368562,1.732000782789752,1.2927595446538864,0.08453632972628697,-2.0475809574127197,0.09999999999999999,0.20000000000000004
1775609621.56617,-0.3978915615191284,-0.17819956559650532,-1.0209418507368562,1.7272540007292627,1.2832761563920458,0.12455796511160315,-2.025917410850525,0.09999999999999999,0.20000000000000004
1775609621.6660957,-0.33048073885293117,-0.24881676699670235,-0.7971081312404421,1.723502786442925,1.275418933782178,0.08861726628862772,-2.0046826601028442,0.09999999999999999,0.20000000000000004
1775609621.766146,-0.33048073885293117,-0.24881676699670235,-0.7971081312404421,1.7191569305335432,1.2658562725081777,0.08557066713500618,-1.9887373447418213,0.09999999999999999,0.20000000000000004
1775609621.8661911,-0.33048073885293117,-0.24881676699670235,-0.7971081312404421,1.715047310600592,1.2562998872203723,0.12301845844230319,-1.9690775871276858,0.09999999999999999,0.20000000000000004
1775609621.9661965,-0.33048073885293117,-0.24881676699670235,-0.7971081312404421,1.7110903254415832,1.24659722245054,0.12834031966489817,-1.9510124921798706,0.09999999999999999,0.20000000000000004
1775609622.0661082,-0.33048073885293117,-0.24881676699670235,-0.7971081312404421,1.7080888689816076,1.2388570145348272,0.0876222101964696,-1.929061770439148,0.09999999999999999,0.20000000000000004
1775609622.1661198,-0.33048073885293117,-0.24881676699670235,-0.7971081312404421,1.7044129642642358,1.2288015123357026,0.08807701545357544,-1.9119309186935425,0.09999999999999999,0.20000000000000004
1775609622.2661736,-0.33048073885293117,-0.24881676699670235,-0.7971081312404421,1.701054495729366,1.218956015062643,0.12556723033153333,-1.8908565044403074,0.09999999999999999,0.20000000000000004
1775609622.3661227,-0.33048073885293117,-0.24881676699670235,-0.7971081312404421,1.6978514297241976,1.2088993445489278,0.12931692954721238,-1.8717759847640993,0.09999999999999999,0.20000000000000004
1775609622.4662051,-0.33048073885293117,-0.24881676699670235,-0.7971081312404421,1.6955065581737567,1.2011204409679013,0.08178126083077206,-1.852839469909668,0.09999999999999999,0.20000000000000004
1775609622.5661411,-0.33048073885293117,-0.24881676699670235,-0.7971081312404421,1.69269844561161,1.1911828860380167,0.08362260840342084,-1.8376647233963013,0.09999999999999999,0.20000000000000004
1775609622.6661901,-0.33048073885293117,-0.24881676699670235,-0.7971081312404421,1.6899790650241786,1.1807492232076306,0.12918792054851774,-1.817740797996521,0.09999999999999999,0.20000000000000004
1775609622.7661407,-0.33048073885293117,-0.24881676699670235,-0.7971081312404421,1.6879314643266128,1.1722866670742613,0.08709865683134697,-1.7963565587997437,0.09999999999999999,0.20000000000000004
1775609622.866137,-0.24742863968717488,-0.31537815236127104,-0.5697584468256596,1.6856677217544271,1.1620556133366042,0.08229942872312934,-1.7765183448791502,0.09999999999999999,0.20000000000000004
1775609622.966158,-0.24742863968717488,-0.31537815236127104,-0.5697584468256596,1.6835969969652738,1.1517578925698828,0.08506353544053116,-1.7605576515197756,0.09999999999999999,0.20000000000000004
1775609623.0661464,-0.24742863968717488,-0.31537815236127104,-0.5697584468256596,1.681694228549153,1.1411705989606231,0.12879704334952843,-1.7411037683486936,0.09999999999999999,0.20000000000000004
1775609623.1661835,-0.24742863968717488,-0.31537815236127104,-0.5697584468256596,1.6803878885971744,1.1331260462646524,0.08148593818582563,-1.7201869487762453,0.09999999999999999,0.20000000000000004
1775609623.2661502,-0.24742863968717488,-0.31537815236127104,-0.5697584468256596,1.6788557318904025,1.1223509408196473,0.08662855832219676,-1.702410101890564,0.09999999999999999,0.20000000000000004
1775609623.366144,-0.24742863968717488,-0.31537815236127104,-0.5697584468256596,1.6776046920884522,1.111819971674362,0.1297869494494511,-1.6799212694168093,0.09999999999999999,0.20000000000000004
1775609623.4661887,-0.24742863968717488,-0.31537815236127104,-0.5697584468256596,1.6767440373383755,1.103257590127288,0.08655303691335933,-1.66008460521698,0.09999999999999999,0.20000000000000004
1775609623.5661554,-0.24742863968717488,-0.31537815236127104,-0.5697584468256596,1.6758961558692043,1.0928641981913472,0.08357388828563517,-1.6437429189682007,0.09999999999999999,0.20000000000000004
1775609623.6661696,-0.24742863968717488,-0.31537815236127104,-0.5697584468256596,1.6752622369763912,1.0825570183812447,0.12665627671113736,-1.625247597694397,0.09999999999999999,0.20000000000000004
1775609623.7662835,-0.24742863968717488,-0.31537815236127104,-0.5697584468256596,1.6748986658550409,1.073908543292245,0.08758898204540558,-1.602416753768921,0.09999999999999999,0.20000000000000004
1775609623.8661852,-0.24742863968717488,-0.31537815236127104,-0.5697584468256596,1.6746627294889092,1.06333146986702,0.08621039170445526,-1.5798810720443728,0.09999999999999999,0.20000000000000004
1775609623.9661393,-0.24742863968717488,-0.31537815236127104,-0.5697584468256596,1.6746457989400378,1.0528023309196972,0.08404185453196185,-1.5627185106277466,0.09999999999999999,0.20000000000000004
1775609624.0661392,-0.17307490472559187,-0.3521390719384423,-0.3536599380766158,1.6748545750963826,1.0420980680337846,0.1283012112612,-1.5432721376419067,0.09999999999999999,0.20000000000000004
1775609624.1661932,-0.17307490472559187,-0.3521390719384423,-0.3536599380766158,1.675149946270681,1.0337761782932136,0.08406690115422175,-1.5251052379608154,0.09999999999999999,0.20000000000000004
1775609624.266245,-0.17307490472559187,-0.3521390719384423,-0.3536599380766158,1.6757193563307398,1.0230849983252512,0.08613524730190265,-1.5085874795913696,0.09999999999999999,0.20000000000000004
1775609624.3661926,-0.17307490472559187,-0.3521390719384423,-0.3536599380766158,1.6765135482038491,1.0125097417372568,0.12958120032604464,-1.4874037504196167,0.09999999999999999,0.20000000000000004
1775609624.4661405,-0.17307490472559187,-0.3521390719384423,-0.3536599380766158,1.677313379809231,1.0038906314118128,0.0870560213100676,-1.4669839143753052,0.09999999999999999,0.20000000000000004
1775609624.5661101,-0.17307490472559187,-0.3521390719384423,-0.3536599380766158,1.6784653272652061,0.9935774968928247,0.08493725047397288,-1.4481146335601809,0.09999999999999999,0.20000000000000004
1775609624.6661646,-0.17307490472559187,-0.3521390719384423,-0.3536599380766158,1.6797926142881963,0.9833364528321645,0.08056523502651808,-1.4338040351867676,0.09999999999999999,0.20000000000000004
1775609624.766118,-0.17307490472559187,-0.3521390719384423,-0.3536599380766158,1.68135589227506,0.9729240386699691,0.12654519625292573,-1.413262128829956,0.09999999999999999,0.20000000000000004
1775609624.8661869,-0.17307490472559187,-0.3521390719384423,-0.3536599380766158,1.6827599621944447,0.9646134738946438,0.08649646060514454,-1.3919537067413332,0.09999999999999999,0.20000000000000004
1775609624.966204,-0.17307490472559187,-0.3521390719384423,-0.3536599380766158,1.6847327031477248,0.9541419680172463,0.08209825860809626,-1.375097870826721,0.09999999999999999,0.20000000000000004
1775609625.066208,-0.17307490472559187,-0.3521390719384423,-0.3536599380766158,1.6870018363790216,0.9434200789723871,0.1317737687671114,-1.3534817695617676,0.09999999999999999,0.20000000000000004
1775609625.1662567,-0.17307490472559187,-0.3521390719384423,-0.3536599380766158,1.6888641343771054,0.9353038688828598,0.08664264848943377,-1.3348436355590818,0.09999999999999999,0.20000000000000004
1775609625.266101,-0.07141690352513606,-0.38044868113424524,-0.1448416445558224,1.6913768202919222,0.925157133649366,0.08355638306561188,-1.3176559209823608,0.09999999999999999,0.20000000000000004
1775609625.3661535,-0.07141690352513606,-0.38044868113424524,-0.1448416445558224,1.694040494841172,0.9151537026786124,0.08383529909460202,-1.302042305469513,0.09999999999999999,0.20000000000000004
1775609625.4661565,-0.07141690352513606,-0.38044868113424524,-0.1448416445558224,1.697004560559895,0.904944971452823,0.1296338615120882,-1.2795487046241758,0.09999999999999999,0.20000000000000004
1775609625.5660841,-0.07141690352513606,-0.38044868113424524,-0.1448416445558224,1.6995216486914246,0.8968482538687672,0.08717687086932858,-1.257272243499756,0.09999999999999999,0.20000000000000004
1775609625.6661642,-0.07141690352513606,-0.38044868113424524,-0.1448416445558224,1.7029340610828887,0.8866202425201924,0.08655835793638117,-1.2389337420463562,0.09999999999999999,0.20000000000000004
1775609625.766244,-0.07141690352513606,-0.38044868113424524,-0.1448416445558224,1.7064994425305977,0.8766862719877714,0.12922159939869984,-1.2178483605384829,0.09999999999999999,0.20000000000000004
1775609625.8662376,-0.07141690352513606,-0.38044868113424524,-0.1448416445558224,1.7094922066490497,0.8687800830406346,0.08409924084707152,-1.1980331540107727,0.09999999999999999,0.20000000000000004
1775609625.966128,-0.07141690352513606,-0.38044868113424524,-0.1448416445558224,1.7134762462649447,0.858842696041162,0.08454557717244926,-1.1764002442359922,0.09999999999999999,0.20000000000000004
1775609626.0662,-0.07141690352513606,-0.38044868113424524,-0.1448416445558224,1.7176631802546602,0.8489890100217253,0.08760066458629345,-1.159873604774475,0.09999999999999999,0.20000000000000004
1775609626.1661575,-0.07141690352513606,-0.38044868113424524,-0.1448416445558224,1.7219096058682049,0.8395758816307345,0.12443855805211967,-1.1387192010879517,0.09999999999999999,0.20000000000000004
1775609626.2660758,-0.07141690352513606,-0.38044868113424524,-0.1448416445558224,1.7262429902400032,0.8304259685945501,0.12308834299799203,-1.1215251088142395,0.09999999999999999,0.20000000000000004
1775609626.3661373,-0.07141690352513606,-0.38044868113424524,-0.1448416445558224,1.7298192088948714,0.8231589208380362,0.0811933311250439,-1.1038873195648193,0.09999999999999999,0.20000000000000004
1775609626.4661255,0.052395317688750505,-0.3750106614445164,0.09072211520063157,1.7343632383016558,0.8143105093818416,0.08213003404737847,-1.0847077369689944,0.09999999999999999,0.20000000000000004
1775609626.5660803,0.052395317688750505,-0.3750106614445164,0.09072211520063157,1.7392892230127421,0.8051769545242866,0.08263588899252,-1.0635180473327637,0.09999999999999999,0.20000000000000004
1775609626.6661973,0.052395317688750505,-0.3750106614445164,0.09072211520063157,1.7443511484630014,0.7962341331075166,0.08303172357176128,-1.0463124513626099,0.09999999999999999,0.20000000000000004
1775609626.7661364,0.052395317688750505,-0.3750106614445164,0.09072211520063157,1.7498097027035118,0.7870533099507144,0.12598809943119996,-1.0262567400932312,0.09999999999999999,0.20000000000000004
1775609626.8661058,0.052395317688750505,-0.3750106614445164,0.09072211520063157,1.7552331120724785,0.7783250046817383,0.12490695835301775,-1.0069531202316284,0.09999999999999999,0.20000000000000004
1775609626.966091,0.052395317688750505,-0.3750106614445164,0.09072211520063157,1.7596981644951244,0.7713863012354001,0.08375476309874264,-0.988910973072052,0.09999999999999999,0.20000000000000004
1775609627.0661566,0.052395317688750505,-0.3750106614445164,0.09072211520063157,1.765497476498407,0.7627197895923217,0.08570997930301134,-0.9682845473289491,0.09999999999999999,0.20000000000000004
1775609627.1660938,0.052395317688750505,-0.3750106614445164,0.09072211520063157,1.771712048415585,0.7538777110545758,0.1286335631381828,-0.9501116275787352,0.09999999999999999,0.20000000000000004
1775609627.2661464,0.052395317688750505,-0.3750106614445164,0.09072211520063157,1.7779509531465392,0.7453961009861938,0.12824554047907305,-0.9275237917900085,0.09999999999999999,0.20000000000000004
1775609627.366131,0.052395317688750505,-0.3750106614445164,0.09072211520063157,1.7832006018008804,0.7385134926277619,0.08722235442102026,-0.9088257551193237,0.09999999999999999,0.20000000000000004
1775609627.4661546,0.052395317688750505,-0.3750106614445164,0.09072211520063157,1.7894082758960423,0.7306765940676248,0.08096944400194517,-0.8895789384841919,0.09999999999999999,0.20000000000000004
1775609627.5661438,0.052395317688750505,-0.3750106614445164,0.09072211520063157,1.7960560966131787,0.7226095770279884,0.1242809595417508,-0.8746040463447572,0.09999999999999999,0.20000000000000004
1775609627.6660962,0.16397371315598017,-0.3587243846940401,0.33977016165850915,1.801652958163253,0.7160727777800895,0.08606561494950062,-0.852206140756607,0.09999999999999999,0.20000000000000004
1775609627.7661002,0.16397371315598017,-0.3587243846940401,0.33977016165850915,1.808890015092613,0.7079441744126851,0.0856430357489085,-0.830083429813385,0.09999999999999999,0.20000000000000004
1775609627.8661819,0.16397371315598017,-0.3587243846940401,0.33977016165850915,1.816149721592422,0.7001441135524641,0.1251793352107032,-0.8140768110752105,0.09999999999999999,0.20000000000000004
1775609627.9662244,0.16397371315598017,-0.3587243846940401,0.33977016165850915,1.8233857456853244,0.6926706120247208,0.12826520704882186,-0.7934151887893676,0.09999999999999999,0.20000000000000004
1775609628.0661345,0.16397371315598017,-0.3587243846940401,0.33977016165850915,1.8293633160777227,0.6866928664306828,0.08431908606803423,-0.7755579352378845,0.09999999999999999,0.20000000000000004
1775609628.1661432,0.16397371315598017,-0.3587243846940401,0.33977016165850915,1.8369752826609436,0.6793451050719226,0.08611980392908021,-0.7585580348968506,0.09999999999999999,0.20000000000000004
1775609628.266255,0.16397371315598017,-0.3587243846940401,0.33977016165850915,1.8448793691457002,0.6720487998334549,0.13052965343752887,-0.7367130517959595,0.09999999999999999,0.20000000000000004
1775609628.3661225,0.16397371315598017,-0.3587243846940401,0.33977016165850915,1.851181280450694,0.66645215310374,0.08621551851850637,-0.7135894298553467,0.09999999999999999,0.20000000000000004
1775609628.4661667,0.16397371315598017,-0.3587243846940401,0.33977016165850915,1.8592726846734295,0.659557635664907,0.08322785998346507,-0.6959680318832399,0.09999999999999999,0.20000000000000004
1775609628.5662582,0.16397371315598017,-0.3587243846940401,0.33977016165850915,1.8674701935774256,0.6528694397732006,0.12868022719941843,-0.6767379045486449,0.09999999999999999,0.20000000000000004
1775609628.6661484,0.16397371315598017,-0.3587243846940401,0.33977016165850915,1.8739668773306186,0.6477417265648473,0.08502694670430326,-0.6569626331329346,0.09999999999999999,0.20000000000000004
1775609628.7660825,0.16397371315598017,-0.3587243846940401,0.33977016165850915,1.8823138917229443,0.6414072011299815,0.0815990535521555,-0.636609524488449,0.09999999999999999,0.20000000000000004
1775609628.866134,0.28971158909422623,-0.3140620282384936,0.5795816960633878,1.8908296719218325,0.6352149590853274,0.08231354137854388,-0.6166042685508728,0.09999999999999999,0.20000000000000004
1775609628.9662461,0.28971158909422623,-0.3140620282384936,0.5795816960633878,1.899300747499871,0.6293089368646764,0.08515571904457726,-0.6001283973455429,0.09999999999999999,0.20000000000000004
1775609629.0662441,0.28971158909422623,-0.3140620282384936,0.5795816960633878,1.908079803654078,0.623450245349812,0.1240515053576325,-0.5806385427713394,0.09999999999999999,0.20000000000000004
1775609629.1661558,0.28971158909422623,-0.3140620282384936,0.5795816960633878,1.9148879188286485,0.6190629035780566,0.08053702001470242,-0.5621701031923294,0.09999999999999999,0.20000000000000004
1775609629.2661726,0.28971158909422623,-0.3140620282384936,0.5795816960633878,1.9235377483850862,0.6137050561115729,0.08064562062844821,-0.5423693656921387,0.09999999999999999,0.20000000000000004
1775609629.3661146,0.28971158909422623,-0.3140620282384936,0.5795816960633878,1.9325745028434416,0.6083508180574876,0.0841822626262771,-0.5256484597921371,0.09999999999999999,0.20000000000000004
1775609629.466156,0.28971158909422623,-0.3140620282384936,0.5795816960633878,1.9416832555688828,0.6032225306517663,0.12585281982310634,-0.5040594637393951,0.09999999999999999,0.20000000000000004
1775609629.56614,0.28971158909422623,-0.3140620282384936,0.5795816960633878,1.9506924629989544,0.598385891050473,0.1210921117100674,-0.4849650487303734,0.09999999999999999,0.20000000000000004
1775609629.6661441,0.28971158909422623,-0.3140620282384936,0.5795816960633878,1.9598360634082193,0.593696385585424,0.1245222885295939,-0.4665578305721283,0.09999999999999999,0.20000000000000004
1775609629.7661347,0.28971158909422623,-0.3140620282384936,0.5795816960633878,1.9686054740740329,0.5893897451575241,0.11667703763553869,-0.44926684349775314,0.09999999999999999,0.20000000000000004
1775609629.8661473,0.28971158909422623,-0.3140620282384936,0.5795816960633878,1.9763432133080687,0.5857409257336762,0.08712834642177704,-0.4297684356570244,0.09999999999999999,0.20000000000000004
1775609629.9661725,0.28971158909422623,-0.3140620282384936,0.5795816960633878,1.9861083727446056,0.5813514719943107,0.08576636779566908,-0.4136173687875271,0.09999999999999999,0.20000000000000004
1775609630.0661788,0.3821488093930061,-0.24170095323402271,0.8093211887615691,1.9958741032298881,0.5772165873826153,0.12520649631755548,-0.39251832664012914,0.09999999999999999,0.20000000000000004
1775609630.1661508,0.3821488093930061,-0.24170095323402271,0.8093211887615691,2.0038550004594073,0.5739978468267347,0.08614117580045386,-0.3721818309277296,0.09999999999999999,0.20000000000000004
1775609630.2661655,0.3821488093930061,-0.24170095323402271,0.8093211887615691,2.0138330991763103,0.5701870838054889,0.08721097952081984,-0.35631197504699236,0.09999999999999999,0.20000000000000004
1775609630.3661373,0.3821488093930061,-0.24170095323402271,0.8093211887615691,2.0237912581291444,0.5666141272640037,0.12718756316139262,-0.33649856969714165,0.09999999999999999,0.20000000000000004
1775609630.466116,0.3821488093930061,-0.24170095323402271,0.8093211887615691,2.0321335682519694,0.563788110495242,0.0882038024125274,-0.3140258975327015,0.09999999999999999,0.20000000000000004
1775609630.5661037,0.3821488093930061,-0.24170095323402271,0.8093211887615691,2.0425095624749265,0.5605033781554685,0.08681100044417651,-0.29757164418697357,0.09999999999999999,0.20000000000000004
1775609630.6662207,0.3821488093930061,-0.24170095323402271,0.8093211887615691,2.052443816188081,0.5575925172282629,0.12491797120500488,-0.2764681279659271,0.09999999999999999,0.20000000000000004
1775609630.7660801,0.3821488093930061,-0.24170095323402271,0.8093211887615691,2.060499581387363,0.5553862758828624,0.08533248185974664,-0.25589374452829367,0.09999999999999999,0.20000000000000004
1775609630.8661106,0.3821488093930061,-0.24170095323402271,0.8093211887615691,2.0705828297932145,0.5528286068862311,0.08208276543048683,-0.23648463934659958,0.09999999999999999,0.20000000000000004
1775609630.9662309,0.3821488093930061,-0.24170095323402271,0.8093211887615691,2.0801971861542192,0.5505920049354207,0.08103129572971357,-0.21942697465419767,0.09999999999999999,0.25000000000000006
1775609631.0661094,0.3821488093930061,-0.24170095323402271,0.8093211887615691,2.090828747032206,0.5483856359238695,0.13098049412985013,-0.19505023956298828,0.09999999999999999,0.30000000000000004
1775609631.1661386,0.3821488093930061,-0.24170095323402271,0.8093211887615691,2.101363295457635,0.5464761483981754,0.12668295500115012,-0.16932737827301028,0.09999999999999999,0.30000000000000004
1775609631.2660723,0.4537686696499151,-0.15492317130781308,1.0616331797628076,2.1096889480885896,0.5451651767917769,0.08554829430581323,-0.14016346633434296,0.09999999999999999,0.30000000000000004
1775609631.3661401,0.4537686696499151,-0.15492317130781308,1.0616331797628076,2.1201539426706213,0.5437942951691224,0.08048249372773356,-0.11799463629722595,0.09999999999999999,0.30000000000000004
1775609631.4662547,0.4537686696499151,-0.15492317130781308,1.0616331797628076,2.1305038903426947,0.5427507775242822,0.12303422514022949,-0.08858004212379457,0.09999999999999999,0.30000000000000004
1775609631.5661473,0.4537686696499151,-0.15492317130781308,1.0616331797628076,2.139085305310948,0.5421091580076138,0.08551186531849492,-0.05716696381568909,0.09999999999999999,0.30000000000000004
1775609631.6661515,0.4537686696499151,-0.15492317130781308,1.0616331797628076,2.1498558076587937,0.5416080053910561,0.08645893497338326,-0.032502681016922,0.09999999999999999,0.30000000000000004
1775609631.766162,0.4537686696499151,-0.15492317130781308,1.0616331797628076,2.1605101035838703,0.5414467354615272,0.12773757433521676,-0.002789467573165893,0.09999999999999999,0.30000000000000004
1775609631.866161,0.4537686696499151,-0.15492317130781308,1.0616331797628076,2.1688364037326195,0.5415547412065463,0.08099154145824755,0.025977760553359982,0.09999999999999999,0.30000000000000004
1775609631.9660962,0.4537686696499151,-0.15492317130781308,1.0616331797628076,2.1792061364571955,0.5419455514068545,0.08402058461575013,0.05627763271331788,0.09999999999999999,0.30000000000000004
1775609632.0661283,0.48464693358022093,-0.08301931406113301,1.2724696664438055,2.189811350504746,0.5426754779690198,0.12608984401979645,0.08026304841041566,0.09999999999999999,0.30000000000000004
1775609632.166206,0.48464693358022093,-0.08301931406113301,1.2724696664438055,2.2003400010572967,0.5437121837668644,0.1244212038947776,0.11085590720176697,0.09999999999999999,0.30000000000000004
1775609632.266181,0.48464693358022093,-0.08301931406113301,1.2724696664438055,2.2085253532572504,0.5447514644319297,0.08195911539478845,0.13989722728729248,0.09999999999999999,0.30000000000000004
1775609632.3661258,0.48464693358022093,-0.08301931406113301,1.2724696664438055,2.219084328784413,0.5463603543086789,0.08544238560255753,0.16852593421936035,0.09999999999999999,0.30000000000000004
1775609632.466098,0.48464693358022093,-0.08301931406113301,1.2724696664438055,2.22907294030982,0.548159996950985,0.08393779575091381,0.19046270847320557,0.09999999999999999,0.30000000000000004
1775609632.5660968,0.48464693358022093,-0.08301931406113301,1.2724696664438055,2.239546382625056,0.5503798871903596,0.12902180875372837,0.22131252288818362,0.09999999999999999,0.30000000000000004
1775609632.6660945,0.48464693358022093,-0.08301931406113301,1.2724696664438055,2.2477418268196216,0.5523468592785055,0.0810594248803278,0.2536263465881347,0.09999999999999999,0.30000000000000004
1775609632.7660675,0.48464693358022093,-0.08301931406113301,1.2724696664438055,2.2579984770359793,0.5551400860122715,0.08151522955703085,0.2843201160430908,0.09999999999999999,0.30000000000000004
1775609632.8661375,0.48464693358022093,-0.08301931406113301,1.2724696664438055,2.268143909995003,0.5582281622975279,0.08630054752881264,0.3078693747520447,0.09999999999999999,0.30000000000000004
1775609632.9661756,0.5000198216800824,-0.02826948232477369,1.5031342790947655,2.2778578425757927,0.5615013853610464,0.12364372504617573,0.3360567688941956,0.09999999999999999,0.30000000000000004
1775609633.0661006,0.5000198216800824,-0.02826948232477369,1.5031342790947655,2.285941141371954,0.5644531302845,0.08688779466500962,0.3669195771217346,0.09999999999999999,0.30000000000000004
1775609633.1661215,0.5000198216800824,-0.02826948232477369,1.5031342790947655,2.2961237066750146,0.568505514971491,0.08808729299227211,0.392650306224823,0.09999999999999999,0.30000000000000004
1775609633.2661054,0.5000198216800824,-0.02826948232477369,1.5031342790947655,2.306027999042199,0.5728302864290004,0.1298110580639515,0.4240803718566895,0.09999999999999999,0.30000000000000004
1775609633.3661063,0.5000198216800824,-0.02826948232477369,1.5031342790947655,2.3135004917770567,0.5763291353154377,0.08611441953214743,0.4531630873680115,0.09999999999999999,0.30000000000000004
1775609633.4661412,0.5000198216800824,-0.02826948232477369,1.5031342790947655,2.322323139656528,0.5807558295526534,0.08052862704229653,0.4829350709915161,0.09999999999999999,0.30000000000000004
1775609633.5660727,0.5000198216800824,-0.02826948232477369,1.5031342790947655,2.3312624428809796,0.5855620198675835,0.08209577654511513,0.5066006779670715,0.09999999999999999,0.25000000000000006
1775609633.6661131,0.5000198216800824,-0.02826948232477369,1.5031342790947655,2.3404957879421167,0.5909308148157165,0.13089903464451016,0.539868652820587,0.09999999999999999,0.20000000000000007
1775609633.766141,0.4996417665316572,0.04214189452474233,1.741812508917437,2.3495411432558493,0.5965630408675726,0.12544803482120032,0.5684888958930969,0.09999999999999999,0.15000000000000008
1775609633.866094,0.4996417665316572,0.04214189452474233,1.741812508917437,2.3568094200461163,0.601310621259302,0.08605682932107143,0.5901552438735962,0.09999999999999999,0.10000000000000007
1775609633.9662683,0.4996417665316572,0.04214189452474233,1.741812508917437,2.36546168750565,0.607176544274569,0.08385159357793047,0.6023555397987366,0.09999999999999999,0.05000000000000007
1775609634.0662184,0.4996417665316572,0.04214189452474233,1.741812508917437,2.3739822143045854,0.6131002248964653,0.11231027959303189,0.6125256419181824,0.09999999999999999,-0.04999999999999993
1775609634.1662083,0.4996417665316572,0.04214189452474233,1.741812508917437,2.381012420708261,0.6180633949970505,0.07143930258273551,0.6163037419319154,0.09999999999999999,-0.09999999999999994
1775609634.2661023,0.4996417665316572,0.04214189452474233,1.741812508917437,2.3896860841815886,0.6242095190689658,0.08617882649413677,0.6157961487770081,0.09999999999999999,-0.14999999999999994
1775609634.3661778,0.4996417665316572,0.04214189452474233,1.741812508917437,2.3984434909828423,0.6303686595169544,0.1276731225661322,0.6097609996795654,0.09999999999999999,-0.24999999999999994
1775609634.4661717,0.4996417665316572,0.04214189452474233,1.741812508917437,2.4055355363339403,0.635242963722983,0.08709847560416323,0.5952326059341431,0.09999999999999999,-0.29999999999999993
1775609634.5663161,0.4996417665316572,0.04214189452474233,1.741812508917437,2.414515313114732,0.6412111340321637,0.08669769866955736,0.5722922086715698,0.09999999999999999,-0.3499999999999999
1775609634.6661956,0.4996417665316572,0.04214189452474233,1.741812508917437,2.4231440276897276,0.6466026827962063,0.12260020836016093,0.5439149141311647,0.09999999999999999,-0.3999999999999999
1775609634.7662013,0.4996417665316572,0.04214189452474233,1.741812508917437,2.432106235943276,0.6518337134614723,0.12551217923257366,0.5155242681503296,0.09999999999999999,-0.4499999999999999
1775609634.8661687,0.4996417665316572,0.04214189452474233,1.741812508917437,2.439232630970502,0.6556819811262783,0.07259006619425505,0.4774954319000244,0.09999999999999999,-0.5499999999999999
1775609634.9661546,0.4996417665316572,0.04214189452474233,1.741812508917437,2.448461088814295,0.6602008715112179,0.08115468949832234,0.4299970269203186,0.09999999999999999,-0.6
1775609635.0661457,0.4996417665316572,0.04214189452474233,1.741812508917437,2.4580926450671146,0.6643900975770703,0.08506938446003882,0.3806905150413513,0.09999999999999999,-0.65
1775609635.1661797,0.4996417665316572,0.04214189452474233,1.741812508917437,2.4680238844108886,0.6680349415832469,0.12063928355532755,0.32781577110290533,0.09999999999999999,-0.75
1775609635.2661324,0.4996417665316572,0.04214189452474233,1.741812508917437,2.478312209666416,0.6710829068634477,0.13180648550860544,0.2611789107322693,0.09999999999999999,-0.7999999999999999
1775609635.3661027,0.48036162089401,0.18815719374122147,1.4677123481607728,2.486686594328301,0.6730591558786044,0.08827728594000905,0.1937241554260254,0.09999999999999999,-0.85
1775609635.4661994,0.48036162089401,0.18815719374122147,1.4677123481607728,2.496903489257562,0.674713831262907,0.08625179399922382,0.11292588710784912,0.09999999999999999,-0.8999999999999999
1775609635.5661502,0.48036162089401,0.18815719374122147,1.4677123481607728,2.507198915060175,0.675499304109334,0.12131293056613714,0.045663416385650635,0.09999999999999999,-0.95
1775609635.6660972,0.48036162089401,0.18815719374122147,1.4677123481607728,2.5155745363551083,0.6754659420564959,0.08485638544714867,-0.04495808482170105,0.09999999999999999,-1.0499999999999998
1775609635.7661004,0.4963085604758844,0.21973392279628504,1.1649480261464396,2.5260898880748464,0.6745915729641917,0.08091770808837899,-0.14161388576030728,0.09999999999999999,-1.0999999999999999
1775609635.8661036,0.4963085604758844,0.21973392279628504,1.1649480261464396,2.5364037341885908,0.6726149431637772,0.12395470615910215,-0.22825944423675534,0.09999999999999999,-1.15
1775609635.9660895,0.4963085604758844,0.21973392279628504,1.1649480261464396,2.546467280124272,0.6696182014163196,0.11884526382570304,-0.33587172254920006,0.09999999999999999,-1.2
1775609636.0661082,0.4963085604758844,0.21973392279628504,1.1649480261464396,2.553814261317023,0.6665300421235392,0.08117692282228502,-0.45000152289867407,0.09999999999999999,-1.25
1775609636.1661034,0.5275818499097849,0.25327381896582596,0.7607127380445959,2.563033229832394,0.6615576298377804,0.08545233982998596,-0.5656979382038116,0.09999999999999999,-1.35
1775609636.266126,0.5275818499097849,0.25327381896582596,0.7607127380445959,2.571589724427602,0.6555581235113137,0.08534720181312085,-0.6642158329486847,0.09999999999999999,-1.4000000000000001
1775609636.3664112,0.5422943920274927,0.24604614770253153,0.5593111270919753,2.5795590766558054,0.6482655397023375,0.1301277707893259,-0.7914443612098694,0.09999999999999999,-1.4500000000000002
1775609636.4661632,0.5422943920274927,0.24604614770253153,0.5593111270919753,2.5849921144095145,0.6420611762386551,0.08605835428389312,-0.9213563203811646,0.09999999999999999,-1.5000000000000002
1775609636.5660987,0.5615076558447188,0.2580307585949784,0.30855968777428583,2.5906128435851534,0.6338295833695208,0.07853368710133572,-1.0494078993797304,0.09999999999999999,-1.5000000000000002
1775609636.666149,0.5615076558447188,0.2580307585949784,0.30855968777428583,2.5948301886770984,0.6255851976483682,0.07340408957302656,-1.1579496264457703,0.09999999999999999,-1.4500000000000002
1775609636.7661304,0.5943841605665341,0.27014710010125836,0.08630019650645716,2.597873690085051,0.6167339190365824,0.11435624300541339,-1.2925029397010803,0.09999999999999999,-1.4000000000000001
1775609636.8661542,0.5943841605665341,0.27014710010125836,0.08630019650645716,2.59968710001915,0.6076288290964098,0.11195469643911185,-1.4279788732528687,0.09999999999999999,-1.4000000000000001
1775609636.9661624,0.6195959506139027,0.28084575138349954,-0.16277832907774345,2.600330841991718,0.5999655627322541,0.07757542914833294,-1.5600172281265259,0.09999999999999999,-1.35
1775609637.066116,0.6195959506139027,0.28084575138349954,-0.16277832907774345,2.5999337502807855,0.5904111713948055,0.07650525622787725,-1.6893693208694456,0.09999999999999999,-1.25
1775609637.1661015,0.6385993830150392,0.2816201527566464,-0.4055450129069978,2.5983118964909697,0.5809613541608576,0.07705288454098251,-1.8179981708526611,0.09999999999999999,-1.2
1775609637.2661703,0.6385993830150392,0.2816201527566464,-0.4055450129069978,2.595371838786471,0.5713044545355923,0.07906855034363063,-1.9393783807754514,0.09999999999999999,-1.15
1775609637.3661041,0.6468645336311895,0.271763164238995,-0.6425200619423255,2.591337677680714,0.5621322830485458,0.0831507520833195,-2.0369324684143066,0.09999999999999999,-1.0999999999999999
1775609637.4662092,0.6468645336311895,0.271763164238995,-0.6425200619423255,2.5861675265645734,0.5534918215945513,0.12106573238396866,-2.1588605642318726,0.09999999999999999,-1.0499999999999998
1775609637.5660884,0.6617162503459603,0.24523866350534784,-0.863547393676679,2.580126075879303,0.5456581931246417,0.11747028271364052,-2.271864175796509,0.09999999999999999,-0.9999999999999999
1775609637.6661367,0.6617162503459603,0.24523866350534784,-0.863547393676679,2.574360963715938,0.5394795271452913,0.08357380131813404,-2.3816174268722534,0.09999999999999999,-0.9499999999999998
1775609637.76609,0.6758806634933966,0.2251135175500657,-1.0909073397699596,2.566223424730074,0.5322937397487288,0.08667599757413007,-2.4634064435958862,0.09999999999999999,-0.8999999999999999
1775609637.8661656,0.6758806634933966,0.2251135175500657,-1.0909073397699596,2.5579137669757306,0.526339420711206,0.11852151850464103,-2.557977080345154,0.09999999999999999,-0.8499999999999999
1775609637.9660964,0.6758806634933966,0.2251135175500657,-1.0909073397699596,2.5505025244480097,0.5218713028495379,0.08459113882510456,-2.6506060361862183,0.09999999999999999,-0.7999999999999999
1775609638.06618,0.6758806634933966,0.2251135175500657,-1.0909073397699596,2.540791223139226,0.5170746047381436,0.08711872193273003,-2.721694827079773,0.09999999999999999,-0.7499999999999999
1775609638.1662664,0.6782126660705151,0.18925418961563004,-1.4182278039389877,2.5311679972834322,0.5133340226870884,0.12250991609753938,-2.8039671182632446,0.09999999999999999,-0.7
1775609638.2660956,0.6782126660705151,0.18925418961563004,-1.4182278039389877,2.521084595655865,0.5103090475217165,0.12323542203991719,-2.8806132078170776,0.09999999999999999,-0.6499999999999999
1775609638.3661642,0.6782126660705151,0.18925418961563004,-1.4182278039389877,2.5128067015125066,0.5083635550477313,0.08610912369295567,-2.94046151638031,0.09999999999999999,-0.6
1775609638.4661183,0.6782126660705151,0.18925418961563004,-1.4182278039389877,2.502066305908495,0.5066123669709025,0.13173145588327542,-3.0054394006729126,0.09999999999999999,-0.5499999999999999
1775609638.56614,0.6741020115038405,0.15557615683920675,-1.7172428212668733,2.4933300431049275,0.5057191978557312,0.0911556478256016,-3.0660425424575806,0.09999999999999999,-0.5
1775609638.6661768,0.6741020115038405,0.15557615683920675,-1.7172428212668733,2.482842062621191,0.5051568778117796,0.0875640783416381,-3.1188663244247437,0.09999999999999999,-0.45
1775609638.7661176,0.6741020115038405,0.15557615683920675,-1.7172428212668733,2.4723133877429313,0.5051112963459659,0.08414485718822397,3.125648442898886,0.09999999999999999,-0.4
1775609638.866154,0.6741020115038405,0.15557615683920675,-1.7172428212668733,2.4618706354915725,0.5055669074794913,0.12625613664140029,3.080881778393881,0.09999999999999999,-0.4
1775609638.9661367,0.6741020115038405,0.15557615683920675,-1.7172428212668733,2.453594409050237,0.5062142293696764,0.08314467955528068,3.041504565869467,0.09999999999999999,-0.35000000000000003
1775609639.0661404,0.6741020115038405,0.15557615683920675,-1.7172428212668733,2.44338709346062,0.5073976824968116,0.07782109595173119,3.003087226544516,0.09999999999999999,-0.30000000000000004
1775609639.1661325,0.6421029540007294,0.08524606232067422,-1.9944036390720132,2.433204386658531,0.5089555007926059,0.08568762455128366,2.973753158246176,0.09999999999999999,-0.25000000000000006
1775609639.266173,0.6421029540007294,0.08524606232067422,-1.9944036390720132,2.422708780532557,0.5109358334948306,0.12772971605773692,2.942649308835165,0.09999999999999999,-0.20000000000000007
1775609639.3662467,0.6421029540007294,0.08524606232067422,-1.9944036390720132,2.414541504016915,0.5126843679658349,0.0846663260011658,2.916767064725058,0.09999999999999999,-0.20000000000000004
1775609639.4660964,0.6421029540007294,0.08524606232067422,-1.9944036390720132,2.4044960344261916,0.515077568631086,0.08207942991153833,2.8947138229953215,0.09999999999999999,-0.15000000000000002
1775609639.5661483,0.6421029540007294,0.08524606232067422,-1.9944036390720132,2.3940369936485277,0.5178001154778618,0.08593696546995747,2.878738109265463,0.09999999999999999,-0.10000000000000003
1775609639.666098,0.6421029540007294,0.08524606232067422,-1.9944036390720132,2.3837519877776736,0.5206815694195095,0.13016107557145087,2.861641828213827,0.09999999999999999,-0.10000000000000003
1775609639.766079,0.6421029540007294,0.08524606232067422,-1.9944036390720132,2.375741304018926,0.5230465166010684,0.08306538846656202,2.849250499402182,0.09999999999999999,-0.10000000000000003
1775609639.8660958,0.6421029540007294,0.08524606232067422,-1.9944036390720132,2.3658170688646147,0.5260794882532657,0.0850782505672819,2.8389977852450774,0.09999999999999999,-0.10000000000000003
1775609639.9660683,0.6421029540007294,0.08524606232067422,-1.9944036390720132,2.3557545890605924,0.5292645593164992,0.08689538220792194,2.830569926892416,0.09999999999999999,-0.10000000000000003
1775609640.0660923,0.6421029540007294,0.08524606232067422,-1.9944036390720132,2.3458957525779436,0.5325037958927078,0.12841690263340355,2.8198115269290374,0.09999999999999999,-0.10000000000000003
1775609640.1660845,0.6421029540007294,0.08524606232067422,-1.9944036390720132,2.337960279603412,0.5351900543568122,0.08096910889242738,2.80979031721224,0.09999999999999999,-0.10000000000000003
1775609640.2660804,0.6421029540007294,0.08524606232067422,-1.9944036390720132,2.327896509342695,0.5386923728154813,0.08762212077370038,2.802704517041342,0.09999999999999999,-0.10000000000000003
1775609640.3660834,0.6421029540007294,0.08524606232067422,-1.9944036390720132,2.317676468446836,0.5423601372016327,0.1309918111677517,2.7934061924563807,0.09999999999999999,-0.10000000000000003
1775609640.4660602,0.6421029540007294,0.08524606232067422,-1.9944036390720132,2.309479357719819,0.5453698046123606,0.08694102559475186,2.784666244183676,0.09999999999999999,-0.10000000000000003
1775609640.566041,0.5636663736307195,-0.019900279206743574,-2.2404616679711773,2.311499741285913,0.544630140017485,0.0854751991846743,2.776175618171692,0.09999999999999999,-0.10000000000000003
1775609640.6660638,0.5636663736307195,-0.019900279206743574,-2.2404616679711773,2.3015702306676102,0.5484966824510341,0.12807014169822337,2.765891671180725,0.09999999999999999,-0.10000000000000003
1775609640.7661395,0.5636663736307195,-0.019900279206743574,-2.2404616679711773,2.293980635879625,0.5515354086420361,0.08005920376970517,2.7542134523391724,0.09999999999999999,-0.10000000000000003
1775609640.8660827,0.5636663736307195,-0.019900279206743574,-2.2404616679711773,2.2844845070368547,0.5554624550781552,0.07932414125833025,2.7424315214157104,0.09999999999999999,-0.10000000000000003
1775609640.9662228,0.5636663736307195,-0.019900279206743574,-2.2404616679711773,2.274540959332189,0.5596969609561518,0.08594313449356769,2.734868884086609,0.09999999999999999,-0.10000000000000003
1775609641.0662496,0.5636663736307195,-0.019900279206743574,-2.2404616679711773,2.264870776465591,0.5639261021927678,0.12952130630015246,2.725458264350891,0.09999999999999999,-0.10000000000000003
1775609641.166216,0.5636663736307195,-0.019900279206743574,-2.2404616679711773,2.2569641646030645,0.5674497433843865,0.086501235285485,2.7191280126571655,0.09999999999999999,-0.10000000000000003
1775609641.266183,0.5636663736307195,-0.019900279206743574,-2.2404616679711773,2.2471116881750506,0.5719532144431275,0.1289093384413776,2.7086397409439087,0.09999999999999999,-0.10000000000000003
1775609641.3661199,0.5636663736307195,-0.019900279206743574,-2.2404616679711773,2.2375835027360527,0.5764340467337987,0.1287259894983012,2.697379469871521,0.09999999999999999,-0.10000000000000003
1775609641.4661748,0.5636663736307195,-0.019900279206743574,-2.2404616679711773,2.230035492882166,0.5800693100825669,0.0814308160558135,2.686040997505188,0.09999999999999999,-0.10000000000000003
1775609641.5661585,0.5636663736307195,-0.019900279206743574,-2.2404616679711773,2.220917088656839,0.5845840392775661,0.08090415327469799,2.677698254585266,0.09999999999999999,-0.10000000000000003
1775609641.666112,0.5636663736307195,-0.019900279206743574,-2.2404616679711773,2.211259319183313,0.5894911905529342,0.128811386819434,2.6679188013076782,0.09999999999999999,-0.10000000000000003
1775609641.76619,0.5636663736307195,-0.019900279206743574,-2.2404616679711773,2.2018943817985646,0.5943590464646883,0.13005893248855618,2.6585062742233276,0.09999999999999999,-0.10000000000000003
1775609641.8661656,0.5636663736307195,-0.019900279206743574,-2.2404616679711773,2.1942886420191434,0.5983851291574802,0.08649646233375306,2.650373339653015,0.09999999999999999,-0.10000000000000003
1775609641.966226,0.5636663736307195,-0.019900279206743574,-2.2404616679711773,2.184857881568865,0.603506675205489,0.12792968980994557,2.641271233558655,0.09999999999999999,-0.10000000000000003
1775609642.066191,0.5636663736307195,-0.019900279206743574,-2.2404616679711773,2.175850349901618,0.6085050289883596,0.12338178422002179,2.6308525800704956,0.09999999999999999,-0.10000000000000003
1775609642.1661375,0.5636663736307195,-0.019900279206743574,-2.2404616679711773,2.168649950778625,0.6125861774210284,0.08202623628871482,2.620094418525696,0.09999999999999999,-0.10000000000000003
1775609642.2661257,0.5636663736307195,-0.019900279206743574,-2.2404616679711773,2.159716617077363,0.6177666133981646,0.08090389951887358,2.6103380918502808,0.09999999999999999,-0.10000000000000003
1775609642.3660984,0.5636663736307195,-0.019900279206743574,-2.2404616679711773,2.150674616460023,0.6231121322060903,0.08299394062343474,2.603585124015808,0.09999999999999999,-0.10000000000000003
1775609642.466123,0.5636663736307195,-0.019900279206743574,-2.2404616679711773,2.141954658219836,0.6283552713959609,0.0825012824133242,2.596349358558655,0.09999999999999999,-0.10000000000000003
1775609642.5661342,0.5636663736307195,-0.019900279206743574,-2.2404616679711773,2.1327211944248905,0.6340205962391002,0.12826264773856408,2.5874441862106323,0.09999999999999999,-0.10000000000000003
1775609642.6661048,0.5636663736307195,-0.019900279206743574,-2.2404616679711773,2.125423546632672,0.6385813827906494,0.08550919520573833,2.577172636985779,0.09999999999999999,-0.10000000000000003
1775609642.766163,0.4082586637158677,-0.1504261764438456,-2.4663540307305136,2.116421717488557,0.64433052870808,0.08495563727211725,2.568648934364319,0.09999999999999999,-0.10000000000000003
1775609642.8661387,0.4082586637158677,-0.1504261764438456,-2.4663540307305136,2.1076341946590658,0.650084760827351,0.12426290777884978,2.5570074319839478,0.09999999999999999,-0.10000000000000003
1775609642.966111,0.4082586637158677,-0.1504261764438456,-2.4663540307305136,2.100755309393481,0.6546872024774465,0.08603702348418375,2.5463677644729614,0.09999999999999999,-0.10000000000000003
1775609643.0661044,0.4082586637158677,-0.1504261764438456,-2.4663540307305136,2.092080951985454,0.6606106756438388,0.08598141630607874,2.536600708961487,0.09999999999999999,-0.10000000000000003
1775609643.1661646,0.4082586637158677,-0.1504261764438456,-2.4663540307305136,2.083546043413292,0.6665580183833368,0.08752469887786746,2.528313994407654,0.09999999999999999,-0.10000000000000003
1775609643.266191,0.4082586637158677,-0.1504261764438456,-2.4663540307305136,2.0748088398895863,0.6727894417448871,0.1294564755799847,2.518319010734558,0.09999999999999999,-0.05000000000000003
1775609643.3661382,0.4082586637158677,-0.1504261764438456,-2.4663540307305136,2.067927975798707,0.6777872328775114,0.08339231929416545,2.5083073377609253,0.09999999999999999,-2.7755575615628914e-17
1775609643.466202,0.4082586637158677,-0.1504261764438456,-2.4663540307305136,2.0597400132677666,0.6838275685532911,0.08055759244959156,2.50387704372406,0.09999999999999999,-2.7755575615628914e-17
1775609643.566136,0.4082586637158677,-0.1504261764438456,-2.4663540307305136,2.051202996707252,0.6901621262931419,0.12680036538184977,2.502834677696228,0.09999999999999999,-2.7755575615628914e-17
1775609643.6662111,0.4082586637158677,-0.1504261764438456,-2.4663540307305136,2.044520062369216,0.6951301149984188,0.08049565869996948,2.5029526948928833,0.09999999999999999,-2.7755575615628914e-17
1775609643.7661045,0.4082586637158677,-0.1504261764438456,-2.4663540307305136,2.035802361368491,0.7016034469608535,0.08663343777051422,2.503681778907776,0.09999999999999999,-2.7755575615628914e-17
1775609643.8661077,0.4082586637158677,-0.1504261764438456,-2.4663540307305136,2.0272007689883287,0.7079784013805339,0.08672493459744293,2.503303647041321,0.09999999999999999,-2.7755575615628914e-17
1775609643.966141,0.4082586637158677,-0.1504261764438456,-2.4663540307305136,2.018824945191548,0.7141903910840275,0.12494512897189153,2.5038074254989624,0.09999999999999999,-2.7755575615628914e-17
1775609644.0661721,0.4082586637158677,-0.1504261764438456,-2.4663540307305136,2.0122990946326045,0.7190302791633096,0.08158535512850011,2.503402829170227,0.09999999999999999,-2.7755575615628914e-17
1775609644.1661246,0.4082586637158677,-0.1504261764438456,-2.4663540307305136,2.0039257687254937,0.7252456352225499,0.08107743045122784,2.5025848150253296,0.09999999999999999,-2.7755575615628914e-17
1775609644.266132,0.4082586637158677,-0.1504261764438456,-2.4663540307305136,1.9958222935905563,0.7312724716331194,0.07947518641444926,2.5017117261886597,0.09999999999999999,-2.7755575615628914e-17
1775609644.3661854,0.4082586637158677,-0.1504261764438456,-2.4663540307305136,1.9870878332289696,0.7377656860527882,0.12973200530475,2.502996563911438,0.09999999999999999,-2.7755575615628914e-17
1775609644.4661582,0.4082586637158677,-0.1504261764438456,-2.4663540307305136,1.9803331265486879,0.7427643663994983,0.08573977801016777,2.5054529905319214,0.09999999999999999,-2.7755575615628914e-17
1775609644.566097,0.4082586637158677,-0.1504261764438456,-2.4663540307305136,1.9715741962505189,0.7492245327644784,0.08718296379616199,2.5076290369033813,0.09999999999999999,-2.7755575615628914e-17
1775609644.6661298,0.4082586637158677,-0.1504261764438456,-2.4663540307305136,1.9632503986804155,0.755336517854111,0.08100335460039773,2.5085264444351196,0.09999999999999999,-2.7755575615628914e-17
1775609644.766107,0.4082586637158677,-0.1504261764438456,-2.4663540307305136,1.9549843571502057,0.7613988632328025,0.12420848462386337,2.50867760181427,0.09999999999999999,-2.7755575615628914e-17
1775609644.8661623,0.4082586637158677,-0.1504261764438456,-2.4663540307305136,1.9467425395249982,0.7674514359085636,0.1226246274263313,2.507409453392029,0.09999999999999999,-2.7755575615628914e-17
1775609644.9661262,0.4082586637158677,-0.1504261764438456,-2.4663540307305136,1.9398103915040774,0.7725506759874887,0.08765957858121881,2.507346510887146,0.09999999999999999,-2.7755575615628914e-17
1775609645.066173,0.4082586637158677,-0.1504261764438456,-2.4663540307305136,1.931247214709674,0.7788498254362077,0.08303674307859009,2.507564663887024,0.09999999999999999,-2.7755575615628914e-17
1775609645.1662009,0.4082586637158677,-0.1504261764438456,-2.4663540307305136,1.922620417527788,0.7851906303228662,0.12922726038984975,2.507452368736267,0.09999999999999999,-2.7755575615628914e-17
1775609645.266108,0.4082586637158677,-0.1504261764438456,-2.4663540307305136,1.9158503617526639,0.7901685052617038,0.08619096564589274,2.5075703859329224,0.09999999999999999,-2.7755575615628914e-17
1775609645.3660998,0.4082586637158677,-0.1504261764438456,-2.4663540307305136,1.90763793578539,0.7962183195127112,0.08639060306636717,2.5057069063186646,0.09999999999999999,-2.7755575615628914e-17
1775609645.466107,0.4082586637158677,-0.1504261764438456,-2.4663540307305136,1.8994322161565382,0.802277228509982,0.08057254513122185,2.5051532983779907,0.09999999999999999,-2.7755575615628914e-17
1775609645.5660956,0.4082586637158677,-0.1504261764438456,-2.4663540307305136,1.8914344511454388,0.8081916640366381,0.08010973940890648,2.504869818687439,0.09999999999999999,-2.7755575615628914e-17
1775609645.666101,0.4082586637158677,-0.1504261764438456,-2.4663540307305136,1.8830485310103764,0.8143900173984691,0.12465330001117389,2.5052801370620728,0.09999999999999999,-2.7755575615628914e-17
1775609645.7661405,0.4082586637158677,-0.1504261764438456,-2.4663540307305136,1.874675388188744,0.8205630603291869,0.12417195561651428,2.507162928581238,0.09999999999999999,-2.7755575615628914e-17
1775609645.8661077,0.4082586637158677,-0.1504261764438456,-2.4663540307305136,1.8677875255033043,0.8256370701540021,0.08363700235984328,2.506487727165222,0.09999999999999999,-2.7755575615628914e-17
1775609645.9660702,0.14445930882605662,-0.30522592244941893,-2.584953117198462,1.859515063444255,0.8317334130990812,0.08011466952962434,2.5065170526504517,0.09999999999999999,-2.7755575615628914e-17
1775609646.066103,0.14445930882605662,-0.30522592244941893,-2.584953117198462,1.8511848897319552,0.8378794328771714,0.08214580345040422,2.504984498023987,0.09999999999999999,-2.7755575615628914e-17
1775609646.1661365,0.14445930882605662,-0.30522592244941893,-2.584953117198462,1.8432263501032726,0.8437617734272507,0.07909767268005644,2.504634976387024,0.09999999999999999,-0.05000000000000003
1775609646.2661023,0.14445930882605662,-0.30522592244941893,-2.584953117198462,1.8346207047302532,0.8501312556601128,0.13009591836076692,2.50450599193573,0.09999999999999999,-0.10000000000000003
1775609646.3660884,0.14445930882605662,-0.30522592244941893,-2.584953117198462,1.8277870704068642,0.8551934778844427,0.08761919797714997,2.5031861066818237,0.09999999999999999,-0.10000000000000003
1775609646.4660752,0.14445930882605662,-0.30522592244941893,-2.584953117198462,1.8193046973871676,0.8615166627805587,0.08697205338318721,2.496940493583679,0.09999999999999999,-0.10000000000000003
1775609646.5661454,0.14445930882605662,-0.30522592244941893,-2.584953117198462,1.810676985002876,0.8680257374799989,0.12817441770515947,2.4930492639541626,0.09999999999999999,-0.10000000000000003
1775609646.6661053,0.14445930882605662,-0.30522592244941893,-2.584953117198462,1.8039557252150955,0.8731531885947901,0.08404964857763084,2.4877299070358276,0.09999999999999999,-0.10000000000000003
1775609646.7661445,0.14445930882605662,-0.30522592244941893,-2.584953117198462,1.795664258883518,0.8795604046972286,0.08605199145024596,2.477232575416565,0.09999999999999999,-0.10000000000000003
1775609646.8660953,0.14445930882605662,-0.30522592244941893,-2.584953117198462,1.787268641597221,0.8862042361409609,0.1292554330054255,2.4682756662368774,0.09999999999999999,-0.10000000000000003
1775609646.9661121,0.14445930882605662,-0.30522592244941893,-2.584953117198462,1.780707831688742,0.8914951997063436,0.08256698166668669,2.458882451057434,0.09999999999999999,-0.10000000000000003
1775609647.0660956,0.14445930882605662,-0.30522592244941893,-2.584953117198462,1.7724060182730048,0.8982958839830346,0.08269778361242089,2.4492167234420776,0.09999999999999999,-0.10000000000000003
1775609647.1661422,0.14445930882605662,-0.30522592244941893,-2.584953117198462,1.764329066844447,0.9050506751981662,0.08556139860997848,2.4392610788345337,0.09999999999999999,-0.10000000000000003
1775609647.2661223,0.14445930882605662,-0.30522592244941893,-2.584953117198462,1.7564358110262894,0.9117876001966639,0.12396910109325013,2.4314101934432983,0.09999999999999999,-0.10000000000000003
1775609647.3661647,0.14445930882605662,-0.30522592244941893,-2.584953117198462,1.7500218615628664,0.9173719861213264,0.08589544881510304,2.420420527458191,0.09999999999999999,-0.10000000000000003
1775609647.4661057,0.14445930882605662,-0.30522592244941893,-2.584953117198462,1.7420504017711727,0.924443123638006,0.08598544551274494,2.4089800119400024,0.09999999999999999,-0.10000000000000003
1775609647.5661042,0.14445930882605662,-0.30522592244941893,-2.584953117198462,1.7342980550942226,0.9314930964749019,0.12653386714775947,2.399678111076355,0.09999999999999999,-0.10000000000000003
1775609647.6661475,0.14445930882605662,-0.30522592244941893,-2.584953117198462,1.727959000490126,0.9373505052468915,0.08552566982792331,2.391077160835266,0.09999999999999999,-0.10000000000000003
1775609647.7661004,0.14445930882605662,-0.30522592244941893,-2.584953117198462,1.7201913843084964,0.9446450017680642,0.08295144086871531,2.3823782205581665,0.09999999999999999,-0.10000000000000003
1775609647.8661268,0.14445930882605662,-0.30522592244941893,-2.584953117198462,1.7125007102238945,0.9519839730295959,0.0870059132368586,2.375600218772888,0.09999999999999999,-0.10000000000000003
1775609647.966124,0.14445930882605662,-0.30522592244941893,-2.584953117198462,1.7050515738650782,0.9592452121180424,0.12338499613533112,2.3646870851516724,0.09999999999999999,-0.10000000000000003
1775609648.0661013,0.14445930882605662,-0.30522592244941893,-2.584953117198462,1.6989265508706348,0.9653260626748238,0.08760048407651001,2.353866457939148,0.09999999999999999,-0.10000000000000003
1775609648.166158,0.14445930882605662,-0.30522592244941893,-2.584953117198462,1.6913875868168637,0.9729637017293138,0.08603272281328567,2.345019221305847,0.09999999999999999,-0.10000000000000003
1775609648.2661052,0.14445930882605662,-0.30522592244941893,-2.584953117198462,1.684169997497343,0.980455127007627,0.12343097467229071,2.3329252004623413,0.09999999999999999,-0.10000000000000003
1775609648.3661137,0.14445930882605662,-0.30522592244941893,-2.584953117198462,1.6785323443482305,0.9864105767558397,0.08044956474880571,2.3238145112991333,0.09999999999999999,-0.10000000000000003
1775609648.4661002,0.14445930882605662,-0.30522592244941893,-2.584953117198462,1.671270522573221,0.9942087490177131,0.08176368102546086,2.3151427507400513,0.09999999999999999,-0.10000000000000003
1775609648.5660815,0.14445930882605662,-0.30522592244941893,-2.584953117198462,1.6641249485807221,1.0020109355100553,0.08703164035283277,2.3091684579849243,0.09999999999999999,-0.10000000000000003
1775609648.6661482,0.14445930882605662,-0.30522592244941893,-2.584953117198462,1.657116707828056,1.0098010302415747,0.12952535050504377,2.29995596408844,0.09999999999999999,-0.10000000000000003
1775609648.7661047,-0.11122653343777732,-0.4059836486698108,-2.8285298951667666,1.65144713330002,1.0162075612447417,0.08708931242417196,2.2893401384353638,0.09999999999999999,-0.10000000000000003
1775609648.8660944,-0.11122653343777732,-0.4059836486698108,-2.8285298951667666,1.6445622651643343,1.0241404390319193,0.08241304523487507,2.2791143655776978,0.09999999999999999,-0.10000000000000003
1775609648.9661078,-0.11122653343777732,-0.4059836486698108,-2.8285298951667666,1.6380843122594033,1.0317555679886479,0.08089211698101599,2.271333336830139,0.09999999999999999,-0.10000000000000003
1775609649.0660975,-0.11122653343777732,-0.4059836486698108,-2.8285298951667666,1.631263223410198,1.0399420291922221,0.12789669082177008,2.2615517377853394,0.09999999999999999,-0.10000000000000003
1775609649.1660933,-0.11122653343777732,-0.4059836486698108,-2.8285298951667666,1.6258219816474733,1.04657636968811,0.08395308333538276,2.2528096437454224,0.09999999999999999,-0.10000000000000003
1775609649.2660885,-0.11122653343777732,-0.4059836486698108,-2.8285298951667666,1.6189770770398242,1.0550705449974849,0.08798756801060306,2.244513154029846,0.09999999999999999,-0.10000000000000003
1775609649.3660746,-0.11122653343777732,-0.4059836486698108,-2.8285298951667666,1.6124617261832683,1.0633418485619184,0.1290034114862098,2.233819365501404,0.09999999999999999,-0.10000000000000003
1775609649.4661043,-0.11122653343777732,-0.4059836486698108,-2.8285298951667666,1.6060649303554577,1.0716413467411796,0.12327301315605492,2.222197651863098,0.09999999999999999,-0.10000000000000003
1775609649.566094,-0.11122653343777732,-0.4059836486698108,-2.8285298951667666,1.601082839318623,1.0782504448545418,0.0855951052699394,2.210288166999817,0.09999999999999999,-0.10000000000000003
1775609649.666132,-0.11122653343777732,-0.4059836486698108,-2.8285298951667666,1.5949715751346754,1.0865433185759006,0.08399757898182593,2.200987696647644,0.09999999999999999,-0.15000000000000002
1775609649.7661874,-0.11122653343777732,-0.4059836486698108,-2.8285298951667666,1.5889961151671061,1.09484117792344,0.12395993695374398,2.191081166267395,0.09999999999999999,-0.2
1775609649.866184,-0.11122653343777732,-0.4059836486698108,-2.8285298951667666,1.5829991254573808,1.1033721983240528,0.12820716488560013,2.1783310174942017,0.09999999999999999,-0.20000000000000004
1775609649.9661329,-0.11122653343777732,-0.4059836486698108,-2.8285298951667666,1.5772726742507677,1.1117825836279478,0.1526978752983697,2.1618930101394653,0.09999999999999999,-0.25000000000000006
1775609650.0661087,-0.11122653343777732,-0.4059836486698108,-2.8285298951667666,1.5724758770082399,1.1190791250498475,0.08715053081435364,2.1398969888687134,0.09999999999999999,-0.30000000000000004
1775609650.1661003,-0.11122653343777732,-0.4059836486698108,-2.8285298951667666,1.5667822867990981,1.1281758049828652,0.08619753036016624,2.1174150705337524,0.09999999999999999,-0.30000000000000004
1775609650.2661579,-0.11122653343777732,-0.4059836486698108,-2.8285298951667666,1.5623767955491275,1.1356268746076918,0.08463021697553717,2.0883487462997437,0.09999999999999999,-0.30000000000000004
1775609650.3660765,-0.267906932667397,-0.4261051615765299,-3.05889778549687,1.5572995918066568,1.1447929996577395,0.08515758644754519,2.0589569807052612,0.09999999999999999,-0.30000000000000004
1775609650.4661667,-0.267906932667397,-0.4261051615765299,-3.05889778549687,1.5526927877083838,1.153694424568527,0.08157132003680537,2.036131501197815,0.09999999999999999,-0.30000000000000004
1775609650.566248,-0.267906932667397,-0.4261051615765299,-3.05889778549687,1.548069690721527,1.1633228816974095,0.12854488562020144,2.0067721605300903,0.09999999999999999,-0.30000000000000004
1775609650.6661348,-0.267906932667397,-0.4261051615765299,-3.05889778549687,1.5445342315704982,1.1712240140339618,0.08726406844296238,1.979897141456604,0.09999999999999999,-0.30000000000000004
1775609650.7661715,-0.267906932667397,-0.4261051615765299,-3.05889778549687,1.5403493673893114,1.181215688863943,0.08647864059508151,1.9491211175918577,0.09999999999999999,-0.30000000000000004
1775609650.8661025,-0.267906932667397,-0.4261051615765299,-3.05889778549687,1.5365913631803303,1.1910782543565415,0.12458081613313567,1.919620633125305,0.09999999999999999,-0.30000000000000004
1775609650.9661727,-0.267906932667397,-0.4261051615765299,-3.05889778549687,1.5331112131010673,1.2010423668650352,0.12457354795597676,1.8962675333023071,0.09999999999999999,-0.30000000000000004
1775609651.0661507,-0.267906932667397,-0.4261051615765299,-3.05889778549687,1.5305720777676477,1.2090259026287316,0.08705185387716609,1.865655541419983,0.09999999999999999,-0.30000000000000004
1775609651.1660938,-0.36546673747019076,-0.41502728957066204,3.0056327155822458,1.527646719222443,1.2191139338802106,0.08655691769897815,1.834347367286682,0.09999999999999999,-0.30000000000000004
1775609651.266103,-0.36546673747019076,-0.41502728957066204,3.0056327155822458,1.5250247061394566,1.2294157683039646,0.12805493924508918,1.8084570169448853,0.09999999999999999,-0.30000000000000004
1775609651.3661942,-0.36546673747019076,-0.41502728957066204,3.0056327155822458,1.5231521464517064,1.2377371586618764,0.08508419184224637,1.7795978784561157,0.09999999999999999,-0.30000000000000004
1775609651.4661372,-0.36546673747019076,-0.41502728957066204,3.0056327155822458,1.521016237101345,1.2484088499230692,0.08857158338509587,1.7517563104629517,0.09999999999999999,-0.30000000000000004
1775609651.5662022,-0.36546673747019076,-0.41502728957066204,3.0056327155822458,1.5192350928357357,1.2589402195205601,0.1317798194538731,1.727764964103699,0.09999999999999999,-0.30000000000000004
1775609651.6660836,-0.36546673747019076,-0.41502728957066204,3.0056327155822458,1.5180230124781255,1.2674854071543078,0.08655213860086722,1.6991029977798462,0.09999999999999999,-0.30000000000000004
1775609651.7660964,-0.36546673747019076,-0.41502728957066204,3.0056327155822458,1.5167734696065671,1.2782202942775736,0.08649628428743837,1.6688369512557983,0.09999999999999999,-0.30000000000000004
1775609651.866092,-0.36546673747019076,-0.41502728957066204,3.0056327155822458,1.5158887669230063,1.28876289649734,0.12928536854199815,1.6430598497390745,0.09999999999999999,-0.30000000000000004
1775609651.966096,-0.4594714603434461,-0.38084426146199185,2.7717640414908344,1.5154092959962993,1.2973802606910638,0.08662612227219092,1.6125379800796509,0.09999999999999999,-0.30000000000000004
1775609652.0661304,-0.4594714603434461,-0.38084426146199185,2.7717640414908344,1.5151331794230745,1.307601766944923,0.07974581857325673,1.5820835828781128,0.09999999999999999,-0.25000000000000006
1775609652.1661708,-0.4594714603434461,-0.38084426146199185,2.7717640414908344,1.5151911646674001,1.3182318567780291,0.1490409072430851,1.5546342134475708,0.09999999999999999,-0.20000000000000007
1775609652.266111,-0.4594714603434461,-0.38084426146199185,2.7717640414908344,1.5154041270862137,1.3265056213918311,0.08554901119137875,1.5360206365585327,0.09999999999999999,-0.15000000000000002
1775609652.3661041,-0.4594714603434461,-0.38084426146199185,2.7717640414908344,1.5158702791132979,1.3369991009328575,0.08162084654477504,1.5175412893295288,0.09999999999999999,-0.10000000000000003
1775609652.4661093,-0.4594714603434461,-0.38084426146199185,2.7717640414908344,1.5164779323759872,1.3473332670848839,0.0841791036186173,1.5042825937271116,0.09999999999999999,-0.05000000000000003
1775609652.5661159,-0.4594714603434461,-0.38084426146199185,2.7717640414908344,1.5172177060177052,1.3577857268568911,0.12250481473912896,1.4966945648193362,0.09999999999999999,-2.7755575615628914e-17
1775609652.6661026,-0.4594714603434461,-0.38084426146199185,2.7717640414908344,1.5178976043028252,1.366415224655414,0.08568056342324173,1.4893567562103271,0.09999999999999999,-2.7755575615628914e-17
1775609652.7661078,-0.4594714603434461,-0.38084426146199185,2.7717640414908344,1.5187799302545901,1.3770344289726102,0.08420440763246799,1.486586332321167,0.09999999999999999,-2.7755575615628914e-17
1775609652.8661015,-0.4594714603434461,-0.38084426146199185,2.7717640414908344,1.519674456005217,1.3874748015651879,0.12384013754185738,1.4854906797409058,0.09999999999999999,-2.7755575615628914e-17
1775609652.9662318,-0.4594714603434461,-0.38084426146199185,2.7717640414908344,1.5205594712921209,1.397788972211778,0.12050642690703199,1.4853974580764773,0.09999999999999999,-2.7755575615628914e-17
1775609653.0662062,-0.4594714603434461,-0.38084426146199185,2.7717640414908344,1.52127647520872,1.4062376821168698,0.0820764347481076,1.486188530921936,0.09999999999999999,-2.7755575615628914e-17
1775609653.1662252,-0.4594714603434461,-0.38084426146199185,2.7717640414908344,1.5221819068691007,1.4169565500000436,0.08776041784392617,1.4874458312988281,0.09999999999999999,-2.7755575615628914e-17
1775609653.2660882,-0.4594714603434461,-0.38084426146199185,2.7717640414908344,1.5230729954578648,1.4276004244871296,0.12881841713466172,1.4872429370880127,0.09999999999999999,-2.7755575615628914e-17
1775609653.366144,-0.4594714603434461,-0.38084426146199185,2.7717640414908344,1.5239506556345321,1.4377882034235216,0.12367080969200776,1.483737826347351,0.09999999999999999,-2.7755575615628914e-17
1775609653.4661398,-0.4594714603434461,-0.38084426146199185,2.7717640414908344,1.5246792123456454,1.446083486140534,0.08118078878052286,1.4820075035095215,0.09999999999999999,-2.7755575615628914e-17
1775609653.566126,-0.4594714603434461,-0.38084426146199185,2.7717640414908344,1.5256056128978268,1.4564956685566066,0.08570354296103092,1.4825308322906494,0.09999999999999999,-2.7755575615628914e-17
1775609653.666148,-0.4594714603434461,-0.38084426146199185,2.7717640414908344,1.526537318429796,1.467136062646816,0.1279755001242065,1.484997272491455,0.09999999999999999,-2.7755575615628914e-17
1775609653.7664578,-0.4594714603434461,-0.38084426146199185,2.7717640414908344,1.527441588793849,1.477702617583686,0.129437486081749,1.4857215881347656,0.105,-2.7755575615628914e-17
1775609653.8661306,-0.4594714603434461,-0.38084426146199185,2.7717640414908344,1.5281667374729964,1.486277644005913,0.08867844133147824,1.486937403678894,0.10999999999999999,-2.7755575615628914e-17
1775609653.9663026,-0.4594714603434461,-0.38084426146199185,2.7717640414908344,1.5290351054736868,1.4965678288040913,0.08712707698324249,1.4859240055084226,0.11499999999999999,-2.7755575615628914e-17
1775609654.0661554,-0.4594714603434461,-0.38084426146199185,2.7717640414908344,1.5299332573298927,1.5071857086096287,0.12647814443404207,1.4865999221801758,0.11999999999999998,-2.7755575615628914e-17
1775609654.1660984,-0.4594714603434461,-0.38084426146199185,2.7717640414908344,1.530844007601628,1.5179295280871423,0.13178183838378174,1.4865134954452515,0.12499999999999999,-2.7755575615628914e-17
1775609654.2661016,-0.4594714603434461,-0.38084426146199185,2.7717640414908344,1.5317890211786291,1.5291784688582055,0.13491741728994164,1.4873888492584229,0.13499999999999998,-2.7755575615628914e-17
1775609654.366066,-0.4594714603434461,-0.38084426146199185,2.7717640414908344,1.532603797594804,1.5389651571900145,0.10208572693290753,1.4870500564575195,0.13999999999999999,-2.7755575615628914e-17
1775609654.4661045,-0.4594714603434461,-0.38084426146199185,2.7717640414908344,1.5336871508752687,1.5518280656034396,0.10017027393146676,1.4858031272888184,0.13999999999999999,-2.7755575615628914e-17
1775609654.5660954,-0.6853727289753441,-0.2601522009411902,2.6364034708684576,1.5348484194277754,1.5654464137185273,0.16451970460539633,1.4851957559585571,0.13999999999999999,-2.7755575615628914e-17
1775609654.6660788,-0.6853727289753441,-0.2601522009411902,2.6364034708684576,1.5359994470502079,1.5787607946884796,0.16097220173768503,1.4836959838867185,0.13999999999999999,-2.7755575615628914e-17
1775609654.766037,-0.6853727289753441,-0.2601522009411902,2.6364034708684576,1.536951763600445,1.5896788680172869,0.10784762569306841,1.4829376935958862,0.13999999999999999,-2.7755575615628914e-17
1775609654.8659859,-0.6853727289753441,-0.2601522009411902,2.6364034708684576,1.5381770777807675,1.6037235700173589,0.11228021419780769,1.4845156669616697,0.13999999999999999,-2.7755575615628914e-17
1775609654.9661148,-0.6853727289753441,-0.2601522009411902,2.6364034708684576,1.5393662998818234,1.6175173463218284,0.16303060630265526,1.4843530654907227,0.13999999999999999,-2.7755575615628914e-17
1775609655.066132,-0.6853727289753441,-0.2601522009411902,2.6364034708684576,1.5403253851794443,1.6286380784211145,0.11079958285195271,1.4842050075531004,0.13999999999999999,-2.7755575615628914e-17
1775609655.1660929,-0.6853727289753441,-0.2601522009411902,2.6364034708684576,1.5414842119401124,1.6418247418650207,0.10419716397840759,1.4805212020874023,0.13999999999999999,-2.7755575615628914e-17
1775609655.2661142,-0.6853727289753441,-0.2601522009411902,2.6364034708684576,1.542738537741196,1.6556381654570205,0.1664083406840505,1.4803179502487183,0.13999999999999999,-2.7755575615628914e-17
1775609655.366165,-0.6853727289753441,-0.2601522009411902,2.6364034708684576,1.5439632735247917,1.6693271892324488,0.16692751776846723,1.4814373254776,0.13999999999999999,-2.7755575615628914e-17
1775609655.466089,-0.6853727289753441,-0.2601522009411902,2.6364034708684576,1.5449119290577282,1.6800423183515567,0.10714281952548498,1.4824117422103882,0.13999999999999999,-2.7755575615628914e-17
1775609655.5660973,-0.6853727289753441,-0.2601522009411902,2.6364034708684576,1.5461369727611,1.693832958310258,0.10730809670532467,1.4807422161102293,0.13999999999999999,-2.7755575615628914e-17
1775609655.6661534,-0.6853727289753441,-0.2601522009411902,2.6364034708684576,1.5473220856806014,1.7069156355747916,0.10679625177234067,1.4791086912155151,0.13999999999999999,-2.7755575615628914e-17
1775609655.7661672,-0.6853727289753441,-0.2601522009411902,2.6364034708684576,1.5485399936346818,1.7202748982221707,0.16285654881727854,1.4798476696014404,0.13999999999999999,-2.7755575615628914e-17
1775609655.866164,-0.6853727289753441,-0.2601522009411902,2.6364034708684576,1.5497299570727703,1.7335858557035841,0.16088231961331498,1.4814437627792358,0.13999999999999999,-0.05000000000000003
1775609655.9661076,-0.6853727289753441,-0.2601522009411902,2.6364034708684576,1.5509343733067815,1.7469463395265128,0.16040201056333975,1.4791343212127688,0.13999999999999999,-0.10000000000000003
1775609656.0660982,-0.6853727289753441,-0.2601522009411902,2.6364034708684576,1.5519624531631044,1.7577558225488348,0.11095900054642688,1.4711480140686033,0.13999999999999999,-0.10000000000000003
1775609656.1662896,-0.6853727289753441,-0.2601522009411902,2.6364034708684576,1.5533460314138956,1.7711498117866498,0.10381745687038148,1.463262677192688,0.13999999999999999,-0.10000000000000003
1775609656.266231,-0.6853727289753441,-0.2601522009411902,2.6364034708684576,1.554885118001095,1.7847815643400653,0.1626076773240781,1.4547978639602661,0.13999999999999999,-0.10000000000000003
1775609656.3661168,-0.6853727289753441,-0.2601522009411902,2.6364034708684576,1.5562385823609626,1.7960651534469574,0.11323518232500958,1.4463952779769897,0.13999999999999999,-0.10000000000000003
1775609656.4662473,-0.6853727289753441,-0.2601522009411902,2.6364034708684576,1.5580244239084118,1.8100751383436802,0.1118483653580911,1.440082669258118,0.13999999999999999,-0.10000000000000003
1775609656.566174,-0.8985669088620394,-0.1426741297859395,2.589907148201393,1.5598938933596,1.8236399547228912,0.16084805246237138,1.4293155670166016,0.13999999999999999,-0.15000000000000002
1775609656.6661344,-0.8985669088620394,-0.1426741297859395,2.589907148201393,1.5618168760236972,1.8367369898465797,0.1544720273787907,1.4200065135955808,0.13999999999999999,-0.2
1775609656.7661328,-0.8985669088620394,-0.1426741297859395,2.589907148201393,1.5635028075296329,1.847386651320676,0.11025083768380507,1.4057862758636472,0.13999999999999999,-0.20000000000000004
1775609656.8661158,-0.8985669088620394,-0.1426741297859395,2.589907148201393,1.565856742117737,1.8609785371523637,0.1127889176122438,1.3896135091781618,0.13999999999999999,-0.25000000000000006
1775609656.9661553,-0.8985669088620394,-0.1426741297859395,2.589907148201393,1.5684458450845467,1.8745791340983196,0.11417085650948197,1.3740162849426267,0.13999999999999999,-0.30000000000000004
1775609657.0661452,-0.8985669088620394,-0.1426741297859395,2.589907148201393,1.5712617144508008,1.887746507950936,0.15846185238985033,1.3523485660552979,0.13999999999999999,-0.35000000000000003
1775609657.1661475,-0.8985669088620394,-0.1426741297859395,2.589907148201393,1.573757998126689,1.8983656855743363,0.0960383035597697,1.3242685794830322,0.13999999999999999,-0.4
1775609657.2661765,-0.8985669088620394,-0.1426741297859395,2.589907148201393,1.577160229887482,1.9111579871516269,0.1042917126585193,1.2890750169754028,0.13999999999999999,-0.45
1775609657.3661804,-0.8985669088620394,-0.1426741297859395,2.589907148201393,1.5811565273073032,1.92433393489758,0.10991370272646607,1.259803295135498,0.13999999999999999,-0.55
1775609657.4660962,-0.8985669088620394,-0.1426741297859395,2.589907148201393,1.5857745757518213,1.9374387521430314,0.16800565408085882,1.2140333652496338,0.13999999999999999,-0.6
1775609657.5660963,-1.0030296564678807,-0.06622408094062099,2.3445588000191147,1.589866442762335,1.9476319183664943,0.11459571846439304,1.1591819524765015,0.13999999999999999,-0.65
1775609657.6661575,-1.0030296564678807,-0.06622408094062099,2.3445588000191147,1.5956974631676868,1.9602438295960387,0.11083062265752874,1.1120845079421997,0.13999999999999999,-0.75
1775609657.766161,-1.0030296564678807,-0.06622408094062099,2.3445588000191147,1.6023120837724147,1.972346557475034,0.1668993759059281,1.0430501699447632,0.13999999999999999,-0.7999999999999999
1775609657.866194,-1.0030296564678807,-0.06622408094062099,2.3445588000191147,1.6079935810720225,1.9814188942022692,0.10431725029613365,0.9676189422607422,0.13999999999999999,-0.7999999999999999
1775609657.966084,-1.0386169587384266,-0.04220664484399847,2.0927587549296547,1.6159317563339164,1.9922296635900683,0.10908156158601848,0.8897017240524293,0.13999999999999999,-0.7499999999999999
1775609658.0661256,-1.0386169587384266,-0.04220664484399847,2.0927587549296547,1.6247255298668908,2.0024581707658777,0.10450139102160631,0.8263000249862672,0.13999999999999999,-0.7
1775609658.1661553,-1.0386169587384266,-0.04220664484399847,2.0927587549296547,1.6347004707032802,2.0123094332591247,0.16127795427118258,0.7476924657821655,0.13999999999999999,-0.6499999999999999
1775609658.2661037,-1.0386169587384266,-0.04220664484399847,2.0927587549296547,1.6429535255282652,2.0194793763224723,0.11099927342292748,0.6781822443008423,0.13999999999999999,-0.6
1775609658.366093,-1.0590138798320068,0.028639176774610614,1.7983820827393682,1.6539151435104278,2.0278505597816032,0.1052323360359473,0.6117132306098937,0.13999999999999999,-0.5499999999999999
1775609658.4661095,-1.0590138798320068,0.028639176774610614,1.7983820827393682,1.6654014215070074,2.035533069692795,0.1139494319678341,0.5636106729507446,0.13999999999999999,-0.5
1775609658.56617,-1.0590138798320068,0.028639176774610614,1.7983820827393682,1.677370691772795,2.0425389271912375,0.16765795883177864,0.5057311058044434,0.13999999999999999,-0.45
1775609658.6661017,-1.0590138798320068,0.028639176774610614,1.7983820827393682,1.6872076382110255,2.0477041367377917,0.11051893641095437,0.45728087425231934,0.13999999999999999,-0.4
1775609658.7661579,-1.0590138798320068,0.028639176774610614,1.7983820827393682,1.6994091499164252,2.0534578351883392,0.10818240401696863,0.4211883544921875,0.13999999999999999,-0.35000000000000003
1775609658.8661242,-1.0590138798320068,0.028639176774610614,1.7983820827393682,1.7119018445168044,2.0586807888071297,0.16808056220758844,0.3804644942283631,0.13999999999999999,-0.25000000000000006
1775609658.9660923,-1.0705082470504077,0.11102600067051609,1.5303525303875591,1.722242871626922,2.062604552251889,0.11131768844966072,0.34838050603866577,0.13999999999999999,-0.20000000000000007
1775609659.0660899,-1.0705082470504077,0.11102600067051609,1.5303525303875591,1.7352800848389498,2.067187730688671,0.10798578983262842,0.32208979129791254,0.13999999999999999,-0.15000000000000008
1775609659.1661901,-1.0705082470504077,0.11102600067051609,1.5303525303875591,1.748555609172757,2.0714600578610574,0.16773960673185678,0.30394643545150757,0.13999999999999999,-0.10000000000000007
1775609659.266137,-1.0705082470504077,0.11102600067051609,1.5303525303875591,1.761706759272339,2.0754518277745992,0.1702159252985327,0.28931891918182373,0.13999999999999999,-0.10000000000000003
1775609659.366161,-1.0705082470504077,0.11102600067051609,1.5303525303875591,1.7718189710728653,2.07838564970965,0.1065857318640487,0.2780956029891968,0.13999999999999999,-0.10000000000000003
1775609659.4661162,-1.0705082470504077,0.11102600067051609,1.5303525303875591,1.7846122293815045,2.0819780923391207,0.10690146667520559,0.2695537209510803,0.13999999999999999,-0.10000000000000003
1775609659.5661273,-1.0705082470504077,0.11102600067051609,1.5303525303875591,1.7973845240282884,2.085456425777971,0.10897677550855328,0.2608679533004761,0.13999999999999999,-0.10000000000000003
1775609659.666181,-1.0705082470504077,0.11102600067051609,1.5303525303875591,1.810893145045945,2.0890228329860268,0.11445468073221987,0.25328463315963745,0.13999999999999999,-0.10000000000000003
1775609659.766168,-1.0705082470504077,0.11102600067051609,1.5303525303875591,1.8239477976951732,2.0923226509463224,0.16194257982247687,0.24298977851867676,0.13999999999999999,-0.05000000000000003
1775609659.8661342,-1.0705082470504077,0.11102600067051609,1.5303525303875591,1.8344486541000071,2.094879407133565,0.11102219924033899,0.23396837711334229,0.13999999999999999,-2.7755575615628914e-17
1775609659.9661977,-1.0705082470504077,0.11102600067051609,1.5303525303875591,1.847458386523291,2.0979361982762286,0.1080721503719382,0.22701573371887204,0.13999999999999999,-2.7755575615628914e-17
1775609660.0662448,-1.0705082470504077,0.11102600067051609,1.5303525303875591,1.8610750843260113,2.101064816655292,0.1107662584063028,0.224590003490448,0.13999999999999999,-2.7755575615628914e-17
1775609660.1661603,-1.0705082470504077,0.11102600067051609,1.5303525303875591,1.874225312761114,2.1040760726530494,0.16396125223892638,0.225289523601532,0.13999999999999999,-2.7755575615628914e-17
1775609660.266171,-1.0705082470504077,0.11102600067051609,1.5303525303875591,1.8874972712845084,2.107122688974321,0.16513569178630982,0.22528076171875,0.13999999999999999,-2.7755575615628914e-17
1775609660.366114,-1.0705082470504077,0.11102600067051609,1.5303525303875591,1.897834435818331,2.1094918270190304,0.10604888284181373,0.2243601679801941,0.13999999999999999,-0.05000000000000003
1775609660.46609,-1.0705082470504077,0.11102600067051609,1.5303525303875591,1.911385184508387,2.112568163436914,0.10992802606681819,0.22086143493652344,0.13999999999999999,-0.10000000000000003
1775609660.5661526,-1.0705082470504077,0.11102600067051609,1.5303525303875591,1.9251019627978199,2.115597980301548,0.17041501533694617,0.2142205834388733,0.13999999999999999,-0.10000000000000003
1775609660.6661386,-1.0705082470504077,0.11102600067051609,1.5303525303875591,1.9357446508674148,2.1178750993568065,0.11176270264613192,0.20550018548965454,0.13999999999999999,-0.10000000000000003
1775609660.7661543,-1.0705082470504077,0.11102600067051609,1.5303525303875591,1.9492565366431722,2.120652107590287,0.1122110814560558,0.19861423969268796,0.13999999999999999,-0.05000000000000003
1775609660.8660831,-1.0705082470504077,0.11102600067051609,1.5303525303875591,1.962692818366628,2.1232914172843786,0.1594662191118014,0.18996024131774902,0.13999999999999999,-2.7755575615628914e-17
1775609660.966171,-1.0343132553384113,0.34541520189158187,1.3595397197909793,1.9759236858116551,2.125792953191409,0.15781383953210987,0.18416821956634521,0.13999999999999999,-2.7755575615628914e-17
1775609661.0661223,-1.0343132553384113,0.34541520189158187,1.3595397197909793,1.988841516490765,2.1281784458117303,0.15805929479065567,0.18219393491744995,0.13999999999999999,-2.7755575615628914e-17
1775609661.1661634,-1.0343132553384113,0.34541520189158187,1.3595397197909793,1.999744328043219,2.1301859026177894,0.10668946832335889,0.18257093429565432,0.13999999999999999,-2.7755575615628914e-17
1775609661.2661443,-1.0343132553384113,0.34541520189158187,1.3595397197909793,2.013708748416545,2.13275785554343,0.1121969590971442,0.1829453706741333,0.13999999999999999,-2.7755575615628914e-17
1775609661.3661556,-1.0343132553384113,0.34541520189158187,1.3595397197909793,2.0275249282304886,2.135296254528586,0.16786459186115038,0.1815921664237976,0.13999999999999999,-2.7755575615628914e-17
1775609661.4660828,-1.0343132553384113,0.34541520189158187,1.3595397197909793,2.0380330262427013,2.137210916111334,0.10322895144112192,0.17893099784851077,0.13999999999999999,-2.7755575615628914e-17
1775609661.566111,-1.0343132553384113,0.34541520189158187,1.3595397197909793,2.0512107096339043,2.1395822919482406,0.10676211612769995,0.17782515287399292,0.13999999999999999,-2.7755575615628914e-17
1775609661.666098,-1.0343132553384113,0.34541520189158187,1.3595397197909793,2.0644428864227753,2.1419365133942225,0.16146713671662596,0.17562854290008545,0.13999999999999999,-2.7755575615628914e-17
1775609661.7661405,-1.0343132553384113,0.34541520189158187,1.3595397197909793,2.077701942359617,2.1442841375114,0.16294167886498398,0.17537337541580197,0.13999999999999999,-2.7755575615628914e-17
1775609661.8661768,-1.0343132553384113,0.34541520189158187,1.3595397197909793,2.090839800146434,2.146590305637726,0.16238158674402692,0.17331236600875854,0.13999999999999999,-2.7755575615628914e-17
1775609661.966106,-1.0343132553384113,0.34541520189158187,1.3595397197909793,2.1012638668004726,2.1483992721060154,0.10571493008642538,0.17042499780654907,0.13999999999999999,-2.7755575615628914e-17
1775609662.06615,-1.0343132553384113,0.34541520189158187,1.3595397197909793,2.1145115832756627,2.150664423734355,0.1078602157938873,0.1694772839546204,0.13999999999999999,-2.7755575615628914e-17
1775609662.1661193,-1.0343132553384113,0.34541520189158187,1.3595397197909793,2.1276106252175375,2.1528980246002436,0.10788213627031419,0.16887992620468142,0.13999999999999999,-2.7755575615628914e-17
1775609662.2661026,-1.0343132553384113,0.34541520189158187,1.3595397197909793,2.1409117952874612,2.1551508037952907,0.1062579039795088,0.16704553365707395,0.13999999999999999,-2.7755575615628914e-17
1775609662.3661249,-1.0343132553384113,0.34541520189158187,1.3595397197909793,2.154118224239037,2.1573564604024384,0.111263358150952,0.16418099403381348,0.13999999999999999,-2.7755575615628914e-17
1775609662.46614,-1.0343132553384113,0.34541520189158187,1.3595397197909793,2.1677292537243966,2.1595977142622216,0.16502078717001198,0.16245734691619873,0.13999999999999999,-2.7755575615628914e-17
1775609662.5661573,-1.0343132553384113,0.34541520189158187,1.3595397197909793,2.178771447570406,2.161393863117013,0.11335911412162612,0.1614089012145996,0.13999999999999999,0.049999999999999975
1775609662.6661632,-1.0343132553384113,0.34541520189158187,1.3595397197909793,2.192236173327833,2.16358882720896,0.11103760700944017,0.16216331720352173,0.13999999999999999,0.09999999999999998
1775609662.7661827,-1.0343132553384113,0.34541520189158187,1.3595397197909793,2.205691053842617,2.1658432578687807,0.16432024385672914,0.16848748922348022,0.13999999999999999,0.14999999999999997
1775609662.866129,-1.0343132553384113,0.34541520189158187,1.3595397197909793,2.219006466538157,2.1681624990731905,0.16370510726139542,0.17610865831375122,0.13999999999999999,0.19999999999999996
1775609662.9661462,-1.0343132553384113,0.34541520189158187,1.3595397197909793,2.2295123630051457,2.170088902066939,0.10327788064063038,0.1891651153564453,0.13999999999999999,0.19999999999999998
1775609663.0661054,-0.9809715349723103,0.5887073493721617,1.363394083321939,2.2433627320202825,2.1728517627204025,0.11397936503839962,0.20565092563629148,0.13999999999999999,0.19999999999999998
1775609663.1660945,-0.9809715349723103,0.5887073493721617,1.363394083321939,2.2567824551339553,2.175817632649094,0.17025355419334312,0.22462642192840576,0.13999999999999999,0.19999999999999998
1775609663.2660894,-0.9809715349723103,0.5887073493721617,1.363394083321939,2.2673722948969552,2.1783287276410395,0.10589425762516848,0.24240744113922122,0.13999999999999999,0.19999999999999998
1775609663.3660896,-0.9809715349723103,0.5887073493721617,1.363394083321939,2.280347318729318,2.1816333764437625,0.10385555256180047,0.2587149143218994,0.13999999999999999,0.19999999999999998
1775609663.466209,-0.9809715349723103,0.5887073493721617,1.363394083321939,2.2937785072860923,2.185292690258284,0.11137903556683103,0.2758820652961731,0.13999999999999999,0.19999999999999998
1775609663.5661645,-0.9809715349723103,0.5887073493721617,1.363394083321939,2.306884827265089,2.1891692742768565,0.16454612770401292,0.2957717180252075,0.13999999999999999,0.19999999999999998
1775609663.6661093,-0.9809715349723103,0.5887073493721617,1.363394083321939,2.3198642555119533,2.1932871457139265,0.15742550782101028,0.31534403562545776,0.13999999999999999,0.19999999999999998
1775609663.7661448,-0.9809715349723103,0.5887073493721617,1.363394083321939,2.3299268039411363,2.196635792029695,0.10597159556562122,0.32984739542007446,0.13999999999999999,0.19999999999999998
1775609663.8661284,-0.9809715349723103,0.5887073493721617,1.363394083321939,2.342926177900309,2.201174491174544,0.11056945996213771,0.34380137920379633,0.13999999999999999,0.19999999999999998
1775609663.9661436,-0.9809715349723103,0.5887073493721617,1.363394083321939,2.356045466842018,2.206052011467665,0.1696861592423402,0.363913893699646,0.13999999999999999,0.19999999999999998
1775609664.0661697,-0.9809715349723103,0.5887073493721617,1.363394083321939,2.3662259993004087,2.2100408485149554,0.10663228221804721,0.38405382633209223,0.13999999999999999,0.19999999999999998
1775609664.166224,-0.9809715349723103,0.5887073493721617,1.363394083321939,2.379257322285955,2.2154201304068817,0.11352474199299097,0.39997005462646484,0.13999999999999999,0.19999999999999998
1775609664.2662187,-0.9558173663275328,0.736282260398617,1.5542148347400286,2.3920274894474103,2.220961846436297,0.16475983277393783,0.41609323024749756,0.13999999999999999,0.19999999999999998
1775609664.3660998,-0.9558173663275328,0.736282260398617,1.5542148347400286,2.402333582119124,2.225629255653414,0.11270259283324081,0.4371688961982727,0.13999999999999999,0.14999999999999997
1775609664.466114,-0.9558173663275328,0.736282260398617,1.5542148347400286,2.4145567793301814,2.231456232976851,0.10674122364633815,0.45709800720214844,0.13999999999999999,0.09999999999999998
1775609664.5661447,-0.9558173663275328,0.736282260398617,1.5542148347400286,2.426678139001314,2.237492443876909,0.1054959252605747,0.4682759046554566,0.13999999999999999,0.049999999999999975
1775609664.6661441,-0.9558173663275328,0.736282260398617,1.5542148347400286,2.438716152360432,2.243693213403547,0.1669891955231174,0.47902864217758173,0.13999999999999999,-2.7755575615628914e-17
1775609664.7661192,-0.9558173663275328,0.736282260398617,1.5542148347400286,2.4483578476786825,2.248741984398228,0.10949746534243603,0.4850219488143921,0.13999999999999999,-0.05000000000000003
1775609664.8661988,-0.9558173663275328,0.736282260398617,1.5542148347400286,2.4607280524207082,2.2552909235611565,0.1146289705572322,0.48804688453674316,0.13999999999999999,-0.10000000000000003
1775609664.9662104,-0.9558173663275328,0.736282260398617,1.5542148347400286,2.472936377142848,2.2617669631754396,0.1689959840539304,0.4866199493408203,0.13999999999999999,-0.10000000000000003
1775609665.066247,-0.9558173663275328,0.736282260398617,1.5542148347400286,2.4826352369134614,2.266870197929269,0.11361289288290598,0.4797824621200562,0.13999999999999999,-0.10000000000000003
1775609665.166062,-0.9558173663275328,0.736282260398617,1.5542148347400286,2.4950052762819026,2.2732554712367685,0.11172561513738839,0.4694584608078003,0.13999999999999999,-0.10000000000000003
1775609665.2661858,-0.9558173663275328,0.736282260398617,1.5542148347400286,2.506646628796574,2.279119745693331,0.10463904788647292,0.4623748064041138,0.13999999999999999,-0.10000000000000003
1775609665.3660958,-0.9558173663275328,0.736282260398617,1.5542148347400286,2.518961108026109,2.2851651375688427,0.16192516430445242,0.4524422287940979,0.13999999999999999,-0.10000000000000003
1775609665.4660995,-0.9558173663275328,0.736282260398617,1.5542148347400286,2.53137741427364,2.29111661349477,0.16329212025606205,0.4430824518203735,0.13999999999999999,-0.10000000000000003
1775609665.566139,-0.9558173663275328,0.736282260398617,1.5542148347400286,2.5410211334238197,2.295649194308825,0.10647330432626559,0.4351764917373657,0.13999999999999999,-0.10000000000000003
1775609665.6661918,-0.9558173663275328,0.736282260398617,1.5542148347400286,2.5536893029076064,2.301481251535119,0.11256630301146262,0.4271407127380371,0.13999999999999999,-0.10000000000000003
1775609665.7662058,-0.9558173663275328,0.736282260398617,1.5542148347400286,2.566351957923505,2.307141615999701,0.16581006172119594,0.4159590601921082,0.13999999999999999,-0.15000000000000002
1775609665.8660932,-0.9558173663275328,0.736282260398617,1.5542148347400286,2.576749199208494,2.3116664271650835,0.11287538048863156,0.4071010947227478,0.13999999999999999,-0.2
1775609665.9661078,-0.9558173663275328,0.736282260398617,1.5542148347400286,2.589418524324895,2.3170582961552704,0.11341911590886626,0.3950061798095703,0.13999999999999999,-0.20000000000000004
1775609666.066094,-0.9558173663275328,0.736282260398617,1.5542148347400286,2.6025850394972947,2.3224416522818103,0.17056889787562168,0.38295602798461914,0.13999999999999999,-0.20000000000000004
1775609666.166106,-0.9558173663275328,0.736282260398617,1.5542148347400286,2.6131018583205665,2.3265434857031786,0.11340221945621615,0.36288172006607056,0.13999999999999999,-0.15000000000000002
1775609666.2661407,-0.9558173663275328,0.736282260398617,1.5542148347400286,2.625752943393029,2.331227622258799,0.10919175126628658,0.34134364128112793,0.13999999999999999,-0.10000000000000003
1775609666.3661046,-0.9558173663275328,0.736282260398617,1.5542148347400286,2.63866596800528,2.335706367362121,0.1451271555687602,0.32617121934890747,0.13999999999999999,-0.05000000000000003
1775609666.466052,-0.954399792037735,1.0275420404125613,1.4723118016956802,2.6489856933585223,2.33916406191092,0.1072678278448043,0.32024258375167847,0.13999999999999999,-2.7755575615628914e-17
1775609666.5661187,-0.954399792037735,1.0275420404125613,1.4723118016956802,2.6623815826545587,2.3435577779013292,0.1134413353278102,0.3138477802276611,0.13999999999999999,-2.7755575615628914e-17
1775609666.6661773,-0.954399792037735,1.0275420404125613,1.4723118016956802,2.6758956376687464,2.34791555507403,0.1700937588361448,0.31135743856430054,0.13999999999999999,-2.7755575615628914e-17
1775609666.7661116,-0.954399792037735,1.0275420404125613,1.4723118016956802,2.6862383821107296,2.351221596161669,0.10630915422583301,0.3082543611526489,0.13999999999999999,-2.7755575615628914e-17
1775609666.8661377,-0.954399792037735,1.0275420404125613,1.4723118016956802,2.699195166367567,2.355327664084716,0.10529503920978682,0.30677974224090576,0.13999999999999999,-2.7755575615628914e-17
1775609666.966159,-0.954399792037735,1.0275420404125613,1.4723118016956802,2.71220546118417,2.359432409614544,0.16187197763322891,0.30602484941482544,0.13999999999999999,-2.7755575615628914e-17
1775609667.0661504,-0.954399792037735,1.0275420404125613,1.4723118016956802,2.725410460925121,2.3635929978416375,0.16407093825469557,0.3056420087814331,0.13999999999999999,-2.7755575615628914e-17
1775609667.1661234,-0.954399792037735,1.0275420404125613,1.4723118016956802,2.7357483836821257,2.3668303756071656,0.10585430601993948,0.30280911922454834,0.13999999999999999,-2.7755575615628914e-17
1775609667.2660882,-0.954399792037735,1.0275420404125613,1.4723118016956802,2.7488293697725896,2.3708785948103754,0.11188239017860711,0.2986040115356445,0.13999999999999999,-2.7755575615628914e-17
1775609667.366162,-0.954399792037735,1.0275420404125613,1.4723118016956802,2.762040516804645,2.3749341937690893,0.16632403671331722,0.2974240183830261,0.13999999999999999,-2.7755575615628914e-17
1775609667.4661024,-0.954399792037735,1.0275420404125613,1.4723118016956802,2.7728552662229653,2.378257592662335,0.1133974948854538,0.29912531375885015,0.13999999999999999,-2.7755575615628914e-17
1775609667.5661614,-0.954399792037735,1.0275420404125613,1.4723118016956802,2.7857958323700363,2.382245862885182,0.10883476723805262,0.30015981197357183,0.13999999999999999,-2.7755575615628914e-17
1775609667.666126,-0.954399792037735,1.0275420404125613,1.4723118016956802,2.79912087366303,2.3863616170151927,0.16137166844894518,0.299369752407074,0.13999999999999999,-2.7755575615628914e-17
1775609667.7660892,-0.954399792037735,1.0275420404125613,1.4723118016956802,2.812015365008161,2.3903275033092592,0.16289113580169143,0.2982059121131897,0.13999999999999999,-2.7755575615628914e-17
1775609667.8660781,-0.954399792037735,1.0275420404125613,1.4723118016956802,2.8223971905661,2.3935087036654115,0.10920572193479137,0.297510027885437,0.13999999999999999,-2.7755575615628914e-17
1775609667.9661713,-0.954399792037735,1.0275420404125613,1.4723118016956802,2.8356107996485993,2.3975562754463358,0.11091852605204033,0.29797035455703735,0.13999999999999999,-2.7755575615628914e-17
1775609668.066143,-0.954399792037735,1.0275420404125613,1.4723118016956802,2.8487262467402683,2.40157862873288,0.16372645354790233,0.29768431186676025,0.13999999999999999,-0.05000000000000003
1775609668.1661165,-0.954399792037735,1.0275420404125613,1.4723118016956802,2.8594985627404905,2.4048677138352756,0.11186945477376269,0.2951706647872925,0.13999999999999999,-0.10000000000000003
1775609668.2661605,-0.954399792037735,1.0275420404125613,1.4723118016956802,2.8727076824246116,2.408842902571512,0.10812470507974482,0.2891724109649658,0.13999999999999999,-0.15000000000000002
1775609668.3662193,-0.954399792037735,1.0275420404125613,1.4723118016956802,2.8861279175280194,2.41272855646863,0.16738242974974782,0.2768819332122803,0.13999999999999999,-0.25
1775609668.466151,-0.954399792037735,1.0275420404125613,1.4723118016956802,2.899138275513909,2.416295652505109,0.156316719612548,0.2614244818687439,0.13999999999999999,-0.3
1775609668.5661771,-0.954399792037735,1.0275420404125613,1.4723118016956802,2.9097781999233097,2.4190260204093237,0.11297752094101318,0.23907852172851565,0.13999999999999999,-0.35
1775609668.6661367,-0.9110164842173704,1.2990576594453143,1.3738802883063792,2.922772444114444,2.422036464904134,0.1104514164628322,0.2108354568481445,0.13999999999999999,-0.44999999999999996
1775609668.7661211,-0.9110164842173704,1.2990576594453143,1.3738802883063792,2.9357978343086018,2.424664106236894,0.10374945164147778,0.18224525451660156,0.13999999999999999,-0.49999999999999994
1775609668.866124,-0.9110164842173704,1.2990576594453143,1.3738802883063792,2.9494720111076664,2.4268269506662206,0.15730571238004815,0.1391628384590149,0.13999999999999999,-0.5499999999999999
1775609668.9661489,-0.9110164842173704,1.2990576594453143,1.3738802883063792,2.9598994848048736,2.428086590335037,0.10576325734302185,0.09451118111610414,0.13999999999999999,-0.6
1775609669.066171,-0.9110164842173704,1.2990576594453143,1.3738802883063792,2.973655292258177,2.429101607701352,0.11479566990726757,0.04282993078231812,0.13999999999999999,-0.65
1775609669.1661198,-0.9110164842173704,1.2990576594453143,1.3738802883063792,2.987647615037481,2.4294163377588927,0.11044692838304927,-0.004793643951416016,0.13999999999999999,-0.7
1775609669.2662442,-0.8779655237318935,1.3666998264462142,1.1353584222476447,2.9988523584277793,2.429027686698016,0.11072903650128604,-0.06214293837547303,0.13999999999999999,-0.75
1775609669.3661518,-0.8779655237318935,1.3666998264462142,1.1353584222476447,3.0125081876057287,2.4277446793913824,0.1121893784499334,-0.13859957456588745,0.13999999999999999,-0.85
1775609669.46615,-0.8779655237318935,1.3666998264462142,1.1353584222476447,3.0262104190485344,2.425444418582317,0.11040572143157745,-0.20060691237449643,0.13999999999999999,-0.8999999999999999
1775609669.5661957,-0.8779655237318935,1.3666998264462142,1.1353584222476447,3.037030892682105,2.422714246313807,0.11340836448180294,-0.2839268520474434,0.13999999999999999,-0.8999999999999999
1775609669.6661701,-0.8403757204580592,1.4140471053735233,0.86954114959604,3.050319151932416,2.418326900600388,0.1126757530109722,-0.36837611347436905,0.13999999999999999,-0.95
1775609669.766163,-0.8403757204580592,1.4140471053735233,0.86954114959604,3.0626765608411786,2.4129835326727953,0.15895434984842843,-0.4403391256928444,0.13999999999999999,-0.9999999999999999
1775609669.8661816,-0.8403757204580592,1.4140471053735233,0.86954114959604,3.074153405357975,2.406809879026024,0.15846579193078172,-0.5288719236850739,0.13999999999999999,-0.9999999999999999
1775609669.9661596,-0.8403757204580592,1.4140471053735233,0.86954114959604,3.0846961102450794,2.399860631332835,0.1515188733330157,-0.6186487972736359,0.13999999999999999,-0.9499999999999998
1775609670.0661557,-0.785161382791473,1.4606639708167284,0.5341607910425008,3.092856531117589,2.3934538163536683,0.10324023756782644,-0.7051030099391938,0.13999999999999999,-0.8999999999999999
1775609670.1661127,-0.785161382791473,1.4606639708167284,0.5341607910425008,3.1025299165214086,2.3846085081935904,0.10424859894727236,-0.7947809100151063,0.13999999999999999,-0.8499999999999999
1775609670.2660902,-0.785161382791473,1.4606639708167284,0.5341607910425008,3.1114946510849473,2.3748720288326775,0.10085325699388746,-0.8739284276962279,0.13999999999999999,-0.7499999999999999
1775609670.3661325,-0.785161382791473,1.4606639708167284,0.5341607910425008,3.119566141688399,2.3646073487197863,0.09786460089595009,-0.9502640962600708,0.13999999999999999,-0.7
1775609670.4661791,-0.747353699567573,1.4657202781731213,0.2172746044261875,3.1269694970884228,2.353483039158782,0.16109050061354782,-1.0096331238746643,0.13999999999999999,-0.6499999999999999
1775609670.566218,-0.747353699567573,1.4657202781731213,0.2172746044261875,3.133618161911154,2.3418631969784607,0.1640979582792593,-1.0777132511138916,0.13999999999999999,-0.6
1775609670.6661947,-0.747353699567573,1.4657202781731213,0.2172746044261875,3.139467770462273,2.3298493169093044,0.15815092884778392,-1.1433260440826418,0.13999999999999999,-0.5499999999999999
1775609670.7661028,-0.747353699567573,1.4657202781731213,0.2172746044261875,3.143676817705324,2.319841385120103,0.11156965503549268,-1.204508662223816,0.13999999999999999,-0.45
1775609670.8661284,-0.6810697930501645,1.4585083488556507,-0.023986544561957097,3.148382342040819,2.306848286281396,0.10928895229676769,-1.2460798025131228,0.13999999999999999,-0.4
1775609670.9661357,-0.6810697930501645,1.4585083488556507,-0.023986544561957097,3.1523992722419205,2.2937320759867568,0.16222405235863355,-1.2916040420532227,0.13999999999999999,-0.35000000000000003
1775609671.0662084,-0.6810697930501645,1.4585083488556507,-0.023986544561957097,3.155270349607585,2.2830247256463534,0.11526047810020873,-1.329041063785553,0.13999999999999999,-0.30000000000000004
1775609671.1661394,-0.6810697930501645,1.4585083488556507,-0.023986544561957097,3.1583530296543567,2.2697354772179428,0.11203645290985208,-1.3583574295043945,0.13999999999999999,-0.25000000000000006
1775609671.2662413,-0.6810697930501645,1.4585083488556507,-0.023986544561957097,3.1610442319405965,2.2560775979700476,0.1652398953909106,-1.3884562253952024,0.13999999999999999,-0.20000000000000007
1775609671.3661766,-0.6810697930501645,1.4585083488556507,-0.023986544561957097,3.163311246637054,2.2425481237006606,0.16653643576324995,-1.4155681133270264,0.13999999999999999,-0.20000000000000004
1775609671.4661424,-0.6053663598390491,1.4264895667532684,-0.23962387031498797,3.164885907684541,2.2318303409010607,0.10642245399414071,-1.4354388713836672,0.13999999999999999,-0.15000000000000002
1775609671.5660796,-0.6053663598390491,1.4264895667532684,-0.23962387031498797,3.1665523348772306,2.2188768934098406,0.10820660717056782,-1.4525330066680908,0.13999999999999999,-0.10000000000000003
1775609671.6661537,-0.6053663598390491,1.4264895667532684,-0.23962387031498797,3.168081785523278,2.205371452636761,0.10626421115968689,-1.4657669067382812,0.13999999999999999,-0.05000000000000003
1775609671.7661023,-0.6053663598390491,1.4264895667532684,-0.23962387031498797,3.169404516475001,2.1919204741254155,0.1645187012820072,-1.4766517877578735,0.13999999999999999,-2.7755575615628914e-17
1775609671.8661027,-0.6053663598390491,1.4264895667532684,-0.23962387031498797,3.170614021585063,2.178484228989284,0.16327644387612322,-1.4840147495269775,0.13999999999999999,-2.7755575615628914e-17
1775609671.9660828,-0.6053663598390491,1.4264895667532684,-0.23962387031498797,3.1715360089347864,2.1676143640185854,0.10532082237967431,-1.4892175197601318,0.13999999999999999,-2.7755575615628914e-17
1775609672.0660827,-0.6053663598390491,1.4264895667532684,-0.23962387031498797,3.172638139776634,2.1540672840317883,0.10478979810780152,-1.4900364875793455,0.13999999999999999,-2.7755575615628914e-17
1775609672.1661015,-0.6053663598390491,1.4264895667532684,-0.23962387031498797,3.1737347653380725,2.140494363759067,0.10616339452145163,-1.4904296398162842,0.13999999999999999,-2.7755575615628914e-17
1775609672.266152,-0.6053663598390491,1.4264895667532684,-0.23962387031498797,3.1748589346830207,2.126568164580988,0.1681096381335196,-1.4902281761169434,0.13999999999999999,-2.7755575615628914e-17
1775609672.36616,-0.6053663598390491,1.4264895667532684,-0.23962387031498797,3.1757205927747685,2.1157949060992167,0.10629929775891195,-1.492193937301636,0.13999999999999999,0.049999999999999975
1775609672.4661586,-0.6053663598390491,1.4264895667532684,-0.23962387031498797,3.1767736274983314,2.1023454717276566,0.10985805730951063,-1.4930912256240847,0.13999999999999999,0.09999999999999998
1775609672.5661614,-0.6053663598390491,1.4264895667532684,-0.23962387031498797,3.1778645226285267,2.0884166276320286,0.16810610609681925,-1.4914696216583252,0.13999999999999999,0.09999999999999998
1775609672.66613,-0.6053663598390491,1.4264895667532684,-0.23962387031498797,3.179001112308755,2.074897818226329,0.16418844759689502,-1.4838649034500122,0.13999999999999999,0.14999999999999997
1775609672.7661154,-0.6053663598390491,1.4264895667532684,-0.23962387031498797,3.1799857146712047,2.064211392417036,0.10723594383391444,-1.4726072549819946,0.13999999999999999,0.19999999999999996
1775609672.8661177,-0.6053663598390491,1.4264895667532684,-0.23962387031498797,3.1814232096957293,2.0504159098082924,0.11486428091706494,-1.4586522579193117,0.13999999999999999,0.24999999999999994
1775609672.9662013,-0.6053663598390491,1.4264895667532684,-0.23962387031498797,3.183021299183109,2.037045870221879,0.1091184264834607,-1.4449398517608643,0.13999999999999999,0.29999999999999993
1775609673.0661836,-0.6053663598390491,1.4264895667532684,-0.23962387031498797,3.184951465344646,2.0234898026680184,0.16283740307266725,-1.4183796644210818,0.13999999999999999,0.3499999999999999
1775609673.16615,-0.6053663598390491,1.4264895667532684,-0.23962387031498797,3.186752534826147,2.0128079767204667,0.11203633622206698,-1.3852041959762573,0.13999999999999999,0.3999999999999999
1775609673.2661607,-0.6053663598390491,1.4264895667532684,-0.23962387031498797,3.1894630265960715,1.9993863965014727,0.10525293910606663,-1.3485606908798218,0.13999999999999999,0.4
1775609673.366244,-0.6053663598390491,1.4264895667532684,-0.23962387031498797,3.192718390373139,1.9859299662626542,0.16327293643326632,-1.3197681903839111,0.13999999999999999,0.45
1775609673.4660616,-0.3767519637231613,1.3506282724088032,-0.13586651760903493,3.1963219932665843,1.9731667610571604,0.15952771090240356,-1.2802165746688843,0.13999999999999999,0.5
1775609673.5661647,-0.3767519637231613,1.3506282724088032,-0.13586651760903493,3.1997534100780993,1.9626791468189768,0.11412678254551857,-1.2333607077598572,0.13999999999999999,0.5
1775609673.6661766,-0.3767519637231613,1.3506282724088032,-0.13586651760903493,3.2045204947877752,1.9498435891074684,0.11049657622256544,-1.1873839497566223,0.13999999999999999,0.5
1775609673.7661455,-0.3767519637231613,1.3506282724088032,-0.13586651760903493,3.209611822612265,1.937789622992179,0.10846753261723571,-1.1508514881134033,0.13999999999999999,0.5
1775609673.8661234,-0.3767519637231613,1.3506282724088032,-0.13586651760903493,3.2156329075150767,1.9253518609631666,0.167686100133547,-1.0987675189971924,0.13999999999999999,0.45
1775609673.966089,-0.3767519637231613,1.3506282724088032,-0.13586651760903493,3.221002157873286,1.9154230522555165,0.11300732712696797,-1.0466487407684326,0.13999999999999999,0.4
1775609674.0661633,-0.3112467193097678,1.3319015870941098,0.12273899196419952,3.2282460960998645,1.9033586041310437,0.11041596173351396,-1.0092479586601257,0.13999999999999999,0.35000000000000003
1775609674.1661298,-0.3112467193097678,1.3319015870941098,0.12273899196419952,3.2357497857080593,1.8920265335571038,0.15913470725323073,-0.9704337716102601,0.13999999999999999,0.30000000000000004
1775609674.2660768,-0.3112467193097678,1.3319015870941098,0.12273899196419952,3.242054015291217,1.8831242269486546,0.1075204313262936,-0.9340323209762574,0.13999999999999999,0.25000000000000006
1775609674.3660831,-0.3112467193097678,1.3319015870941098,0.12273899196419952,3.2503137057470988,1.8722350015884128,0.10509787076556695,-0.9036056995391847,0.13999999999999999,0.20000000000000007
1775609674.4660842,-0.3112467193097678,1.3319015870941098,0.12273899196419952,3.258737197927034,1.8617625467032513,0.10436771548222691,-0.8812025189399719,0.13999999999999999,0.20000000000000004
1775609674.5661323,-0.3112467193097678,1.3319015870941098,0.12273899196419952,3.2677108924700566,1.8511865612972824,0.16600188756857762,-0.8596988916397095,0.13999999999999999,0.15000000000000002
1775609674.6660573,-0.3112467193097678,1.3319015870941098,0.12273899196419952,3.2749223943485326,1.8429677712654322,0.10837665171799503,-0.8402654230594634,0.13999999999999999,0.10000000000000003
1775609674.766187,-0.3112467193097678,1.3319015870941098,0.12273899196419952,3.284506613175404,1.8324226104035217,0.11696005190670623,-0.8261424005031585,0.13999999999999999,0.10000000000000003
1775609674.8660922,-0.2185799345509375,1.365411014673879,0.33089184382675907,3.2941695386825414,1.8221223699185258,0.17215688404141624,-0.8122266829013823,0.13999999999999999,0.10000000000000003
1775609674.9661322,-0.2185799345509375,1.365411014673879,0.33089184382675907,3.3016765317117307,1.814277189165046,0.10629221481785421,-0.8036977648735046,0.13999999999999999,0.10000000000000003
1775609675.066153,-0.2185799345509375,1.365411014673879,0.33089184382675907,3.3112315574894997,1.8044336716539031,0.10982831098597844,-0.7946497201919557,0.13999999999999999,0.05000000000000003
1775609675.1661427,-0.2185799345509375,1.365411014673879,0.33089184382675907,3.320761362270213,1.7948135589453824,0.15980316574825176,-0.786071002483368,0.13999999999999999,2.7755575615628914e-17
1775609675.2661,-0.2185799345509375,1.365411014673879,0.33089184382675907,3.3287278720981375,1.7869232357055003,0.11141780423179297,-0.776748538017273,0.13999999999999999,2.7755575615628914e-17
1775609675.3661835,-0.2185799345509375,1.365411014673879,0.33089184382675907,3.3387637540266093,1.7770579871997652,0.11176793715005574,-0.7762914299964904,0.13999999999999999,2.7755575615628914e-17
1775609675.4661222,-0.2185799345509375,1.365411014673879,0.33089184382675907,3.348704633034646,1.767276625791862,0.1661787595658913,-0.7785255908966063,0.13999999999999999,2.7755575615628914e-17
1775609675.566124,-0.2185799345509375,1.365411014673879,0.33089184382675907,3.356357985769319,1.7597175162482228,0.11026082453158434,-0.7789071202278137,0.13999999999999999,2.7755575615628914e-17
1775609675.6661325,-0.2185799345509375,1.365411014673879,0.33089184382675907,3.3660032150195867,1.7501770651059378,0.10722623435956745,-0.780375361442566,0.13999999999999999,2.7755575615628914e-17
1775609675.7661223,-0.2185799345509375,1.365411014673879,0.33089184382675907,3.3760202285317966,1.7402566558943475,0.16838685199639292,-0.7802670598030091,0.13999999999999999,2.7755575615628914e-17
1775609675.86614,-0.2185799345509375,1.365411014673879,0.33089184382675907,3.3855759848581295,1.7307697502022377,0.16058141985981136,-0.7823077738285065,0.13999999999999999,2.7755575615628914e-17
1775609675.9661436,-0.2185799345509375,1.365411014673879,0.33089184382675907,3.393002804533856,1.7233776002153487,0.10335842347426671,-0.7844755053520203,0.13999999999999999,2.7755575615628914e-17
1775609676.0661583,-0.2185799345509375,1.365411014673879,0.33089184382675907,3.4025275492106695,1.7138595572012303,0.10433040896952443,-0.7845502495765686,0.13999999999999999,2.7755575615628914e-17
1775609676.1660929,-0.2185799345509375,1.365411014673879,0.33089184382675907,3.4121790159482717,1.7042176745197748,0.10844819125437885,-0.7849346399307251,0.13999999999999999,2.7755575615628914e-17
1775609676.2661536,-0.2185799345509375,1.365411014673879,0.33089184382675907,3.4219582435781315,1.6944529931688876,0.166423585941505,-0.7840080857276915,0.13999999999999999,2.7755575615628914e-17
1775609676.3661535,-0.2185799345509375,1.365411014673879,0.33089184382675907,3.43151614421402,1.6848965167241068,0.15992015467371018,-0.7854326963424683,0.13999999999999999,2.7755575615628914e-17
1775609676.4661317,-0.2185799345509375,1.365411014673879,0.33089184382675907,3.439161516415451,1.6772217845137365,0.10999177729470638,-0.7889351546764374,0.13999999999999999,2.7755575615628914e-17
1775609676.5660853,-0.2185799345509375,1.365411014673879,0.33089184382675907,3.4485567902773635,1.6677533848275115,0.10448176119955717,-0.7890576422214508,0.13999999999999999,2.7755575615628914e-17
1775609676.6661077,-0.2185799345509375,1.365411014673879,0.33089184382675907,3.45841840172692,1.6578206462912772,0.11133913622334836,-0.7885859906673431,0.13999999999999999,2.7755575615628914e-17
1775609676.7661495,-0.2185799345509375,1.365411014673879,0.33089184382675907,3.468222141534277,1.6479731371326383,0.16549113496615198,-0.7870842516422272,0.13999999999999999,2.7755575615628914e-17
1775609676.8660722,-0.2185799345509375,1.365411014673879,0.33089184382675907,3.4759033486934823,1.6402626443039228,0.1046533088162792,-0.7870932221412659,0.13999999999999999,2.7755575615628914e-17
1775609676.966172,-0.2185799345509375,1.365411014673879,0.33089184382675907,3.485535215890113,1.630565481520529,0.10579311274241415,-0.7904171943664551,0.13999999999999999,2.7755575615628914e-17
1775609677.0661597,-0.2185799345509375,1.365411014673879,0.33089184382675907,3.4949374532981383,1.6210683472215341,0.1609970236784588,-0.7900982499122621,0.13999999999999999,2.7755575615628914e-17
1775609677.1661108,-0.2185799345509375,1.365411014673879,0.33089184382675907,3.504737298193207,1.6111812919739565,0.16502663224034503,-0.7892248332500457,0.13999999999999999,2.7755575615628914e-17
1775609677.2661295,-0.2185799345509375,1.365411014673879,0.33089184382675907,3.5122760938406357,1.6035790557790537,0.1068874290399116,-0.789656937122345,0.13999999999999999,2.7755575615628914e-17
1775609677.366216,-0.2185799345509375,1.365411014673879,0.33089184382675907,3.522153710527681,1.5935909147079619,0.11177282372532947,-0.7915485203266145,0.13999999999999999,2.7755575615628914e-17
1775609677.4660997,-0.2185799345509375,1.365411014673879,0.33089184382675907,3.5316766939238993,1.5839284392048183,0.16462227784841021,-0.7932921350002289,0.13999999999999999,2.7755575615628914e-17
1775609677.566117,-0.2185799345509375,1.365411014673879,0.33089184382675907,3.5392042249048132,1.5762794962880717,0.11046017258414187,-0.7931144535541534,0.13999999999999999,-0.049999999999999975
1775609677.666082,0.08892033071479721,1.4809644258086583,0.36873597750450937,3.548869419704009,1.5664728805120736,0.107752092888411,-0.7915966510772705,0.13999999999999999,-0.09999999999999998
1775609677.7660668,0.08892033071479721,1.4809644258086583,0.36873597750450937,3.558365239458793,1.556854713971081,0.10774143785900252,-0.7924813628196717,0.13999999999999999,-0.09999999999999998
1775609677.8660777,0.08892033071479721,1.4809644258086583,0.36873597750450937,3.568186545519455,1.5468112251354356,0.1664779980920703,-0.7995502054691315,0.13999999999999999,-0.09999999999999998
1775609677.966077,0.08892033071479721,1.4809644258086583,0.36873597750450937,3.57745819408497,1.5371515071700494,0.1610394727942528,-0.8099298477172852,0.13999999999999999,-0.09999999999999998
1775609678.06607,0.08892033071479721,1.4809644258086583,0.36873597750450937,3.58491388355479,1.5292575525358936,0.11323282807514286,-0.8183057308197021,0.13999999999999999,-0.09999999999999998
1775609678.1660764,0.08892033071479721,1.4809644258086583,0.36873597750450937,3.5945503288630163,1.5188978515112495,0.11491860635715713,-0.8246336281299591,0.13999999999999999,-0.09999999999999998
1775609678.2660766,0.08892033071479721,1.4809644258086583,0.36873597750450937,3.6037603143499712,1.5088334504716443,0.16833028020960566,-0.8326868414878844,0.13999999999999999,-0.09999999999999998
1775609678.366101,0.08892033071479721,1.4809644258086583,0.36873597750450937,3.612562476019049,1.4990483742197513,0.1577979113873882,-0.8415308892726898,0.13999999999999999,-0.09999999999999998
1775609678.4661038,0.08892033071479721,1.4809644258086583,0.36873597750450937,3.619999321228913,1.4906569526672828,0.11279572688932306,-0.8498224318027495,0.13999999999999999,-0.09999999999999998
1775609678.5661867,0.08892033071479721,1.4809644258086583,0.36873597750450937,3.62865492716196,1.4807419881328594,0.10613502211207765,-0.8570488691329956,0.13999999999999999,-0.09999999999999998
1775609678.6662111,0.08892033071479721,1.4809644258086583,0.36873597750450937,3.6376419510380145,1.47027698903417,0.16987115528945662,-0.864181637763977,0.13999999999999999,-0.09999999999999998
1775609678.766123,0.08892033071479721,1.4809644258086583,0.36873597750450937,3.646595939773254,1.4596840971232816,0.1716542970256652,-0.8722118139266968,0.13999999999999999,-0.09999999999999998
1775609678.8661473,0.08892033071479721,1.4809644258086583,0.36873597750450937,3.653464372390662,1.4514382470277634,0.10680337243129273,-0.8816428780555724,0.13999999999999999,-0.09999999999999998
1775609678.9661582,0.08892033071479721,1.4809644258086583,0.36873597750450937,3.6620858282449342,1.440898016028815,0.10511918311522847,-0.8900851011276246,0.13999999999999999,-0.09999999999999998
1775609679.066137,0.08892033071479721,1.4809644258086583,0.36873597750450937,3.6704955046472754,1.4303818661345933,0.15919259952819179,-0.903043270111084,0.13999999999999999,-0.09999999999999998
1775609679.1661026,0.08892033071479721,1.4809644258086583,0.36873597750450937,3.6789313825168293,1.4196280922603834,0.1613463092678979,-0.907898724079132,0.13999999999999999,-0.09999999999999998
1775609679.2661543,0.08892033071479721,1.4809644258086583,0.36873597750450937,3.6856383308777954,1.4109604758673606,0.11093617274493764,-0.9161105155944825,0.13999999999999999,-0.09999999999999998
1775609679.366186,0.08892033071479721,1.4809644258086583,0.36873597750450937,3.694053594677275,1.399934741873276,0.10778519118013716,-0.9229212403297424,0.13999999999999999,-0.09999999999999998
1775609679.466188,0.08892033071479721,1.4809644258086583,0.36873597750450937,3.7020785846196893,1.3892801228318394,0.15837339421143912,-0.9289755821228027,0.13999999999999999,-0.09999999999999998
1775609679.5661252,0.08892033071479721,1.4809644258086583,0.36873597750450937,3.7100048721790952,1.3785833703495254,0.15113837294055307,-0.9365962743759155,0.13999999999999999,-0.09999999999999998
1775609679.6661322,0.08892033071479721,1.4809644258086583,0.36873597750450937,3.7164581169821633,1.3697252458666405,0.10457649873313461,-0.9447530508041381,0.13999999999999999,-0.09999999999999998
1775609679.7661037,0.08892033071479721,1.4809644258086583,0.36873597750450937,3.724465664659214,1.3585552913006238,0.10788584740200571,-0.9524039030075072,0.13999999999999999,-0.049999999999999975
1775609679.8661697,0.08892033071479721,1.4809644258086583,0.36873597750450937,3.732424586512126,1.3473195880107516,0.10533673672690988,-0.9572606086730958,0.13999999999999999,2.7755575615628914e-17
1775609679.9661453,0.08892033071479721,1.4809644258086583,0.36873597750450937,3.7399378069758584,1.3366058136495886,0.15825558180901275,-0.9608926773071289,0.13999999999999999,2.7755575615628914e-17
1775609680.066157,0.08892033071479721,1.4809644258086583,0.36873597750450937,3.747782225902396,1.3253206773013153,0.16419493663409737,-0.9645655751228333,0.13999999999999999,2.7755575615628914e-17
1775609680.1661658,0.08892033071479721,1.4809644258086583,0.36873597750450937,3.7537896443973144,1.316642568260801,0.10674211329305018,-0.9652611017227173,0.13999999999999999,2.7755575615628914e-17
1775609680.266145,0.37612944591588077,1.577005121226262,0.21979567338981654,3.761358140381644,1.305720492596713,0.10731084633730206,-0.9643863439559937,0.13999999999999999,2.7755575615628914e-17
1775609680.3661108,0.37612944591588077,1.577005121226262,0.21979567338981654,3.769151407007975,1.2944922716010536,0.10752978693744732,-0.9638925194740295,0.13999999999999999,2.7755575615628914e-17
1775609680.4661155,0.37612944591588077,1.577005121226262,0.21979567338981654,3.7768095659679357,1.2834475675090118,0.1060776558987186,-0.9654536843299867,0.13999999999999999,2.7755575615628914e-17
1775609680.5661101,0.37612944591588077,1.577005121226262,0.21979567338981654,3.7844913436130785,1.2722961212802317,0.16461304614762162,-0.9685198068618774,0.13999999999999999,2.7755575615628914e-17
1775609680.666544,0.37612944591588077,1.577005121226262,0.21979567338981654,3.790794097658704,1.2631145406822726,0.11112157909757656,-0.9687963128089905,0.13999999999999999,-0.049999999999999975
1775609680.7660823,0.37612944591588077,1.577005121226262,0.21979567338981654,3.7987676874092884,1.251518683305695,0.11088963757507284,-0.9676761627197266,0.13999999999999999,-0.09999999999999998
1775609680.8661745,0.37612944591588077,1.577005121226262,0.21979567338981654,3.8068218486693683,1.2397939292348135,0.1555686740927108,-0.9694162607192994,0.13999999999999999,-0.14999999999999997
1775609680.9661686,0.37612944591588077,1.577005121226262,0.21979567338981654,3.8129394252112756,1.2308230170789518,0.092892880059683,-0.9761449098587036,0.13999999999999999,-0.19999999999999996
1775609681.06619,0.37612944591588077,1.577005121226262,0.21979567338981654,3.8204996223394647,1.2195278740220135,0.11099545485558861,-0.9866828918457031,0.13999999999999999,-0.24999999999999994
1775609681.1661606,0.37612944591588077,1.577005121226262,0.21979567338981654,3.82792984259244,1.2080261824413285,0.1645656746911739,-1.0040571689605713,0.13999999999999999,-0.29999999999999993
1775609681.2661507,0.37612944591588077,1.577005121226262,0.21979567338981654,3.8350850274089727,1.1964703975535098,0.19853152940015337,-1.0256910920143127,0.13999999999999999,-0.3499999999999999
1775609681.3660944,0.37612944591588077,1.577005121226262,0.21979567338981654,3.8406702468333553,1.1870117313400124,0.10780742315062632,-1.0530098676681519,0.13999999999999999,-0.3999999999999999
1775609681.4660954,0.37612944591588077,1.577005121226262,0.21979567338981654,3.8472616398667787,1.1750967043295888,0.10308704752014178,-1.0867511034011839,0.13999999999999999,-0.4499999999999999
1775609681.5660892,0.37612944591588077,1.577005121226262,0.21979567338981654,3.8531504402975445,1.1635249021230798,0.10517802788586647,-1.1174926161766052,0.13999999999999999,-0.4999999999999999
1775609681.6661716,0.37612944591588077,1.577005121226262,0.21979567338981654,3.858817965614475,1.1510051656895623,0.1637992144738178,-1.1641335487365723,0.13999999999999999,-0.55
1775609681.766135,0.37612944591588077,1.577005121226262,0.21979567338981654,3.8636683626262625,1.1387166051708035,0.16140493704855857,-1.2147632837295534,0.13999999999999999,-0.6
1775609681.8660798,0.5497678429355699,1.624836297444337,-0.028803964098420565,3.867309535424123,1.1281395570703678,0.11051260124899627,-1.2702976465225218,0.13999999999999999,-0.65
1775609681.9661787,0.5497678429355699,1.624836297444337,-0.028803964098420565,3.8711254742312935,1.1148318182088586,0.11295232338049917,-1.3169755935668945,0.13999999999999999,-0.7
1775609682.0661576,0.5497678429355699,1.624836297444337,-0.028803964098420565,3.873950133011326,1.1020561888277867,0.15669245776725993,-1.3779240846633911,0.13999999999999999,-0.7
1775609682.1661074,0.5497678429355699,1.624836297444337,-0.028803964098420565,3.8759986345400144,1.088775087556574,0.1603632735340797,-1.4450178146362305,0.13999999999999999,-0.7
1775609682.266111,0.588152319546341,1.6207169130003907,-0.26656660819962236,3.87712538386341,1.075384352790485,0.16312393960139834,-1.5141934156417844,0.13999999999999999,-0.7
1775609682.3661735,0.588152319546341,1.6207169130003907,-0.26656660819962236,3.877374168645862,1.0645560536540002,0.11036983682384459,-1.587469935417175,0.13999999999999999,-0.7
1775609682.4661164,0.588152319546341,1.6207169130003907,-0.26656660819962236,3.876769943297344,1.0509796320453983,0.10785189974065036,-1.6572178602218628,0.13999999999999999,-0.7
1775609682.5662086,0.588152319546341,1.6207169130003907,-0.26656660819962236,3.8752982205277005,1.0378508789590775,0.10487785444561913,-1.7121665477752686,0.13999999999999999,-0.7
1775609682.66617,0.666257198562819,1.593500073818928,-0.537071177499612,3.872855326422155,1.0246366889864182,0.1625311076854379,-1.7804712057113647,0.13999999999999999,-0.7
1775609682.7661245,0.666257198562819,1.593500073818928,-0.537071177499612,3.869499182826006,1.0115722065847612,0.1639622815957752,-1.849569082260132,0.13999999999999999,-0.7
1775609682.8661227,0.666257198562819,1.593500073818928,-0.537071177499612,3.866270035210924,1.0014456312335185,0.10427943967899327,-1.9172706604003906,0.13999999999999999,-0.7
1775609682.9661474,0.666257198562819,1.593500073818928,-0.537071177499612,3.861304227013652,0.9887955686167966,0.109013037285839,-1.987484693527222,0.13999999999999999,-0.6499999999999999
1775609683.0661,0.6803817203303538,1.5640771754961038,-0.7830152494056346,3.8554697605360695,0.9764650966863406,0.10933027432685513,-2.0435943603515625,0.13999999999999999,-0.6
1775609683.1661396,0.6803817203303538,1.5640771754961038,-0.7830152494056346,3.848887624180742,0.964661807509571,0.16017135694547968,-2.1019545793533325,0.13999999999999999,-0.5499999999999999
1775609683.2661033,0.6803817203303538,1.5640771754961038,-0.7830152494056346,3.841836582345704,0.9534897471508812,0.15869477107019397,-2.155047297477722,0.13999999999999999,-0.5
1775609683.3661857,0.6803817203303538,1.5640771754961038,-0.7830152494056346,3.83433758447749,0.9428289830428297,0.1559339029259665,-2.2039871215820312,0.13999999999999999,-0.45
1775609683.4661202,0.7010039966995938,1.5104204871654108,-0.9854579447897948,3.8276718228313444,0.9341625691703445,0.11301475567339707,-2.2530713081359863,0.13999999999999999,-0.4
1775609683.5661933,0.7010039966995938,1.5104204871654108,-0.9854579447897948,3.8187207939993932,0.9235016150021619,0.10687239204306942,-2.287991762161255,0.13999999999999999,-0.35000000000000003
1775609683.6661391,0.7010039966995938,1.5104204871654108,-0.9854579447897948,3.8092160246497317,0.9130902262269799,0.16570166010592688,-2.3260234594345093,0.13999999999999999,-0.30000000000000004
1775609683.766122,0.7010039966995938,1.5104204871654108,-0.9854579447897948,3.8013729139992614,0.9050070465079948,0.11114399179390093,-2.35923433303833,0.13999999999999999,-0.25000000000000006
1775609683.8661344,0.7010039966995938,1.5104204871654108,-0.9854579447897948,3.7915615162728544,0.8954555447653039,0.10841269285731991,-2.381914973258972,0.13999999999999999,-0.20000000000000007
1775609683.9660983,0.7010039966995938,1.5104204871654108,-0.9854579447897948,3.7816559808897914,0.886334821022592,0.19050098207417923,-2.406842589378357,0.13999999999999999,-0.15000000000000008
1775609684.0661519,0.7010039966995938,1.5104204871654108,-0.9854579447897948,3.7715537146331903,0.8774323512863914,0.1640441794382044,-2.4264756441116333,0.13999999999999999,-0.10000000000000007
1775609684.1661286,0.7010039966995938,1.5104204871654108,-0.9854579447897948,3.763207214598357,0.8702519310991422,0.10515406620899956,-2.4372299909591675,0.13999999999999999,-0.05000000000000003
1775609684.2661562,0.7554756803062666,1.418352757586264,-1.2111077861852344,3.7527715909958523,0.8614255227191815,0.11037811411810106,-2.4417461156845093,0.13999999999999999,-2.7755575615628914e-17
1775609684.3661625,0.7554756803062666,1.418352757586264,-1.2111077861852344,3.7422284497409533,0.852569571729541,0.16502405784996102,-2.443475604057312,0.13999999999999999,-2.7755575615628914e-17
1775609684.4661932,0.7554756803062666,1.418352757586264,-1.2111077861852344,3.731939600952313,0.8439618570044317,0.1603861486565921,-2.445444941520691,0.13999999999999999,-2.7755575615628914e-17
1775609684.5661519,0.7554756803062666,1.418352757586264,-1.2111077861852344,3.7236739979949376,0.8370775489331062,0.10942293015223628,-2.44823682308197,0.13999999999999999,-2.7755575615628914e-17
1775609684.6661422,0.7554756803062666,1.418352757586264,-1.2111077861852344,3.712845186320392,0.8280898412772063,0.11347090057945677,-2.4489132165908813,0.13999999999999999,-2.7755575615628914e-17
1775609684.7661445,0.7554756803062666,1.418352757586264,-1.2111077861852344,3.702013296969582,0.8191058427412454,0.16649637863035513,-2.4488571882247925,0.13999999999999999,-2.7755575615628914e-17
1775609684.8661532,0.7554756803062666,1.418352757586264,-1.2111077861852344,3.6933484270056245,0.8119099449750898,0.11033018088630965,-2.447933554649353,0.13999999999999999,-2.7755575615628914e-17
1775609684.966225,0.7554756803062666,1.418352757586264,-1.2111077861852344,3.683027568951624,0.803340634935875,0.11240562672157917,-2.4492369890213013,0.13999999999999999,-2.7755575615628914e-17
1775609685.0662112,0.7554756803062666,1.418352757586264,-1.2111077861852344,3.672361087450312,0.794514046602932,0.16385018065429555,-2.450707793235779,0.13999999999999999,-2.7755575615628914e-17
1775609685.1661153,0.7554756803062666,1.418352757586264,-1.2111077861852344,3.663951073955537,0.7875659607630786,0.11178608529170149,-2.4501370191574097,0.13999999999999999,-2.7755575615628914e-17
1775609685.2662358,0.7554756803062666,1.418352757586264,-1.2111077861852344,3.6530687475013246,0.7785634972058939,0.11228769717375503,-2.44963538646698,0.13999999999999999,-2.7755575615628914e-17
1775609685.366107,0.7554756803062666,1.418352757586264,-1.2111077861852344,3.6424978899294693,0.7698198567946045,0.15905475680034983,-2.4500378370285034,0.13999999999999999,-2.7755575615628914e-17
1775609685.4661455,0.7554756803062666,1.418352757586264,-1.2111077861852344,3.6319332903397146,0.7611083912368243,0.16580573243843635,-2.4527024030685425,0.145,-2.7755575615628914e-17
1775609685.5662434,0.7554756803062666,1.418352757586264,-1.2111077861852344,3.623479143492917,0.75417409603447,0.10622970183943041,-2.455068469047546,0.155,-2.7755575615628914e-17
1775609685.66613,0.7554756803062666,1.418352757586264,-1.2111077861852344,3.6119286773695545,0.7447488741682194,0.12261108025820563,-2.459096312522888,0.16,-2.7755575615628914e-17
1775609685.7661831,0.7554756803062666,1.418352757586264,-1.2111077861852344,3.6002553567667563,0.7353143299302514,0.17601782069001554,-2.462485432624817,0.165,-2.7755575615628914e-17
1775609685.8661735,0.7554756803062666,1.418352757586264,-1.2111077861852344,3.5899233174944087,0.726998638145805,0.13257725657361144,-2.465335249900818,0.17500000000000002,-2.7755575615628914e-17
1775609685.9660928,0.7554756803062666,1.418352757586264,-1.2111077861852344,3.576441893473907,0.7162179427853238,0.1416455020619283,-2.4710787534713745,0.18000000000000002,-2.7755575615628914e-17
1775609686.066205,0.7554756803062666,1.418352757586264,-1.2111077861852344,3.5633673293056574,0.705860848573318,0.13695275479281457,-2.4743016958236694,0.18500000000000003,-2.7755575615628914e-17
1775609686.1660423,0.7554756803062666,1.418352757586264,-1.2111077861852344,3.5488473634940085,0.694475425823866,0.22619874201410053,-2.4777358770370483,0.19500000000000003,-2.7755575615628914e-17
1775609686.2660277,0.7554756803062666,1.418352757586264,-1.2111077861852344,3.5339457123275104,0.6828796674266996,0.23373794611609922,-2.482587218284607,0.20000000000000004,-2.7755575615628914e-17
1775609686.3660934,0.7554756803062666,1.418352757586264,-1.2111077861852344,3.5216851445872397,0.6734127387748132,0.15799044344036914,-2.486047625541687,0.20500000000000004,-2.7755575615628914e-17
1775609686.4661589,0.7554756803062666,1.418352757586264,-1.2111077861852344,3.5058388979214565,0.6612594461381778,0.16181264248216803,-2.4880722761154175,0.21000000000000005,-2.7755575615628914e-17
1775609686.5661883,0.7554756803062666,1.418352757586264,-1.2111077861852344,3.489966166090305,0.6490990978821467,0.16118325175988354,-2.489078164100647,0.21500000000000005,-2.7755575615628914e-17
1775609686.666104,0.8827313723956931,1.0887012573367179,-1.269136874195706,3.4733563657943787,0.6364443102408927,0.2509159324822212,-2.4921845197677612,0.22,-2.7755575615628914e-17
1775609686.7660978,0.8827313723956931,1.0887012573367179,-1.269136874195706,3.457196196245346,0.6242018319554251,0.24470502773104194,-2.4933918714523315,0.22,-2.7755575615628914e-17
1775609686.866197,0.8827313723956931,1.0887012573367179,-1.269136874195706,3.4404972180376627,0.6116228596680758,0.2462669016079928,-2.498312830924988,0.22,-2.7755575615628914e-17
1775609686.9661436,0.8827313723956931,1.0887012573367179,-1.269136874195706,3.424211417700456,0.5994632127419398,0.22736652582483918,-2.5013314485549927,0.22,-2.7755575615628914e-17
1775609687.0662022,0.8827313723956931,1.0887012573367179,-1.269136874195706,3.411172597849264,0.5898085848451454,0.16445634958998862,-2.5061312913894653,0.22,-2.7755575615628914e-17
1775609687.1660957,0.8827313723956931,1.0887012573367179,-1.269136874195706,3.3944112734945637,0.5774829294559453,0.16309316678964444,-2.509159207344055,0.22,-2.7755575615628914e-17
1775609687.2662137,0.8827313723956931,1.0887012573367179,-1.269136874195706,3.377560021797519,0.5651514797410366,0.16604460484724548,-2.5102745294570923,0.22,-2.7755575615628914e-17
1775609687.3662236,0.8827313723956931,1.0887012573367179,-1.269136874195706,3.3607584149036445,0.5529237590355934,0.24915216182687785,-2.513717293739319,0.22,-2.7755575615628914e-17
1775609687.4662282,0.8827313723956931,1.0887012573367179,-1.269136874195706,3.3444096509901917,0.5410631434723767,0.24389506833886615,-2.513924479484558,0.22,-2.7755575615628914e-17
1775609687.5662496,0.8827313723956931,1.0887012573367179,-1.269136874195706,3.327404523083686,0.5287279818315068,0.25428287634294616,-2.5140894651412964,0.22,-2.7755575615628914e-17
1775609687.6661384,0.8827313723956931,1.0887012573367179,-1.269136874195706,3.3111934820501614,0.517022444586112,0.23773466272698368,-2.5173527002334595,0.22,-2.7755575615628914e-17
1775609687.766101,0.8827313723956931,1.0887012573367179,-1.269136874195706,3.29684600920527,0.5067138159271224,0.17730604647567832,-2.5197049379348755,0.22,-2.7755575615628914e-17
1775609687.8661993,0.8827313723956931,1.0887012573367179,-1.269136874195706,3.2796373639235537,0.4943579023511646,0.1707704148470021,-2.518531918525696,0.22,-2.7755575615628914e-17
1775609687.9662368,0.8827313723956931,1.0887012573367179,-1.269136874195706,3.262203578709927,0.48188164063457783,0.25442209917693565,-2.5221344232559204,0.22,-2.7755575615628914e-17
1775609688.066104,0.8827313723956931,1.0887012573367179,-1.269136874195706,3.2485098493081024,0.4721382672596726,0.1703370283905521,-2.5233715772628784,0.22,-2.7755575615628914e-17
1775609688.166162,0.8827313723956931,1.0887012573367179,-1.269136874195706,3.2311547602852992,0.45981321851644213,0.17372243976673432,-2.5251089334487915,0.22,-2.7755575615628914e-17
1775609688.2661884,0.9516362210904771,0.7828790406189534,-1.3223029629687637,3.2137511038813824,0.44751294317595613,0.2583012666476532,-2.527657389640808,0.22,-2.7755575615628914e-17
1775609688.366122,0.9516362210904771,0.7828790406189534,-1.3223029629687637,3.1967096416100143,0.43548956887451284,0.2569372672115063,-2.5273712873458862,0.22,-2.7755575615628914e-17
1775609688.466117,0.9516362210904771,0.7828790406189534,-1.3223029629687637,3.182822839451352,0.42566840656157356,0.17480080141572707,-2.5246301889419556,0.22,-2.7755575615628914e-17
1775609688.566152,0.9516362210904771,0.7828790406189534,-1.3223029629687637,3.165880499967153,0.41363642540030554,0.16435880063094047,-2.5238195657730103,0.22,-2.7755575615628914e-17
1775609688.666151,0.9516362210904771,0.7828790406189534,-1.3223029629687637,3.1489760837844267,0.4016384734698235,0.16754724714406377,-2.5251909494400024,0.22,-2.7755575615628914e-17
1775609688.7661922,0.9516362210904771,0.7828790406189534,-1.3223029629687637,3.1313612361652523,0.3891546480807687,0.26356185031219626,-2.5244580507278442,0.22,-2.7755575615628914e-17
1775609688.866168,0.9516362210904771,0.7828790406189534,-1.3223029629687637,3.1176863711240417,0.37942842341933325,0.16809842833765665,-2.522333025932312,0.22,-2.7755575615628914e-17
1775609688.9661238,0.9516362210904771,0.7828790406189534,-1.3223029629687637,3.1003638058436396,0.3671013074330084,0.16607141978860757,-2.5239137411117554,0.22,-2.7755575615628914e-17
1775609689.0661702,0.9516362210904771,0.7828790406189534,-1.3223029629687637,3.083020198916588,0.35480381216944373,0.2501299226075008,-2.5250056982040405,0.22,-2.7755575615628914e-17
1775609689.1660948,0.9516362210904771,0.7828790406189534,-1.3223029629687637,3.065623772082769,0.3424495422830489,0.2586354985612153,-2.524197220802307,0.22,-2.7755575615628914e-17
1775609689.2661846,0.9516362210904771,0.7828790406189534,-1.3223029629687637,3.0519589765359476,0.3327528425252886,0.16447484591170514,-2.5241082906723022,0.22,-0.05000000000000003
1775609689.3660905,0.9516362210904771,0.7828790406189534,-1.3223029629687637,3.03428647284632,0.3202190525243767,0.17534357486048935,-2.524473786354065,0.22,-0.10000000000000003
1775609689.4661572,0.9516362210904771,0.7828790406189534,-1.3223029629687637,3.0170376607972655,0.3079629216534182,0.2515737016127262,-2.5228241682052612,0.22,-0.10000000000000003
1775609689.5661156,0.9516362210904771,0.7828790406189534,-1.3223029629687637,3.0029874170613526,0.2979347922962456,0.17133056977761368,-2.5211321115493774,0.22,-0.10000000000000003
1775609689.6660929,0.9516362210904771,0.7828790406189534,-1.3223029629687637,2.986252514585795,0.28596064930023624,0.16348652942354533,-2.5195053815841675,0.22,-0.10000000000000003
1775609689.7662327,0.9516362210904771,0.7828790406189534,-1.3223029629687637,2.9686247149695433,0.2733205795519642,0.2571687889640378,-2.519400954246521,0.22,-0.10000000000000003
1775609689.8661063,1.030816359328534,0.47253940839805225,-1.316391860253093,2.955068896550847,0.26360185849715645,0.1726029877113813,-2.5211261510849,0.22,-0.10000000000000003
1775609689.9661388,1.030816359328534,0.47253940839805225,-1.316391860253093,2.937823914889453,0.2512967143034816,0.16780085705285525,-2.523440957069397,0.22,-0.10000000000000003
1775609690.0661862,1.030816359328534,0.47253940839805225,-1.316391860253093,2.9207375366095096,0.2391615623002589,0.17053835213521865,-2.52430522441864,0.22,-0.10000000000000003
1775609690.1661685,1.030816359328534,0.47253940839805225,-1.316391860253093,2.903872315120247,0.22719584759429373,0.25011454685805495,-2.525126338005066,0.22,-0.05000000000000003
1775609690.2661166,1.030816359328534,0.47253940839805225,-1.316391860253093,2.8898191222276317,0.21725927894433134,0.1683143533444212,-2.5271438360214233,0.22,-2.7755575615628914e-17
1775609690.3660858,1.030816359328534,0.47253940839805225,-1.316391860253093,2.872344473736838,0.2049278923821401,0.16486434872592567,-2.526755928993225,0.22,-2.7755575615628914e-17
1775609690.466116,1.030816359328534,0.47253940839805225,-1.316391860253093,2.8556636590757023,0.19313973705156906,0.1648821946002869,-2.5260428190231323,0.22,-2.7755575615628914e-17
1775609690.5661182,1.030816359328534,0.47253940839805225,-1.316391860253093,2.83883118203548,0.1812153652096534,0.25115698912684636,-2.524103283882141,0.22,-2.7755575615628914e-17
1775609690.666147,1.030816359328534,0.47253940839805225,-1.316391860253093,2.8217235507372735,0.1690664256887755,0.25366951882370475,-2.523837924003601,0.22,-2.7755575615628914e-17
1775609690.766134,1.030816359328534,0.47253940839805225,-1.316391860253093,2.804950750598296,0.157145423951486,0.2494995854637722,-2.522915244102478,0.22,-2.7755575615628914e-17
1775609690.8661063,1.030816359328534,0.47253940839805225,-1.316391860253093,2.7914814901324556,0.1475668137441533,0.16507100028113522,-2.5235382318496704,0.22,-2.7755575615628914e-17
1775609690.9661005,1.030816359328534,0.47253940839805225,-1.316391860253093,2.7746594123802284,0.13558409750387604,0.1643150238921311,-2.5215309858322144,0.22,-2.7755575615628914e-17
1775609691.0660942,1.030816359328534,0.47253940839805225,-1.316391860253093,2.7576236702610166,0.12342147037931817,0.16488785522082017,-2.521116614341736,0.22,-2.7755575615628914e-17
1775609691.1661081,1.030816359328534,0.47253940839805225,-1.316391860253093,2.741286301359375,0.11176169203714147,0.16033022896843785,-2.5218242406845093,0.22,-2.7755575615628914e-17
1775609691.2661335,1.030816359328534,0.47253940839805225,-1.316391860253093,2.7243994977505843,0.09973896431598754,0.25076583312642337,-2.523448348045349,0.22,-2.7755575615628914e-17
1775609691.3661385,1.030816359328534,0.47253940839805225,-1.316391860253093,2.7073136194063934,0.08760310818516248,0.25194398246666516,-2.524173140525818,0.22,-0.05000000000000003
1775609691.466141,1.0810600702110034,0.15738207272663246,-1.342074984368103,2.693225420877378,0.07758463094065732,0.1728797461586584,-2.5231977701187134,0.22,-0.10000000000000003
1775609691.5662234,1.0810600702110034,0.15738207272663246,-1.342074984368103,2.6760697800834543,0.06537217733440949,0.174298312369463,-2.52254855632782,0.22,-0.15000000000000002
1775609691.6661558,1.0810600702110034,0.15738207272663246,-1.342074984368103,2.658761638884384,0.053024814736156084,0.2521560530270718,-2.5219825506210327,0.22,-0.2
1775609691.7661555,1.0810600702110034,0.15738207272663246,-1.342074984368103,2.6447423389316262,0.04304048715472681,0.17039196847376178,-2.5246721506118774,0.22,-0.20000000000000004
1775609691.8661308,1.0810600702110034,0.15738207272663246,-1.342074984368103,2.6281661180248572,0.03132363034441047,0.1645691052747043,-2.529107451438904,0.22,-0.20000000000000004
1775609691.9661305,1.0810600702110034,0.15738207272663246,-1.342074984368103,2.6111924528621975,0.01946802449491588,0.16476069738108462,-2.53459894657135,0.22,-0.20000000000000004
1775609692.066127,1.0810600702110034,0.15738207272663246,-1.342074984368103,2.594810451660623,0.008135940659451791,0.1588297707671033,-2.5403906106948853,0.22,-0.20000000000000004
1775609692.1661534,1.0810600702110034,0.15738207272663246,-1.342074984368103,2.577748832842048,-0.0034130071282415953,0.2505595086240811,-2.5501385927200317,0.22,-0.15000000000000002
1775609692.266166,1.0810600702110034,0.15738207272663246,-1.342074984368103,2.563631450440295,-0.012854273178780871,0.16949783619032655,-2.5540894269943237,0.22,-0.10000000000000003
1775609692.366096,1.0810600702110034,0.15738207272663246,-1.342074984368103,2.545972150324534,-0.024557036962700694,0.17268752428554335,-2.5585917234420776,0.22,-0.10000000000000003
1775609692.466172,1.0810600702110034,0.15738207272663246,-1.342074984368103,2.528359218691062,-0.036146306989969755,0.16961650910106832,-2.5610028505325317,0.22,-0.10000000000000003
1775609692.566121,1.0810600702110034,0.15738207272663246,-1.342074984368103,2.5106137173678897,-0.04776423426597521,0.251504546884035,-2.563062310218811,0.22,-0.10000000000000003
1775609692.666149,1.0810600702110034,0.15738207272663246,-1.342074984368103,2.4964716813741106,-0.05703070978687393,0.17267780556901224,-2.5606125593185425,0.22,-0.10000000000000003
1775609692.766107,1.0810600702110034,0.15738207272663246,-1.342074984368103,2.4787674146980168,-0.06861919990793701,0.1718322953842324,-2.5631407499313354,0.22,-0.10000000000000003
1775609692.8661392,1.0810600702110034,0.15738207272663246,-1.342074984368103,2.460728941834586,-0.0803903066321624,0.2582490581090674,-2.5619243383407593,0.22,-0.10000000000000003
1775609692.9661605,1.0810600702110034,0.15738207272663246,-1.342074984368103,2.4464933599248466,-0.08969873492086942,0.17581102122197736,-2.56265389919281,0.22,-0.10000000000000003
1775609693.066162,1.0810600702110034,0.15738207272663246,-1.342074984368103,2.4284419339054573,-0.10144995971076277,0.17165770023012505,-2.56554639339447,0.22,-0.10000000000000003
1775609693.1661541,1.1198130559551296,-0.13703805110149772,-1.396010254344311,2.4104958025228016,-0.1130378912715971,0.25576864027067353,-2.5703152418136597,0.22,-0.10000000000000003
1775609693.266129,1.1198130559551296,-0.13703805110149772,-1.396010254344311,2.3962901707941375,-0.12215982266500101,0.17109232508186917,-2.5710819959640503,0.22,-0.10000000000000003
1775609693.3661466,1.1198130559551296,-0.13703805110149772,-1.396010254344311,2.3781340197574665,-0.13379556061243178,0.17113367933376927,-2.5742214918136597,0.22,-0.10000000000000003
1775609693.466122,1.1198130559551296,-0.13703805110149772,-1.396010254344311,2.360573971163681,-0.14490661507349675,0.1738915266853244,-2.5790687799453735,0.22,-0.10000000000000003
1775609693.5661428,1.1198130559551296,-0.13703805110149772,-1.396010254344311,2.3422904601493544,-0.1564363825604554,0.2594559119539195,-2.5784305334091187,0.22,-0.10000000000000003
1775609693.6661277,1.1198130559551296,-0.13703805110149772,-1.396010254344311,2.3279709574290623,-0.16547370641547013,0.17350815583043616,-2.5786174535751343,0.22,-0.10000000000000003
1775609693.7661326,1.1198130559551296,-0.13703805110149772,-1.396010254344311,2.31052072610682,-0.17647426868187385,0.15979754081335376,-2.5803860425949097,0.22,-0.10000000000000003
1775609693.8661947,1.1198130559551296,-0.13703805110149772,-1.396010254344311,2.2921058952524542,-0.18808049819181002,0.2625224123971757,-2.5796960592269897,0.22,-0.10000000000000003
1775609693.9661279,1.1198130559551296,-0.13703805110149772,-1.396010254344311,2.274489941849836,-0.1991978671361155,0.25339953755533484,-2.5773500204086304,0.22,-0.10000000000000003
1775609694.066142,1.1198130559551296,-0.13703805110149772,-1.396010254344311,2.259913005113171,-0.208396368831365,0.17197289682816766,-2.57946240901947,0.22,-0.10000000000000003
1775609694.166117,1.1198130559551296,-0.13703805110149772,-1.396010254344311,2.2424499950411994,-0.21937663737759167,0.1631634059842719,-2.5798755884170532,0.22,-0.10000000000000003
1775609694.2661107,1.1198130559551296,-0.13703805110149772,-1.396010254344311,2.2241746611521425,-0.23087189377993494,0.25829319343432067,-2.5807071924209595,0.22,-0.10000000000000003
1775609694.366114,1.1198130559551296,-0.13703805110149772,-1.396010254344311,2.2064847770791203,-0.24191908017342156,0.24887454460212297,-2.5856622457504272,0.22,-0.10000000000000003
1775609694.4660943,1.1198130559551296,-0.13703805110149772,-1.396010254344311,2.1921851350930934,-0.25079732204561694,0.16316347363056957,-2.5870765447616577,0.22,-0.15000000000000002
1775609694.5661614,1.1198130559551296,-0.13703805110149772,-1.396010254344311,2.1739514390167227,-0.2620723677347663,0.16673233698931644,-2.587520480155945,0.22,-0.2
1775609694.6661062,1.1198130559551296,-0.13703805110149772,-1.396010254344311,2.1564160772689633,-0.27288857511293324,0.2494214068498775,-2.5901938676834106,0.22,-0.20000000000000004
1775609694.7660728,1.1504941870189087,-0.4723144080620114,-1.4547482590282865,2.139026195462952,-0.2835063101155327,0.24765449418123187,-2.5947643518447876,0.22,-0.20000000000000004
1775609694.8660724,1.1504941870189087,-0.4723144080620114,-1.4547482590282865,2.1217139297789025,-0.294056893722559,0.2413372321450501,-2.5936158895492554,0.22,-0.20000000000000004
1775609694.9660914,1.1504941870189087,-0.4723144080620114,-1.4547482590282865,2.1078340568494047,-0.30250639114446837,0.16343376327931225,-2.5959774255752563,0.22,-0.20000000000000004
1775609695.0660698,1.1504941870189087,-0.4723144080620114,-1.4547482590282865,2.0902993492735837,-0.31312955718742924,0.16336867087821444,-2.5992547273635864,0.22,-0.20000000000000004
1775609695.1661477,1.1504941870189087,-0.4723144080620114,-1.4547482590282865,2.072855124041602,-0.32360872014129277,0.16167005252957597,-2.601931929588318,0.22,-0.15000000000000002
1775609695.2661428,1.1504941870189087,-0.4723144080620114,-1.4547482590282865,2.05543814796952,-0.3340349015098951,0.15966144877250557,-2.6025043725967407,0.22,-0.10000000000000003
1775609695.366293,1.1504941870189087,-0.4723144080620114,-1.4547482590282865,2.0383692964532334,-0.3442047946122015,0.23650888293043978,-2.6061960458755493,0.22,-0.10000000000000003
1775609695.466168,1.1504941870189087,-0.4723144080620114,-1.4547482590282865,2.019934251285903,-0.35514752612375344,0.26111965226164063,-2.604596972465515,0.22,-0.10000000000000003
1775609695.5661573,1.1504941870189087,-0.4723144080620114,-1.4547482590282865,2.005298591547508,-0.36386290036884955,0.17574103221724283,-2.6041635274887085,0.22,-0.10000000000000003
1775609695.6661365,1.1504941870189087,-0.4723144080620114,-1.4547482590282865,1.987604359630826,-0.37441721608525186,0.1630286035113552,-2.6034916639328003,0.22,-0.10000000000000003
1775609695.766129,1.1504941870189087,-0.4723144080620114,-1.4547482590282865,1.9697636032375414,-0.3850717393315351,0.16513449211079936,-2.603347420692444,0.22,-0.10000000000000003
1775609695.8661413,1.1504941870189087,-0.4723144080620114,-1.4547482590282865,1.951935671532361,-0.3957476974458604,0.25201207146930465,-2.6003984212875366,0.22,-0.10000000000000003
1775609695.9661572,1.1504941870189087,-0.4723144080620114,-1.4547482590282865,1.9341013773576652,-0.4065113219574342,0.24929491634384307,-2.597715735435486,0.22,-0.10000000000000003
1775609696.066146,1.1504941870189087,-0.4723144080620114,-1.4547482590282865,1.919318246514285,-0.41542377422369425,0.174772375362785,-2.5986942052841187,0.22,-0.10000000000000003
1775609696.166259,1.1504941870189087,-0.4723144080620114,-1.4547482590282865,1.9010972594447806,-0.4264772514852197,0.1676144667921058,-2.594500422477722,0.22,-0.10000000000000003
1775609696.2661722,1.1504941870189087,-0.4723144080620114,-1.4547482590282865,1.8831404501632758,-0.43742931388877,0.24824606384360753,-2.594030499458313,0.22,-0.10000000000000003
1775609696.3661294,1.1477291032548078,-0.7588289488636741,-1.4547114950131925,1.868456078913387,-0.4464068875478911,0.17281646551614382,-2.5915433168411255,0.22,-0.05000000000000003
1775609696.4661093,1.1477291032548078,-0.7588289488636741,-1.4547114950131925,1.8509352167059885,-0.45715004771366985,0.16221269376482628,-2.591406464576721,0.22,-2.7755575615628914e-17
1775609696.5661733,1.1477291032548078,-0.7588289488636741,-1.4547114950131925,1.832339280843508,-0.46856092064583454,0.17489027604687493,-2.5900412797927856,0.22,-2.7755575615628914e-17
1775609696.6661675,1.1477291032548078,-0.7588289488636741,-1.4547114950131925,1.8144047634934781,-0.47959781892433145,0.25693368048886633,-2.5906342267990112,0.22,-2.7755575615628914e-17
1775609696.7661078,1.1477291032548078,-0.7588289488636741,-1.4547114950131925,1.8000756648058542,-0.48842843623504467,0.1731744494400511,-2.5882123708724976,0.22,-2.7755575615628914e-17
1775609696.866149,1.1477291032548078,-0.7588289488636741,-1.4547114950131925,1.7820331395249398,-0.4996275570605737,0.1727321656581651,-2.5840171575546265,0.22,-2.7755575615628914e-17
1775609696.9661956,1.1477291032548078,-0.7588289488636741,-1.4547114950131925,1.7644178416085219,-0.510603050589636,0.172256142853975,-2.5841833353042603,0.22,-2.7755575615628914e-17
1775609697.0661535,1.1477291032548078,-0.7588289488636741,-1.4547114950131925,1.7459943687711437,-0.5221002217770758,0.2620864671294357,-2.5826300382614136,0.22,-2.7755575615628914e-17
1775609697.1661074,1.1477291032548078,-0.7588289488636741,-1.4547114950131925,1.731970606326475,-0.5308946519991203,0.16562498661802674,-2.5797091722488403,0.22,-2.7755575615628914e-17
1775609697.2661579,1.1477291032548078,-0.7588289488636741,-1.4547114950131925,1.713591420233662,-0.5425099251117,0.17497337524418052,-2.576586127281189,0.22,-2.7755575615628914e-17
1775609697.3661194,1.1477291032548078,-0.7588289488636741,-1.4547114950131925,1.6958685715845265,-0.5537423961926293,0.2504859088842592,-2.577234625816345,0.22,-2.7755575615628914e-17
1775609697.4661021,1.1477291032548078,-0.7588289488636741,-1.4547114950131925,1.6780993148611802,-0.5650434257524016,0.2588981362796366,-2.5739015340805054,0.22,-2.7755575615628914e-17
1775609697.5660937,1.1477291032548078,-0.7588289488636741,-1.4547114950131925,1.6633659799979859,-0.5744206909766623,0.17273252172083003,-2.5760210752487183,0.22,-2.7755575615628914e-17
1775609697.6661017,1.1477291032548078,-0.7588289488636741,-1.4547114950131925,1.6452237746082083,-0.5859371007735082,0.2561835367725345,-2.574790596961975,0.22,-2.7755575615628914e-17
1775609697.7661853,1.1477291032548078,-0.7588289488636741,-1.4547114950131925,1.6275978304329246,-0.5971804591554023,0.2531870919711822,-2.573649048805237,0.22,-2.7755575615628914e-17
1775609697.8661675,1.1477291032548078,-0.7588289488636741,-1.4547114950131925,1.6131302967076726,-0.6064566288417615,0.17169777615347886,-2.570127844810486,0.22,-2.7755575615628914e-17
1775609697.9662127,1.2025467788837059,-1.039878030945633,-1.415412475560648,1.595998560475283,-0.6174860621695509,0.16128132242112803,-2.569301962852478,0.22,-2.7755575615628914e-17
1775609698.0661583,1.2025467788837059,-1.039878030945633,-1.415412475560648,1.5782528097341348,-0.6289177227501835,0.2515367630557973,-2.5674256086349487,0.22,-2.7755575615628914e-17
1775609698.1662185,1.2025467788837059,-1.039878030945633,-1.415412475560648,1.5606780027458729,-0.6403340318921364,0.2518593893769499,-2.5640424489974976,0.22,-2.7755575615628914e-17
1775609698.2661176,1.2025467788837059,-1.039878030945633,-1.415412475560648,1.5465515145638469,-0.6495317482535286,0.16211159753638088,-2.564113736152649,0.22,-2.7755575615628914e-17
1775609698.36613,1.2025467788837059,-1.039878030945633,-1.415412475560648,1.5288442083354563,-0.6611155754965229,0.16412208026525194,-2.5594133138656616,0.22,-2.7755575615628914e-17
1775609698.4661605,1.2025467788837059,-1.039878030945633,-1.415412475560648,1.5110928570363682,-0.6728167991909069,0.1746354791383194,-2.558678984642029,0.22,-2.7755575615628914e-17
1775609698.566185,1.2025467788837059,-1.039878030945633,-1.415412475560648,1.4935172993730121,-0.6843707763634802,0.258970497969419,-2.5602012872695923,0.22,-2.7755575615628914e-17
1775609698.6661725,1.2025467788837059,-1.039878030945633,-1.415412475560648,1.4794033857658389,-0.6936339862682476,0.16323080585295938,-2.5600212812423706,0.22,-2.7755575615628914e-17
1775609698.7661395,1.2025467788837059,-1.039878030945633,-1.415412475560648,1.461710773212681,-0.7052863416800716,0.16437789368792005,-2.557390332221985,0.22,-2.7755575615628914e-17
1775609698.8661237,1.2025467788837059,-1.039878030945633,-1.415412475560648,1.4438977015770424,-0.7170778170269564,0.17363901454859706,-2.5571948289871216,0.22,-2.7755575615628914e-17
1775609698.9661438,1.2025467788837059,-1.039878030945633,-1.415412475560648,1.4295417569764117,-0.7265717391328741,0.17219636158675458,-2.557172656059265,0.22,-2.7755575615628914e-17
1775609699.0661054,1.2025467788837059,-1.039878030945633,-1.415412475560648,1.4118585009172586,-0.7383299434483049,0.1653592509957267,-2.5524758100509644,0.22,-2.7755575615628914e-17
1775609699.1661212,1.2025467788837059,-1.039878030945633,-1.415412475560648,1.394059008457989,-0.7502332093326252,0.16542877044343063,-2.550817608833313,0.22,-2.7755575615628914e-17
1775609699.2661834,1.2025467788837059,-1.039878030945633,-1.415412475560648,1.3764417114547927,-0.7620900272904451,0.2589337703554251,-2.547963500022888,0.22,-2.7755575615628914e-17
1775609699.366164,1.2025467788837059,-1.039878030945633,-1.415412475560648,1.3593075327395863,-0.7736673304745074,0.24970054722248564,-2.5472711324691772,0.22,-2.7755575615628914e-17
1775609699.4661205,1.2025467788837059,-1.039878030945633,-1.415412475560648,1.345694645334166,-0.7829061445332968,0.16372167629612336,-2.544364333152771,0.22,-2.7755575615628914e-17
1775609699.5661821,1.2551720507395405,-1.3248016246976653,-1.371651634601196,1.3278297852713674,-0.7950294807969238,0.17265406098625646,-2.5474175214767456,0.22,-2.7755575615628914e-17
1775609699.666142,1.2551720507395405,-1.3248016246976653,-1.371651634601196,1.310302474178328,-0.8068839154011705,0.25073896772279153,-2.545690894126892,0.22,-2.7755575615628914e-17
1775609699.766142,1.2551720507395405,-1.3248016246976653,-1.371651634601196,1.2927014759591828,-0.8188551640827195,0.2592407270796074,-2.5438565015792847,0.22,-0.05000000000000003
1775609699.8660843,1.2551720507395405,-1.3248016246976653,-1.371651634601196,1.278790095651419,-0.8283302088300571,0.16097389925656652,-2.543817639350891,0.22,-0.10000000000000003
1775609699.9661548,1.2551720507395405,-1.3248016246976653,-1.371651634601196,1.261306240102599,-0.8402486452479417,0.1641357684169289,-2.543483853340149,0.22,-0.15000000000000002
1775609700.0661762,1.2551720507395405,-1.3248016246976653,-1.371651634601196,1.2437904394283028,-0.8522100727495253,0.2598028230662941,-2.541150450706482,0.22,-0.25
1775609700.1661413,1.2551720507395405,-1.3248016246976653,-1.371651634601196,1.2269141726910227,-0.8637166582894735,0.24569270382066608,-2.544653058052063,0.22,-0.3
1775609700.266125,1.2551720507395405,-1.3248016246976653,-1.371651634601196,1.2128248147925624,-0.8732449466844527,0.17562766386004972,-2.5490740537643433,0.22,-0.35
1775609700.3665116,1.2551720507395405,-1.3248016246976653,-1.371651634601196,1.195606529318347,-0.8848333367390042,0.18473188579880417,-2.550326943397522,0.22,-0.44999999999999996
1775609700.4661036,1.2551720507395405,-1.3248016246976653,-1.371651634601196,1.1791524225913907,-0.8957887511600102,0.2376248085289925,-2.557172417640686,0.22,-0.49999999999999994
1775609700.5661616,1.2551720507395405,-1.3248016246976653,-1.371651634601196,1.1628256945402642,-0.9064313228387675,0.2361439400377689,-2.5698503255844116,0.22,-0.5499999999999999
1775609700.6661057,1.2551720507395405,-1.3248016246976653,-1.371651634601196,1.1494893954721939,-0.9148921495244934,0.1544107236205021,-2.5854963064193726,0.22,-0.6
1775609700.7660892,1.2551720507395405,-1.3248016246976653,-1.371651634601196,1.1333283712635824,-0.9247535568315208,0.15308609076199034,-2.6064289808273315,0.22,-0.65
1775609700.8661346,1.2551720507395405,-1.3248016246976653,-1.371651634601196,1.1167536231446815,-0.9344155017530501,0.148204314304462,-2.6255351305007935,0.22,-0.75
1775609700.966161,1.2551720507395405,-1.3248016246976653,-1.371651634601196,1.1005948575687232,-0.9432702160941376,0.2220861091442284,-2.6502503156661987,0.22,-0.7999999999999999
1775609701.0661492,1.2551720507395405,-1.3248016246976653,-1.371651634601196,1.087075797895211,-0.9502980962677071,0.15051286234944378,-2.677918791770935,0.22,-0.85
1775609701.166159,1.2815681589876446,-1.6618214970828518,-1.5281240881179226,1.0700947088199018,-0.9585535079973287,0.14951349139295592,-2.7017544507980347,0.22,-0.8999999999999999
1775609701.2661533,1.2815681589876446,-1.6618214970828518,-1.5281240881179226,1.0529077437497862,-0.9662475247640309,0.22391477522768746,-2.7342487573623657,0.22,-0.8999999999999999
1775609701.3661578,1.2815681589876446,-1.6618214970828518,-1.5281240881179226,1.0368874136560933,-0.9727414861287168,0.20892711131455005,-2.771438479423523,0.22,-0.8999999999999999
1775609701.4660907,1.2815681589876446,-1.6618214970828518,-1.5281240881179226,1.0233885002615555,-0.9777590701174041,0.1469329363532837,-2.8048561811447144,0.22,-0.8999999999999999
1775609701.5660925,1.2815681589876446,-1.6618214970828518,-1.5281240881179226,1.0058170219984286,-0.983631798877219,0.14979923374409906,-2.835659384727478,0.22,-0.8999999999999999
1775609701.6660929,1.2815681589876446,-1.6618214970828518,-1.5281240881179226,0.9886108556703103,-0.9886365014236046,0.2200315267962328,-2.872588276863098,0.22,-0.95
1775609701.766067,1.2815681589876446,-1.6618214970828518,-1.5281240881179226,0.974660021621732,-0.9922091128721974,0.1443632279590939,-2.9137476682662964,0.22,-0.9999999999999999
1775609701.8660877,1.2815681589876446,-1.6618214970828518,-1.5281240881179226,0.9574440755349546,-0.9959405522409237,0.14720012485829373,-2.945815920829773,0.22,-0.9999999999999999
1775609701.9661255,1.2455058136896462,-1.8348101169718165,-1.8181165806431223,0.9400169095387259,-0.9989868540636017,0.21993231824716283,-2.9839898347854614,0.22,-1.0499999999999998
1775609702.0661085,1.2455058136896462,-1.8348101169718165,-1.8181165806431223,0.9225313415495642,-1.001321194793537,0.21528971424958993,-3.0242680311203003,0.22,-1.0999999999999999
1775609702.1660714,1.2455058136896462,-1.8348101169718165,-1.8181165806431223,0.9089282278412495,-1.0026393397968023,0.13766956873367778,-3.0712286233901978,0.22,-1.15
1775609702.2661252,1.2455058136896462,-1.8348101169718165,-1.8181165806431223,0.8916142634616787,-1.0035322536113365,0.13857519126719553,-3.1115692853927612,0.22,-1.25
1775609702.3660624,1.2455058136896462,-1.8348101169718165,-1.8181165806431223,0.8752901468649193,-1.0035318686580539,0.19654125661380278,3.120537702237265,0.22,-1.3
1775609702.4660933,1.2455058136896462,-1.8348101169718165,-1.8181165806431223,0.8590127008207503,-1.0026980567133215,0.19848130569124003,3.068937484418051,0.22,-1.3
1775609702.5661192,1.1805725615929528,-1.9566364662963622,-2.0949148126120947,0.8460637416312878,-1.0014545034253188,0.12556122473928824,3.015526954327719,0.22,-1.3
1775609702.6661,1.1805725615929528,-1.9566364662963622,-2.0949148126120947,0.8299404861501525,-0.9990676324773311,0.13275876392386235,2.9680339733706878,0.22,-1.3
1775609702.7660697,1.1805725615929528,-1.9566364662963622,-2.0949148126120947,0.8138962551990312,-0.9956720919038593,0.19332362325796054,2.9091560284243987,0.22,-1.3
1775609702.866084,1.1805725615929528,-1.9566364662963622,-2.0949148126120947,0.8015214209067789,-0.9923778662466376,0.13226708349582997,2.8497723976718348,0.22,-1.3
1775609702.966125,1.133128704516502,-2.0248870327244473,-2.321497889805271,0.7857047192084406,-0.9872474350168609,0.13731001736803422,2.801966849957602,0.22,-1.3
1775609703.0662754,1.133128704516502,-2.0248870327244473,-2.321497889805271,0.7824918788814562,-0.9857344390367359,0.19978307232089432,2.743502974510193,0.22,-1.3
1775609703.1661308,1.133128704516502,-2.0248870327244473,-2.321497889805271,0.7679897020464596,-0.9790477556987388,0.1929011067601397,2.686623692512512,0.22,-1.3
1775609703.2661355,1.133128704516502,-2.0248870327244473,-2.321497889805271,0.7565939771499852,-0.9730957807385361,0.13088815699203157,2.628238558769226,0.22,-1.3
1775609703.3660874,1.076286540114838,-2.0701404758833934,-2.546719927867951,0.7425121221272147,-0.9647387985906686,0.13109195945656507,2.580912947654724,0.22,-1.3
1775609703.4662576,1.076286540114838,-2.0701404758833934,-2.546719927867951,0.728981476888568,-0.9555174782523969,0.19633067797455178,2.518480896949768,0.22,-1.3
1775609703.5660934,1.076286540114838,-2.0701404758833934,-2.546719927867951,0.7189018822935482,-0.9478672764500673,0.1311885617656366,2.4602493047714233,0.22,-1.3
1775609703.6660948,1.076286540114838,-2.0701404758833934,-2.546719927867951,0.7065617725084485,-0.937452985667903,0.1254193225330847,2.4168468713760376,0.22,-1.3
1775609703.7661035,1.044851789716145,-2.081188437888839,-2.7515592489726695,0.6945974288139473,-0.9260528647080783,0.19719189525837716,2.3552106618881226,0.22,-1.3
1775609703.866092,1.044851789716145,-2.081188437888839,-2.7515592489726695,0.6836841322602872,-0.9143595920616455,0.18432489113175243,2.298261523246765,0.22,-1.3
1775609703.9660823,1.044851789716145,-2.081188437888839,-2.7515592489726695,0.6754642843288261,-0.9046062332502464,0.12352600682601779,2.2382601499557495,0.22,-1.3
1775609704.0660884,1.044851789716145,-2.081188437888839,-2.7515592489726695,0.6656421709693396,-0.891599130097386,0.1269609334157379,2.1918474435806274,0.22,-1.3
1775609704.166128,1.0109680594119774,-2.0951670905061692,-2.960546621028511,0.6568237620934356,-0.8782551765733685,0.19654289686924886,2.130047917366028,0.22,-1.3
1775609704.266123,1.0109680594119774,-2.0951670905061692,-2.960546621028511,0.650043436411387,-0.8667992273366507,0.1341266045734006,2.0733636617660522,0.22,-1.3
1775609704.366177,1.0109680594119774,-2.0951670905061692,-2.960546621028511,0.6426271498002578,-0.8525704661648865,0.12250801222676967,2.018063187599182,0.22,-1.3
1775609704.4661698,1.0109680594119774,-2.0951670905061692,-2.960546621028511,0.6359110153306045,-0.8377472519661502,0.13290393028663905,1.971945881843567,0.0,0.0
1775609704.5661142,0.9710405690191196,-2.0949214841859765,3.1340102191881125,0.6314084434897298,-0.8263822069584893,0.12327045909864356,1.9322351217269897,0.0,0.0
1775609704.666117,0.9710405690191196,-2.0949214841859765,3.1340102191881125,0.6303379403792115,-0.8235128057802524,0.0182078118710096,1.9236456155776978,0.0,0.0
1775609704.7661073,0.9710405690191196,-2.0949214841859765,3.1340102191881125,0.6301280901268945,-0.8229427476803919,0.002026935882976762,1.9234250783920288,0.0,0.0
1775609704.8660882,0.9710405690191196,-2.0949214841859765,3.1340102191881125,0.6301193486538009,-0.8229189944176165,0.0,1.9234379529953003,0.0,0.0
1775609704.9661953,0.9710405690191196,-2.0949214841859765,3.1340102191881125,0.6301193486538009,-0.8229189944176165,0.0,1.9234336614608765,0.0,0.0
1775609705.0661726,0.9710405690191196,-2.0949214841859765,3.1340102191881125,0.6301193486538009,-0.8229189944176165,0.0,1.9234257936477661,0.0,0.0
1775609705.1661093,0.9710405690191196,-2.0949214841859765,3.1340102191881125,0.6301193486538009,-0.8229189944176165,0.0,1.923423647880554,0.0,0.0
1775609705.2661195,0.9710405690191196,-2.0949214841859765,3.1340102191881125,0.6301193486538009,-0.8229189944176165,0.0,1.9234238862991335,0.0,0.0
1775609705.3661494,0.9710405690191196,-2.0949214841859765,3.1340102191881125,0.6301193486538009,-0.8229189944176165,0.0,1.9234336614608765,0.0,0.0
1775609705.466122,0.9710405690191196,-2.0949214841859765,3.1340102191881125,0.6301193486538009,-0.8229189944176165,0.0,1.9234586954116824,0.0,0.0
1775609705.5661557,0.9710405690191196,-2.0949214841859765,3.1340102191881125,0.6301193486538009,-0.8229189944176165,0.0,1.9234215021133423,0.0,0.0
1775609705.6661024,0.9710405690191196,-2.0949214841859765,3.1340102191881125,0.6301193486538009,-0.8229189944176165,0.0,1.9234246015548706,0.0,0.0
1775609705.7661397,0.9710405690191196,-2.0949214841859765,3.1340102191881125,0.6301193486538009,-0.8229189944176165,0.0,1.9234277009963987,0.0,0.0
1775609705.8661642,0.9710405690191196,-2.0949214841859765,3.1340102191881125,0.6301193486538009,-0.8229189944176165,0.0,1.9234424829483032,0.0,0.0
1775609705.9660993,0.9710405690191196,-2.0949214841859765,3.1340102191881125,0.6301193486538009,-0.8229189944176165,0.0,1.9234415292739866,0.0,0.0
1775609706.066157,0.9710405690191196,-2.0949214841859765,3.1340102191881125,0.6301193486538009,-0.8229189944176165,0.0,1.923444151878357,0.0,0.0
1775609706.1661608,0.9710405690191196,-2.0949214841859765,3.1340102191881125,0.6301193486538009,-0.8229189944176165,0.0,1.923420786857605,0.0,0.0
1775609706.266174,0.9710405690191196,-2.0949214841859765,3.1340102191881125,0.6301193486538009,-0.8229189944176165,0.0,1.9234179258346558,0.0,0.0
1775609706.366152,0.9710405690191196,-2.0949214841859765,3.1340102191881125,0.6301193486538009,-0.8229189944176165,0.0,1.9234482049942017,0.0,0.0
1775609706.466206,0.9710405690191196,-2.0949214841859765,3.1340102191881125,0.6301193486538009,-0.8229189944176165,0.0,1.9234415292739866,0.0,0.0
1775609706.5662007,0.9710405690191196,-2.0949214841859765,3.1340102191881125,0.6301193486538009,-0.8229189944176165,0.0,1.9234241247177124,0.0,0.0
1775609706.6661649,0.9710405690191196,-2.0949214841859765,3.1340102191881125,0.6301193486538009,-0.8229189944176165,0.0,1.9234577417373657,0.0,0.0
1775609706.7661765,0.9710405690191196,-2.0949214841859765,3.1340102191881125,0.6301193486538009,-0.8229189944176165,0.0,1.9234555959701538,0.0,0.0
1775609706.8661466,0.9710405690191196,-2.0949214841859765,3.1340102191881125,0.6301193486538009,-0.8229189944176165,0.0,1.9234439134597778,0.0,0.0
1775609706.9661496,0.9710405690191196,-2.0949214841859765,3.1340102191881125,0.6301193486538009,-0.8229189944176165,0.0,1.9234265089035032,0.005,0.0
1775609707.066104,0.9710405690191196,-2.0949214841859765,3.1340102191881125,0.6301193486538009,-0.8229189944176165,0.0,1.9234353303909302,0.01,0.0
1775609707.1661456,0.9710405690191196,-2.0949214841859765,3.1340102191881125,0.6301106107627928,-0.8228952398368993,0.0005066372963660735,1.92312753200531,0.015,0.0
1775609707.2661486,0.9710405690191196,-2.0949214841859765,3.1340102191881125,0.6299009887893816,-0.8223250977546335,0.007588602207496695,1.923282742500305,0.02,0.0
1775609707.3661215,0.9710405690191196,-2.0949214841859765,3.1340102191881125,0.6295428439580149,-0.8213511199690342,0.013657038661740162,1.9231034517288208,0.025,0.0
1775609707.4661274,0.9710405690191196,-2.0949214841859765,3.1340102191881125,0.6290449860075472,-0.8199970346418386,0.01666330143141955,1.9230402708053587,0.03,0.0
1775609707.5661793,0.9710405690191196,-2.0949214841859765,3.1340102191881125,0.6282508636017695,-0.817834990813823,0.018747143657405006,1.9224516153335571,0.034999999999999996,0.0
1775609707.6661277,0.9710405690191196,-2.0949214841859765,3.1340102191881125,0.6272478399576263,-0.8151025401800619,0.03445751541226064,1.9226356744766233,0.039999999999999994,0.0
1775609707.7660763,0.9710405690191196,-2.0949214841859765,3.1340102191881125,0.6262092970993848,-0.8122752796700472,0.03447447614663225,1.9231144189834595,0.045,0.0
1775609707.866085,0.9710405690191196,-2.0949214841859765,3.1340102191881125,0.6253526928351361,-0.8099474378734697,0.026282939818210223,1.924045205116272,0.049999999999999996,0.0
1775609707.9661477,0.9710405690191196,-2.0949214841859765,3.1340102191881125,0.624036288976207,-0.8063863604661887,0.03198169990417146,1.9257572889328003,0.05,0.0
1775609708.0661032,0.9710405690191196,-2.0949214841859765,3.1340102191881125,0.6224352726757955,-0.8020669851775893,0.05743822111993788,1.9258133172988892,0.05,0.0
1775609708.1661892,0.9710405690191196,-2.0949214841859765,3.1340102191881125,0.6206462685598979,-0.7972504283256212,0.05891955539119297,1.9265371561050415,0.05,0.0
1775609708.2661238,0.9710405690191196,-2.0949214841859765,3.1340102191881125,0.6191286645153048,-0.7931700728803237,0.04316650597172527,1.927038311958313,0.05,-0.05
1775609708.3661664,0.9710405690191196,-2.0949214841859765,3.1340102191881125,0.6172146724505414,-0.7880219373265552,0.04302622289211701,1.9265021085739136,0.05,-0.1
1775609708.466083,0.9710405690191196,-2.0949214841859765,3.1340102191881125,0.615398999266286,-0.7831072954005616,0.062248441244485336,1.9233282804489136,0.05,-0.15000000000000002
1775609708.56625,0.9710405690191196,-2.0949214841859765,3.1340102191881125,0.6136541555264671,-0.7783014952481988,0.06028097678163304,1.9151352643966677,0.05,-0.2
1775609708.666102,0.9710405690191196,-2.0949214841859765,3.1340102191881125,0.6122567879778436,-0.7743391222325318,0.0400717211364411,1.902081847190857,0.05,-0.2
1775609708.766083,0.9710405690191196,-2.0949214841859765,3.1340102191881125,0.6105907367574798,-0.7693984973582478,0.03996984193040987,1.8881992101669312,0.05,-0.2
1775609708.8660831,0.9710405690191196,-2.0949214841859765,3.1340102191881125,0.6090248134811821,-0.7644252679120714,0.06368942718626752,1.8676203489303589,0.05,-0.2
1775609708.9660878,0.9710405690191196,-2.0949214841859765,3.1340102191881125,0.607814118397888,-0.7603227401428062,0.04307431922694618,1.8458722829818723,0.05,-0.2
1775609709.0660937,0.9710405690191196,-2.0949214841859765,3.1340102191881125,0.606480052736765,-0.7554396210091815,0.040476211645679834,1.8253093957901,0.05,-0.2
1775609709.166083,0.9710405690191196,-2.0949214841859765,3.1340102191881125,0.6051881271166353,-0.7503099198224817,0.042964151091024666,1.8082748651504514,0.05,-0.2
1775609709.2660916,0.9710405690191196,-2.0949214841859765,3.1340102191881125,0.6039867056615957,-0.7450284446943176,0.0647567465264124,1.7852197885513306,0.05,-0.2
1775609709.3661058,0.9710405690191196,-2.0949214841859765,3.1340102191881125,0.603119570132962,-0.7408656492830467,0.04352334650523202,1.7669912576675415,0.05,-0.2
1775609709.4660633,0.9710405690191196,-2.0949214841859765,3.1340102191881125,0.602164739976124,-0.7357141523487246,0.06309581641573603,1.745337128639221,0.05,-0.2
1775609709.5661037,0.8521979110578372,-2.0792156356999745,2.901973070280702,0.601333821231667,-0.7306437773113071,0.06231314070871018,1.725383162498474,0.05,-0.15000000000000002
1775609709.6660829,0.8521979110578372,-2.0792156356999745,2.901973070280702,0.6007364783543734,-0.726587237878759,0.04052439298036137,1.7062355279922483,0.05,-0.10000000000000002
1775609709.7660987,0.8521979110578372,-2.0792156356999745,2.901973070280702,0.6000487877944927,-0.7212911762779488,0.04254573445342661,1.692149043083191,0.05,-0.1
1775609709.8661478,0.8521979110578372,-2.0792156356999745,2.901973070280702,0.5994509968179719,-0.7160351561859798,0.06331698931152048,1.6789122819900515,0.05,-0.1
1775609709.9661183,0.8521979110578372,-2.0792156356999745,2.901973070280702,0.599002130489343,-0.7117049349945914,0.04410365367538391,1.6685837507247925,0.05,-0.1
1775609710.0661058,0.8521979110578372,-2.0792156356999745,2.901973070280702,0.5985085268859728,-0.7064635149866691,0.043530781419180355,1.659971833229065,0.05,-0.1
1775609710.166124,0.8521979110578372,-2.0792156356999745,2.901973070280702,0.5980733870701713,-0.7012169241086956,0.06330966352223917,1.6492689847946165,0.05,-0.1
1775609710.2660954,0.8521979110578372,-2.0792156356999745,2.901973070280702,0.5976988648509918,-0.6960925366048862,0.061795641531736514,1.639787673950195,0.05,-0.05
1775609710.3660707,0.8521979110578372,-2.0792156356999745,2.901973070280702,0.5974137182468527,-0.6916723688200739,0.04453380145662625,1.6295796632766724,0.05,0.0
1775609710.466094,0.8521979110578372,-2.0792156356999745,2.901973070280702,0.5971256881994611,-0.6865170334425068,0.04100244101588688,1.6240354776382446,0.05,0.0
1775609710.566081,0.8521979110578372,-2.0792156356999745,2.901973070280702,0.5968566650943966,-0.6812339466632703,0.06432637418033854,1.620884895324707,0.05,0.0
1775609710.6661375,0.8521979110578372,-2.0792156356999745,2.901973070280702,0.5966488152375244,-0.6770375173573518,0.04054476422702911,1.6192187070846558,0.055,0.0
1775609710.7661722,0.8521979110578372,-2.0792156356999745,2.901973070280702,0.5963892860798188,-0.6716525916070153,0.04198825552968612,1.619051456451416,0.06,0.0
1775609710.8661335,0.8521979110578372,-2.0792156356999745,2.901973070280702,0.5961350867157087,-0.6663434294757491,0.06547559840914373,1.6185783147811887,0.065,0.0
1775609710.9661467,0.8521979110578372,-2.0792156356999745,2.901973070280702,0.5958641161496158,-0.6606042972386622,0.07040548247771333,1.617364525794983,0.07,0.0
1775609711.0661776,0.8521979110578372,-2.0792156356999745,2.901973070280702,0.5956401144787268,-0.6558004866016865,0.04853406127470406,1.6171154975891113,0.07500000000000001,0.0
1775609711.1661398,0.8521979110578372,-2.0792156356999745,2.901973070280702,0.5953227050667131,-0.6489993147412843,0.054858951411570496,1.617745280265808,0.085,0.0
1775609711.266074,0.8521979110578372,-2.0792156356999745,2.901973070280702,0.5949783633666043,-0.6417433141281709,0.050151980786767685,1.619104266166687,0.09,0.0
1775609711.3660953,0.8521979110578372,-2.0792156356999745,2.901973070280702,0.5945867964689804,-0.633653365205377,0.06390005332005107,1.6193482875823975,0.095,0.0
1775609711.4662437,0.8521979110578372,-2.0792156356999745,2.901973070280702,0.5941706884328556,-0.6251084788349144,0.07057275022056327,1.6188325881958008,0.09999999999999999,0.0
1775609711.5661287,0.8521979110578372,-2.0792156356999745,2.901973070280702,0.5937272742204692,-0.6159820867654523,0.1115999379950648,1.6197154521942139,0.105,0.0
1775609711.6662328,0.8521979110578372,-2.0792156356999745,2.901973070280702,0.5932649535702421,-0.606299125231336,0.11621148503811238,1.6181726455688477,0.10999999999999999,0.0
1775609711.7661862,0.8521979110578372,-2.0792156356999745,2.901973070280702,0.5928002518115965,-0.5962868726711996,0.12112482979814708,1.6164708137512207,0.11499999999999999,0.0
1775609711.866153,0.8521979110578372,-2.0792156356999745,2.901973070280702,0.5923360650182108,-0.5860972335565676,0.12211792142410169,1.6165993213653564,0.11999999999999998,0.0
1775609711.966183,0.8521979110578372,-2.0792156356999745,2.901973070280702,0.5919071547470912,-0.5769448106323941,0.09378979655600815,1.6184996366500854,0.12499999999999999,0.0
1775609712.0661342,0.8521979110578372,-2.0792156356999745,2.901973070280702,0.5913419708320211,-0.5653156217044052,0.13828271616003526,1.6200096607208252,0.12999999999999998,0.0
1775609712.1662304,0.8521979110578372,-2.0792156356999745,2.901973070280702,0.5907415509407282,-0.5531053135621792,0.1481619051269936,1.6199527978897095,0.13499999999999998,0.0
1775609712.2661698,0.8521979110578372,-2.0792156356999745,2.901973070280702,0.5901295625857206,-0.5405407979049122,0.14867427954210988,1.6196753978729248,0.13999999999999999,0.0
1775609712.366138,0.8521979110578372,-2.0792156356999745,2.901973070280702,0.5895952861007389,-0.5296196424082742,0.11055031302717205,1.6201817989349367,0.145,0.0
1775609712.4661286,0.8521979110578372,-2.0792156356999745,2.901973070280702,0.5889289691123829,-0.5162722225595219,0.10894905355164312,1.621966004371643,0.15,0.0
1775609712.5661392,0.8521979110578372,-2.0792156356999745,2.901973070280702,0.588166394857309,-0.5014851214648643,0.1807289447476585,1.62294065952301,0.155,0.0
1775609712.6661656,0.8521979110578372,-2.0792156356999745,2.901973070280702,0.5875202795958588,-0.48907438177972484,0.12391763047506898,1.623030185699463,0.16,0.0
1775609712.7661338,0.6223748837146276,-1.990659896460442,2.7857815191364232,0.5867247062432978,-0.4736300299059659,0.12657825665196162,1.6224050521850588,0.165,0.0
1775609712.8661637,0.6223748837146276,-1.990659896460442,2.7857815191364232,0.5858529574773217,-0.45702377492756996,0.13688884522968428,1.6232836246490479,0.17,0.0
1775609712.96619,0.6223748837146276,-1.990659896460442,2.7857815191364232,0.5848660541283834,-0.43923241070974633,0.21427898475786378,1.6271016597747803,0.17500000000000002,0.0
1775609713.0661032,0.6223748837146276,-1.990659896460442,2.7857815191364232,0.5840166160953929,-0.42457681675338677,0.14802883701121203,1.63129460811615,0.18000000000000002,0.0
1775609713.1661646,0.6223748837146276,-1.990659896460442,2.7857815191364232,0.5829717915139389,-0.4070676591044463,0.15540213517182466,1.6294720172882078,0.18000000000000002,0.0
1775609713.266176,0.6223748837146276,-1.990659896460442,2.7857815191364232,0.5818485623510764,-0.3881939707468434,0.22861157811771274,1.6304576396942139,0.18000000000000002,0.05
1775609713.366133,0.6223748837146276,-1.990659896460442,2.7857815191364232,0.5808836856467368,-0.3730382771785489,0.1571712756642163,1.6390764713287354,0.18000000000000002,0.1
1775609713.4661233,0.6223748837146276,-1.990659896460442,2.7857815191364232,0.5795214042557022,-0.35397736422985854,0.1559506124673585,1.6470028162002563,0.18000000000000002,0.15000000000000002
1775609713.5662005,0.6223748837146276,-1.990659896460442,2.7857815191364232,0.5780379952382265,-0.33538249330356373,0.15806018422568105,1.654241681098938,0.18000000000000002,0.2
1775609713.6661527,0.6223748837146276,-1.990659896460442,2.7857815191364232,0.5762267818916698,-0.3161049078476556,0.23120327267375507,1.672348618507385,0.18000000000000002,0.25
1775609713.7660744,0.6223748837146276,-1.990659896460442,2.7857815191364232,0.5745398578659371,-0.30073250617604835,0.1533057262974998,1.689703106880188,0.18000000000000002,0.35
1775609713.8661857,0.6223748837146276,-1.990659896460442,2.7857815191364232,0.5721322370257742,-0.2819029866802328,0.1501024401304622,1.7082439661026,0.18000000000000002,0.39999999999999997
1775609713.966175,0.6223748837146276,-1.990659896460442,2.7857815191364232,0.5692651349566458,-0.26352240768170015,0.21929507747983573,1.7382365465164187,0.18000000000000002,0.4
1775609714.0661411,0.6223748837146276,-1.990659896460442,2.7857815191364232,0.5665353225028409,-0.24855801917702203,0.15154348460110914,1.766682744026184,0.18000000000000002,0.4
1775609714.1661465,0.6223748837146276,-1.990659896460442,2.7857815191364232,0.5626888770742753,-0.23030546829538412,0.14520886209724737,1.7978240251541138,0.18000000000000002,0.4
1775609714.2661428,0.6223748837146276,-1.990659896460442,2.7857815191364232,0.5585999991571281,-0.2134049263677058,0.14063067633507903,1.8220175504684448,0.18000000000000002,0.4
1775609714.366146,0.37607498220975705,-1.9142707241657255,3.0141868541633516,0.5536736861647051,-0.19567635909028078,0.22560391071873503,1.854610562324524,0.18000000000000002,0.4
1775609714.466107,0.37607498220975705,-1.9142707241657255,3.0141868541633516,0.5492385156881292,-0.1812849226338008,0.15090476090886223,1.8873077630996706,0.18000000000000002,0.4
1775609714.5661573,0.37607498220975705,-1.9142707241657255,3.0141868541633516,0.5433542223203839,-0.16401097198132455,0.1489888015398667,1.9116352796554563,0.18000000000000002,0.4
1775609714.6661434,0.37607498220975705,-1.9142707241657255,3.0141868541633516,0.5366797751539277,-0.14626772191779308,0.22597814207191003,1.9445000886917116,0.18000000000000002,0.4
1775609714.766162,0.37607498220975705,-1.9142707241657255,3.0141868541633516,0.5296921452818774,-0.12954740370379125,0.21939386246295706,1.9817749261856077,0.18000000000000002,0.4
1775609714.8661668,0.37607498220975705,-1.9142707241657255,3.0141868541633516,0.5238145121740737,-0.11648320167909912,0.14512500543933268,2.009684443473816,0.18000000000000002,0.35000000000000003
1775609714.9661095,0.37607498220975705,-1.9142707241657255,3.0141868541633516,0.5158834755993815,-0.10013271452157216,0.14109644465359303,2.0422507524490356,0.18000000000000002,0.25000000000000006
1775609715.0661612,0.37607498220975705,-1.9142707241657255,3.0141868541633516,0.5072340590515504,-0.0836341045351166,0.1516544286318068,2.0647746324539185,0.18000000000000002,0.20000000000000007
1775609715.1660838,0.25812022656375727,-1.9052408256401951,-3.0685051237613865,0.4981609504735491,-0.06736466187734083,0.2267203678650241,2.0879536867141724,0.18000000000000002,0.20000000000000004
1775609715.2660766,0.25812022656375727,-1.9052408256401951,-3.0685051237613865,0.4906040002117237,-0.054455612283992906,0.15445932141277835,2.1135083436965942,0.18000000000000002,0.20000000000000004
1775609715.3661327,0.25812022656375727,-1.9052408256401951,-3.0685051237613865,0.48050901166213983,-0.03796260704656694,0.1544406510521981,2.129376530647278,0.18000000000000002,0.20000000000000004
1775609715.4661622,0.25812022656375727,-1.9052408256401951,-3.0685051237613865,0.4703143647517163,-0.021979503404283528,0.23296815436358334,2.14328134059906,0.18000000000000002,0.20000000000000004
1775609715.5661595,0.25812022656375727,-1.9052408256401951,-3.0685051237613865,0.46180099941569464,-0.009008531117096204,0.15411317693582677,2.162746548652649,0.18000000000000002,0.20000000000000004
1775609715.666099,0.25812022656375727,-1.9052408256401951,-3.0685051237613865,0.45120465622341804,0.0064046639470772175,0.149302678379827,2.187545657157898,0.18000000000000002,0.20000000000000004
1775609715.7661655,0.25812022656375727,-1.9052408256401951,-3.0685051237613865,0.4401035999088337,0.021865638543602572,0.14598611791842037,2.201417088508606,0.18000000000000002,0.20000000000000004
1775609715.8660684,0.25812022656375727,-1.9052408256401951,-3.0685051237613865,0.4291405608248035,0.036644039320077385,0.22266029936523446,2.212800621986389,0.18000000000000002,0.20000000000000004
1775609715.9661517,0.25812022656375727,-1.9052408256401951,-3.0685051237613865,0.4177380191517984,0.05156660999165978,0.22183035821681166,2.231185555458069,0.18000000000000002,0.20000000000000004
1775609716.0660856,0.25812022656375727,-1.9052408256401951,-3.0685051237613865,0.4083953596366661,0.06331328374222517,0.14641085489400674,2.254372239112854,0.18000000000000002,0.20000000000000004
1775609716.1661267,0.25812022656375727,-1.9052408256401951,-3.0685051237613865,0.3963654028212556,0.07789935478006743,0.15236138524381668,2.2687546014785767,0.18000000000000002,0.20000000000000004
1775609716.266153,0.25812022656375727,-1.9052408256401951,-3.0685051237613865,0.3841980606343752,0.09210541228645025,0.22632577515961128,2.285225987434387,0.18000000000000002,0.20000000000000004
1775609716.366139,0.06960848656270084,-1.9381452239572408,-2.8717675767616386,0.37175209447919955,0.1061017637220998,0.22377668177531315,2.306473135948181,0.18000000000000002,0.20000000000000004
1775609716.4660962,0.06960848656270084,-1.9381452239572408,-2.8717675767616386,0.3613772846208649,0.11729527881842772,0.1544244039107113,2.3294438123703003,0.18000000000000002,0.20000000000000004
1775609716.566109,0.06960848656270084,-1.9381452239572408,-2.8717675767616386,0.34804306857950357,0.13115965528286022,0.15640205861377512,2.346007466316223,0.18000000000000002,0.20000000000000004
1775609716.6662235,0.06960848656270084,-1.9381452239572408,-2.8717675767616386,0.33508950623558065,0.1440854084428496,0.21864537911445894,2.3638938665390015,0.18000000000000002,0.20000000000000004
1775609716.766089,0.06960848656270084,-1.9381452239572408,-2.8717675767616386,0.3212580755994676,0.1574537921356941,0.23210763951075142,2.3806499242782593,0.18000000000000002,0.15000000000000002
1775609716.8660848,0.06960848656270084,-1.9381452239572408,-2.8717675767616386,0.31032978126220695,0.1676678355881672,0.14650615587749508,2.401161789894104,0.18000000000000002,0.10000000000000003
1775609716.9661741,0.06960848656270084,-1.9381452239572408,-2.8717675767616386,0.296441728855685,0.1801969836931004,0.14593482281010603,2.415714144706726,0.18000000000000002,0.05000000000000003
1775609717.066153,0.06960848656270084,-1.9381452239572408,-2.8717675767616386,0.28212762294368243,0.1927037753124028,0.22610426088087004,2.4273940324783325,0.18000000000000002,2.7755575615628914e-17
1775609717.1661615,0.06960848656270084,-1.9381452239572408,-2.8717675767616386,0.2682082156230233,0.20473880410963824,0.21709911337921065,2.4301992654800415,0.18000000000000002,2.7755575615628914e-17
1775609717.2661183,0.06960848656270084,-1.9381452239572408,-2.8717675767616386,0.25382937134041844,0.21709369174629203,0.22594045234157775,2.4326761960983276,0.18000000000000002,-0.049999999999999975
1775609717.3660774,0.06960848656270084,-1.9381452239572408,-2.8717675767616386,0.24256064404436384,0.22673764485824477,0.14622762218062002,2.433965802192688,0.18000000000000002,-0.09999999999999998
1775609717.4660907,0.06960848656270084,-1.9381452239572408,-2.8717675767616386,0.2280061394333024,0.23919875089637396,0.1590869324180497,2.4318851232528687,0.18000000000000002,-0.09999999999999998
1775609717.5661879,0.06960848656270084,-1.9381452239572408,-2.8717675767616386,0.21366284186722498,0.2516335152779918,0.2291352691251232,2.4241236448287964,0.18000000000000002,-0.09999999999999998
1775609717.6661794,0.06960848656270084,-1.9381452239572408,-2.8717675767616386,0.20235828514651577,0.26154533302534694,0.1510992467153694,2.4182292222976685,0.18000000000000002,-0.14999999999999997
1775609717.7661233,0.06960848656270084,-1.9381452239572408,-2.8717675767616386,0.18767886833963193,0.2746327075680136,0.1597976869897471,2.407335638999939,0.18000000000000002,-0.24999999999999994
1775609717.8661106,0.06960848656270084,-1.9381452239572408,-2.8717675767616386,0.17352271730887306,0.28765675067869734,0.2318209246065108,2.3907896280288696,0.18000000000000002,-0.29999999999999993
1775609717.9661765,0.06960848656270084,-1.9381452239572408,-2.8717675767616386,0.16240652845508025,0.29822495034313634,0.13142143248493615,2.370238423347473,0.18000000000000002,-0.3499999999999999
1775609718.066099,0.06960848656270084,-1.9381452239572408,-2.8717675767616386,0.14860053408167723,0.31187260498856867,0.14543423526236474,2.3470503091812134,0.18000000000000002,-0.3999999999999999
1775609718.166202,0.06960848656270084,-1.9381452239572408,-2.8717675767616386,0.13559181375742238,0.3254176200485481,0.1523631312227766,2.321349263191223,0.18000000000000002,-0.4499999999999999
1775609718.2661188,0.06960848656270084,-1.9381452239572408,-2.8717675767616386,0.1255366985689483,0.3365260208155524,0.1489477963189533,2.287434458732605,0.18000000000000002,-0.4999999999999999
1775609718.3660944,-0.23920520402559778,-2.057981559577937,-2.903778259243193,0.11362295833001927,0.3505488701753773,0.14732639828152194,2.2607501745224,0.18000000000000002,-0.5499999999999999
1775609718.4661283,-0.23920520402559778,-2.057981559577937,-2.903778259243193,0.10218180674567619,0.3651205430850257,0.22074266733174586,2.221537709236145,0.18000000000000002,-0.65
1775609718.5660954,-0.23920520402559778,-2.057981559577937,-2.903778259243193,0.09356294585430477,0.3768781425682505,0.14547330749624424,2.1827059984207153,0.18000000000000002,-0.7
1775609718.6661828,-0.23920520402559778,-2.057981559577937,-2.903778259243193,0.08378631913862829,0.3913181891706983,0.13545706819150752,2.1465636491775513,0.18000000000000002,-0.75
1775609718.7661583,-0.23920520402559778,-2.057981559577937,-2.903778259243193,0.07484810717771628,0.40599552667650785,0.2438272026699446,2.0983773469924927,0.18000000000000002,-0.7999999999999999
1775609718.866143,-0.23920520402559778,-2.057981559577937,-2.903778259243193,0.066887335471599,0.42070902472549504,0.20343685294554165,2.046951174736023,0.18000000000000002,-0.85
1775609718.9661489,-0.3305395144803223,-2.064397764948868,3.1366941853152333,0.0610407614135199,0.432724989609961,0.13531292950969673,1.99358069896698,0.18000000000000002,-0.8999999999999999
1775609719.066097,-0.3305395144803223,-2.064397764948868,3.1366941853152333,0.05464898084593843,0.4476911852073205,0.12918537614341716,1.9528306722640991,0.18000000000000002,-0.95
1775609719.1661632,-0.3305395144803223,-2.064397764948868,3.1366941853152333,0.04918494151577119,0.46272377245230856,0.19171633037434355,1.8963831663131716,0.18000000000000002,-1.0499999999999998
1775609719.2660995,-0.3305395144803223,-2.064397764948868,3.1366941853152333,0.04471757020289668,0.47773885048249953,0.19041086541203595,1.8351963758468628,0.18000000000000002,-1.0999999999999999
1775609719.3661366,-0.3848507616363249,-2.062069179691447,2.9278050823351194,0.04129399763327633,0.49248061384517827,0.17968820982535516,1.7740122079849243,0.18000000000000002,-1.0999999999999999
1775609719.4661274,-0.3848507616363249,-2.062069179691447,2.9278050823351194,0.039183717342617115,0.5045976201320262,0.12914781129065273,1.7094515562057495,0.18000000000000002,-1.0999999999999999
1775609719.5661104,-0.3848507616363249,-2.062069179691447,2.9278050823351194,0.03744159724787111,0.5198857141045831,0.12215460642199574,1.645814538002014,0.18000000000000002,-1.0999999999999999
1775609719.6662123,-0.3848507616363249,-2.062069179691447,2.9278050823351194,0.03666559302817026,0.5354057043212938,0.12809056927431345,1.5916028022766113,0.18000000000000002,-1.0999999999999999
1775609719.7661781,-0.44477390148910195,-2.043170884207875,2.6915316734433583,0.03693163611964863,0.5501574651130566,0.17418081656021642,1.5251445770263672,0.18000000000000002,-1.0999999999999999
1775609719.866121,-0.44477390148910195,-2.043170884207875,2.6915316734433583,0.03823722962697493,0.5652855443179253,0.18055648230015545,1.457404375076294,0.18000000000000002,-1.0499999999999998
1775609719.966141,-0.44477390148910195,-2.043170884207875,2.6915316734433583,0.04046218552172979,0.5798454280241936,0.17426590998418626,1.3917746543884277,0.18000000000000002,-0.9499999999999998
1775609720.066148,-0.44477390148910195,-2.043170884207875,2.6915316734433583,0.04298003235744728,0.5918327337880407,0.11960169240272739,1.329314112663269,0.18000000000000002,-0.8999999999999999
1775609720.1660645,-0.5033753806645923,-1.9925643338841612,2.4353691473755714,0.04707227186456046,0.6069283426695892,0.12388879704106885,1.2717283964157104,0.18000000000000002,-0.8499999999999999
1775609720.2661843,-0.5033753806645923,-1.9925643338841612,2.4353691473755714,0.05202103261817035,0.6218991495721142,0.12327801609715713,1.2251262664794922,0.18000000000000002,-0.7999999999999999
1775609720.366202,-0.5033753806645923,-1.9925643338841612,2.4353691473755714,0.058163885085093896,0.6373232517754475,0.2033290332621305,1.1704139709472656,0.18000000000000002,-0.7499999999999999
1775609720.4661717,-0.5033753806645923,-1.9925643338841612,2.4353691473755714,0.06355148402198631,0.6492748324144177,0.12530872050786449,1.1173994541168213,0.18000000000000002,-0.7
1775609720.5661767,-0.5033753806645923,-1.9925643338841612,2.4353691473755714,0.07134620023942671,0.6645336178675163,0.13874803177346964,1.0751546621322632,0.18000000000000002,-0.6499999999999999
1775609720.666132,-0.5033753806645923,-1.9925643338841612,2.4353691473755714,0.08003656688249972,0.6794760843289253,0.2076113440967777,1.0236965417861938,0.18000000000000002,-0.6
1775609720.7660966,-0.5575015450412919,-1.9207710900801835,2.138163258111358,0.08940881536033796,0.6939406666720075,0.21260547506939542,0.9781513214111328,0.18000000000000002,-0.5499999999999999
1775609720.8661468,-0.5575015450412919,-1.9207710900801835,2.138163258111358,0.09737710422673684,0.7053855680601095,0.13617938286548606,0.9409983158111572,0.18000000000000002,-0.5
1775609720.9661334,-0.5575015450412919,-1.9207710900801835,2.138163258111358,0.10778961005881026,0.71918406705172,0.13908556607245842,0.9012022018432617,0.18000000000000002,-0.45
1775609721.0661185,-0.5575015450412919,-1.9207710900801835,2.138163258111358,0.11913195726279896,0.7331550411403891,0.17309427484180664,0.873234987258911,0.18000000000000002,-0.35000000000000003
1775609721.166073,-0.5575015450412919,-1.9207710900801835,2.138163258111358,0.13064696163388306,0.7462845602792739,0.21439267821964467,0.8362210988998414,0.18000000000000002,-0.30000000000000004
1775609721.266071,-0.5575015450412919,-1.9207710900801835,2.138163258111358,0.14301646405272767,0.7595632459799864,0.2207902857718848,0.8102978467941285,0.18000000000000002,-0.30000000000000004
1775609721.3661134,-0.5575015450412919,-1.9207710900801835,2.138163258111358,0.1556895577976665,0.7724460874001498,0.227245652268555,0.7816431522369386,0.18000000000000002,-0.25000000000000006
1775609721.4661214,-0.5575015450412919,-1.9207710900801835,2.138163258111358,0.16631924106068213,0.7827534320478486,0.15111182670999052,0.756922483444214,0.18000000000000002,-0.20000000000000007
1775609721.5661426,-0.609321847077031,-1.80210069675527,1.9026513618343388,0.17957772748722078,0.7950705117306994,0.1413087920512929,0.735925555229187,0.18000000000000002,-0.20000000000000004
1775609721.6661623,-0.609321847077031,-1.80210069675527,1.9026513618343388,0.19340972923543298,0.8074347920559695,0.1560628399159623,0.7217625379562378,0.18000000000000002,-0.20000000000000004
1775609721.766149,-0.609321847077031,-1.80210069675527,1.9026513618343388,0.2074901893468186,0.8195929096815345,0.22638804514425045,0.7052575349807739,0.18000000000000002,-0.20000000000000004
1775609721.8661232,-0.609321847077031,-1.80210069675527,1.9026513618343388,0.21916420389199764,0.8293452181557937,0.14892419649611388,0.68427312374115,0.18000000000000002,-0.20000000000000004
1775609721.9660723,-0.609321847077031,-1.80210069675527,1.9026513618343388,0.23380723229030423,0.8411045580215175,0.1522833446122488,0.6649652719497681,0.18000000000000002,-0.20000000000000004
1775609722.0661538,-0.609321847077031,-1.80210069675527,1.9026513618343388,0.24918333792531555,0.8529969319449077,0.1578726763381599,0.648383617401123,0.18000000000000002,-0.20000000000000004
1775609722.1661885,-0.609321847077031,-1.80210069675527,1.9026513618343388,0.26162540383727717,0.8622661911641057,0.1560600750127998,0.630078911781311,0.18000000000000002,-0.20000000000000004
1775609722.2660782,-0.609321847077031,-1.80210069675527,1.9026513618343388,0.27711802257064094,0.873366312496278,0.1474849642103041,0.6090457439422609,0.18000000000000002,-0.20000000000000004
1775609722.366104,-0.609321847077031,-1.80210069675527,1.9026513618343388,0.29277238514682385,0.8841483704199754,0.15241488582378218,0.5944902300834656,0.18000000000000002,-0.20000000000000004
1775609722.4660776,-0.609321847077031,-1.80210069675527,1.9026513618343388,0.3087389826828696,0.8946937144431188,0.23386139221419486,0.5764589905738831,0.18000000000000002,-0.20000000000000004
1775609722.566129,-0.609321847077031,-1.80210069675527,1.9026513618343388,0.3218536899820198,0.9030783166342746,0.15379599725399065,0.5574010610580443,0.18000000000000002,-0.25000000000000006
1775609722.6662357,-0.609321847077031,-1.80210069675527,1.9026513618343388,0.33817822957304644,0.9130605552471939,0.15516706206747782,0.5384629368782043,0.18000000000000002,-0.30000000000000004
1775609722.7661302,-0.609321847077031,-1.80210069675527,1.9026513618343388,0.35452653047834637,0.922507360691334,0.22964028762702224,0.5144677758216858,0.18000000000000002,-0.30000000000000004
1775609722.8661156,-0.6566431363706698,-1.585400689256849,1.6785153562400403,0.36748191860040275,0.9296234592256928,0.15256765680896864,0.48732149600982666,0.18000000000000002,-0.30000000000000004
1775609722.966106,-0.6566431363706698,-1.585400689256849,1.6785153562400403,0.3837309674716013,0.9380396825200321,0.1448724433708377,0.46292179822921753,0.18000000000000002,-0.30000000000000004
1775609723.0661948,-0.6566431363706698,-1.585400689256849,1.6785153562400403,0.40095563790560396,0.9464311005045918,0.1521475904386873,0.44419872760772705,0.18000000000000002,-0.30000000000000004
1775609723.166101,-0.6566431363706698,-1.585400689256849,1.6785153562400403,0.418007170573307,0.954179426415295,0.21857245604922768,0.4150307774543762,0.18000000000000002,-0.35000000000000003
1775609723.266181,-0.6566431363706698,-1.585400689256849,1.6785153562400403,0.43175281869942894,0.9600145364283421,0.15436425530401357,0.38537240028381353,0.18000000000000002,-0.4
1775609723.3662326,-0.6566431363706698,-1.585400689256849,1.6785153562400403,0.44896153255969784,0.9668097210819229,0.14820185015948703,0.35948753356933594,0.18000000000000002,-0.45
1775609723.4660625,-0.6566431363706698,-1.585400689256849,1.6785153562400403,0.4656981798667401,0.9728484518099004,0.13963464574052226,0.32390516996383667,0.18000000000000002,-0.55
1775609723.566191,-0.6566431363706698,-1.585400689256849,1.6785153562400403,0.4828363849077353,0.9783364398705647,0.14788875795309436,0.29509860277175903,0.18000000000000002,-0.6
1775609723.6661863,-0.6645931570772197,-1.4440037588857073,1.457935404399702,0.4999450989388208,0.9831294140445416,0.21795993241212433,0.25875234603881836,0.18000000000000002,-0.65
1775609723.7661066,-0.6645931570772197,-1.4440037588857073,1.457935404399702,0.5138088369401249,0.9865292789886371,0.14595841273763402,0.21931833028793332,0.18000000000000002,-0.7
1775609723.866141,-0.6645931570772197,-1.4440037588857073,1.457935404399702,0.5312576686288146,0.9901378726736122,0.13738292749999378,0.18416702747344968,0.18000000000000002,-0.75
1775609723.966079,-0.6645931570772197,-1.4440037588857073,1.457935404399702,0.5487123450040237,0.9928594592059715,0.21115979731027235,0.13514506816864014,0.18000000000000002,-0.7999999999999999
1775609724.0660865,-0.6645931570772197,-1.4440037588857073,1.457935404399702,0.5619630089444505,0.9943807723696566,0.12785214323101954,0.0855710804462433,0.18000000000000002,-0.85
1775609724.166207,-0.6645931570772197,-1.4440037588857073,1.457935404399702,0.5783272648849636,0.9954661278606268,0.12939148433501632,0.037826806306838996,0.18000000000000002,-0.8999999999999999
1775609724.2662067,-0.6542660071481295,-1.3665528974072292,1.2073696450454892,0.5946487717020975,0.9957799759544984,0.1283419401603742,-0.004429906606674194,0.18000000000000002,-0.95
1775609724.3661652,-0.6542660071481295,-1.3665528974072292,1.2073696450454892,0.6109869081698117,0.9951791525371757,0.18720028751464143,-0.05996426939964295,0.18000000000000002,-0.9999999999999999
1775609724.4661722,-0.6542660071481295,-1.3665528974072292,1.2073696450454892,0.6240459787932785,0.9940308365683537,0.13195006514088917,-0.11996601521968842,0.18000000000000002,-1.0499999999999998
1775609724.5661893,-0.6542660071481295,-1.3665528974072292,1.2073696450454892,0.639394204136417,0.9917712480627516,0.1251288827200139,-0.18189510703086853,0.18000000000000002,-1.0999999999999999
1775609724.666169,-0.6255595327786422,-1.2904155907381858,0.9740341395792714,0.6546786836617475,0.9885736670947306,0.1268190390732019,-0.23489682376384732,0.18000000000000002,-1.15
1775609724.7661648,-0.6255595327786422,-1.2904155907381858,0.9740341395792714,0.6696916009844505,0.9843734470874566,0.18511927798104336,-0.29973702877759933,0.18000000000000002,-1.2
1775609724.86615,-0.6255595327786422,-1.2904155907381858,0.9740341395792714,0.6814463709728844,0.9803453582874331,0.12190636132086527,-0.36712451511994004,0.18000000000000002,-1.25
1775609724.9662375,-0.6255595327786422,-1.2904155907381858,0.9740341395792714,0.6956073652500013,0.9744565085160821,0.1212244506145526,-0.42702323943376536,0.18000000000000002,-1.3
1775609725.0663261,-0.5919306151870727,-1.2340369284471382,0.7285883089429334,0.708852451353783,0.9677306875269562,0.17605859508265928,-0.5007354021072389,0.18000000000000002,-1.35
1775609725.1661599,-0.5919306151870727,-1.2340369284471382,0.7285883089429334,0.7191027484276766,0.9616482892940642,0.11817141658607862,-0.5787362903356553,0.18000000000000002,-1.4000000000000001
1775609725.2661366,-0.5919306151870727,-1.2340369284471382,0.7285883089429334,0.7308515178029713,0.9534556736300807,0.1111952727541259,-0.6584884822368622,0.18000000000000002,-1.4500000000000002
1775609725.366154,-0.5919306151870727,-1.2340369284471382,0.7285883089429334,0.741725383504192,0.9445255999949865,0.11403155572686298,-0.7263265252113343,0.18000000000000002,-1.5000000000000002
1775609725.4661202,-0.5414632850333783,-1.193118470440222,0.42095042822660217,0.7513727019040415,0.935063441355031,0.1628523082875314,-0.8099316358566285,0.18000000000000002,-1.5000000000000002
1775609725.5660973,-0.5414632850333783,-1.193118470440222,0.42095042822660217,0.7585864206156543,0.9268836244468578,0.10399638924004163,-0.8976492285728453,0.18000000000000002,-1.5000000000000002
1775609725.6661594,-0.5414632850333783,-1.193118470440222,0.42095042822660217,0.7667952890609008,0.915832823489475,0.1073516118168348,-0.981974482536316,0.18000000000000002,-1.5000000000000002
1775609725.7660832,-0.5414632850333783,-1.193118470440222,0.42095042822660217,0.774077428206482,0.9041494673849501,0.11419971978450598,-1.0513801574707031,0.18000000000000002,-1.5000000000000002
1775609725.8661277,-0.4957827329660202,-1.1797077360931667,0.09676422297121054,0.7803182688697093,0.8917379659353114,0.16737352742824224,-1.1411774158477783,0.18000000000000002,-1.5000000000000002
1775609725.966156,-0.4957827329660202,-1.1797077360931667,0.09676422297121054,0.7846525062014532,0.881235207456468,0.1143320266935312,-1.2261474132537842,0.18000000000000002,-1.5000000000000002
1775609726.0661778,-0.4957827329660202,-1.1797077360931667,0.09676422297121054,0.7887274283410388,0.8686956792904523,0.10570609802996961,-1.2945065498352053,0.18000000000000002,-1.5000000000000002
1775609726.1661947,-0.4957827329660202,-1.1797077360931667,0.09676422297121054,0.791768109579236,0.8554513331427772,0.1620791033661516,-1.3790674209594729,0.18000000000000002,-1.4500000000000002
1775609726.266174,-0.4283401478215621,-1.1698696786182967,-0.22384246884006562,0.7936070057377953,0.8423196390905454,0.15714678219769307,-1.4658086299896238,0.18000000000000002,-1.4000000000000001
1775609726.3660922,-0.4283401478215621,-1.1698696786182967,-0.22384246884006562,0.7943216683853879,0.8313860416917894,0.11368492280481972,-1.5529607534408572,0.18000000000000002,-1.4000000000000001
1775609726.4661903,-0.4283401478215621,-1.1698696786182967,-0.22384246884006562,0.7941644597352946,0.8175944809069335,0.10761725021658643,-1.6204625368118286,0.18000000000000002,-1.4000000000000001
1775609726.5661464,-0.4283401478215621,-1.1698696786182967,-0.22384246884006562,0.7927837503689854,0.8036178790716997,0.1675858332711212,-1.701804518699646,0.18000000000000002,-1.35
1775609726.6662157,-0.38306708815356477,-1.1863926833661613,-0.543085093300928,0.7902267205682313,0.7897052037509827,0.1732565930109241,-1.7858926057815552,0.18000000000000002,-1.3
1775609726.7661872,-0.38306708815356477,-1.1863926833661613,-0.543085093300928,0.7874343812006359,0.7787435928485107,0.11027173184211528,-1.8647775650024412,0.18000000000000002,-1.25
1775609726.8662117,-0.38306708815356477,-1.1863926833661613,-0.543085093300928,0.7827522247973846,0.764725219541289,0.11768794796647873,-1.9288055896759035,0.18000000000000002,-1.2
1775609726.9661837,-0.38306708815356477,-1.1863926833661613,-0.543085093300928,0.7768135843443862,0.7508335194421831,0.18017035224315814,-2.0050249099731445,0.18000000000000002,-1.15
1775609727.0662072,-0.3556286745500328,-1.2173023797087374,-0.8517719574237657,0.7715615034245247,0.7403594919839267,0.11196194341079814,-2.0748757123947144,0.18000000000000002,-1.0499999999999998
1775609727.1661563,-0.3556286745500328,-1.2173023797087374,-0.8517719574237657,0.7640759084735073,0.7276455265200246,0.11809192255670943,-2.145059108734131,0.18000000000000002,-0.9999999999999999
1775609727.266154,-0.3556286745500328,-1.2173023797087374,-0.8517719574237657,0.755231469356143,0.7146843085502634,0.12904966903019088,-2.1976784467697144,0.18000000000000002,-0.9499999999999998
1775609727.366102,-0.3556286745500328,-1.2173023797087374,-0.8517719574237657,0.745694403480305,0.7024804070583164,0.185785398373467,-2.258690595626831,0.18000000000000002,-0.8499999999999999
1775609727.4661388,-0.3233392919232618,-1.2524436097912055,-1.1246925538085266,0.7375107142572088,0.6930288190950503,0.12699667816034665,-2.3156591653823853,0.18000000000000002,-0.7999999999999999
1775609727.5661552,-0.3233392919232618,-1.2524436097912055,-1.1246925538085266,0.7263907116968492,0.6814966502367125,0.1288480604401108,-2.3717015981674194,0.18000000000000002,-0.7499999999999999
1775609727.666037,-0.3233392919232618,-1.2524436097912055,-1.1246925538085266,0.7144977920789786,0.6703880824550335,0.1313925374860775,-2.412413477897644,0.18000000000000002,-0.6499999999999999
1775609727.7661185,-0.3233392919232618,-1.2524436097912055,-1.1246925538085266,0.701984863966357,0.6598651613575618,0.20114675537886495,-2.4628442525863647,0.18000000000000002,-0.6
1775609727.8662715,-0.2912921450543888,-1.3205901469742285,-1.3228885022268309,0.6890037212507151,0.6499669477831093,0.1957790144899331,-2.508785128593445,0.18000000000000002,-0.5499999999999999
1775609727.966373,-0.2912921450543888,-1.3205901469742285,-1.3228885022268309,0.6750728602028333,0.6402984860934635,0.20775313757896752,-2.5514971017837524,0.18000000000000002,-0.45
1775609728.0660934,-0.2912921450543888,-1.3205901469742285,-1.3228885022268309,0.6607464081767846,0.6311317629564003,0.2040788820975636,-2.587575078010559,0.18000000000000002,-0.4
1775609728.16617,-0.2912921450543888,-1.3205901469742285,-1.3228885022268309,0.6488619285429958,0.6240305430879315,0.13841443501213682,-2.6221662759780884,0.18000000000000002,-0.35000000000000003
1775609728.2663772,-0.2912921450543888,-1.3205901469742285,-1.3228885022268309,0.6332045488004319,0.6153154099437207,0.14339255972512824,-2.652814269065857,0.18000000000000002,-0.25000000000000006
1775609728.3661277,-0.2912921450543888,-1.3205901469742285,-1.3228885022268309,0.6169678606762962,0.6069304868931421,0.1509750856795734,-2.6787701845169067,0.18000000000000002,-0.20000000000000007
1775609728.4661965,-0.26312257137124345,-1.4366521694372902,-1.5201191976843336,0.5995691663417867,0.5985501467957031,0.23455033532785072,-2.7007561922073364,0.18000000000000002,-0.15000000000000008
1775609728.5661454,-0.26312257137124345,-1.4366521694372902,-1.5201191976843336,0.5859397883330166,0.5922642835733768,0.144782349742625,-2.719938635826111,0.18000000000000002,-0.05000000000000007
1775609728.6661026,-0.26312257137124345,-1.4366521694372902,-1.5201191976843336,0.5686816130392996,0.5846671263846105,0.15442440391056123,-2.734761595726013,0.18000000000000002,-6.938893903907228e-17
1775609728.766142,-0.26312257137124345,-1.4366521694372902,-1.5201191976843336,0.5509547685163646,0.5771982603530407,0.22904543770278238,-2.747108578681946,0.18000000000000002,0.04999999999999993
1775609728.8661451,-0.26312257137124345,-1.4366521694372902,-1.5201191976843336,0.5366757467371465,0.5712593671424191,0.15572695731011046,-2.745649218559265,0.18000000000000002,0.14999999999999994
1775609728.966066,-0.26312257137124345,-1.4366521694372902,-1.5201191976843336,0.5192319104981538,0.5639009259443666,0.14778556357277295,-2.7374311685562134,0.18000000000000002,0.19999999999999996
1775609729.0661967,-0.26312257137124345,-1.4366521694372902,-1.5201191976843336,0.5017210787715496,0.5563129830213706,0.14873970409490386,-2.726103186607361,0.18000000000000002,0.24999999999999994
1775609729.1661744,-0.26312257137124345,-1.4366521694372902,-1.5201191976843336,0.4854552336731523,0.5489762597028907,0.2117785908181284,-2.7111092805862427,0.18000000000000002,0.3499999999999999
1775609729.2661192,-0.26312257137124345,-1.4366521694372902,-1.5201191976843336,0.4686578166700414,0.5409811966497843,0.22815186145467672,-2.688449501991272,0.18000000000000002,0.3999999999999999
1775609729.3661876,-0.26312257137124345,-1.4366521694372902,-1.5201191976843336,0.4549221218538455,0.5340993725139006,0.1514338788267239,-2.661166787147522,0.18000000000000002,0.4499999999999999
1775609729.4661133,-0.26312257137124345,-1.4366521694372902,-1.5201191976843336,0.4382385945146725,0.5251506065281091,0.15203874379661242,-2.6347485780715942,0.18000000000000002,0.4999999999999999
1775609729.5661266,-0.26312257137124345,-1.4366521694372902,-1.5201191976843336,0.4225453060706922,0.5160379362850502,0.21978209743149682,-2.601892113685608,0.18000000000000002,0.5499999999999999
1775609729.666142,-0.26312257137124345,-1.4366521694372902,-1.5201191976843336,0.40732825291284924,0.5064325789110696,0.22192310540292615,-2.5618218183517456,0.18000000000000002,0.65
1775609729.7661374,-0.26312257137124345,-1.4366521694372902,-1.5201191976843336,0.3955511321252351,0.4984114038723697,0.1393806789352663,-2.5218178033828735,0.18000000000000002,0.7
1775609729.8662562,-0.26312257137124345,-1.4366521694372902,-1.5201191976843336,0.3814854015166143,0.48801826721669944,0.1397658914606584,-2.483460545539856,0.18000000000000002,0.75
1775609729.9661846,-0.26312257137124345,-1.4366521694372902,-1.5201191976843336,0.36819707103693494,0.4771215576330319,0.20338174263827827,-2.436649203300476,0.18000000000000002,0.85
1775609730.066187,-0.2449833840063769,-1.710818441126018,-1.280217282293486,0.35788893027977003,0.4679566353107442,0.13462506288654336,-2.3865636587142944,0.18000000000000002,0.8999999999999999
1775609730.1661506,-0.2449833840063769,-1.710818441126018,-1.280217282293486,0.3457951889999835,0.45610643796219524,0.13581277973242828,-2.34106707572937,0.18000000000000002,0.95
1775609730.2661896,-0.2449833840063769,-1.710818441126018,-1.280217282293486,0.3345949435175914,0.44368076015110836,0.20032996081104898,-2.280316114425659,0.18000000000000002,1.0499999999999998
1775609730.3661397,-0.2449833840063769,-1.710818441126018,-1.280217282293486,0.32652521074939955,0.4337374918091015,0.13371015384111706,-2.221506118774414,0.18000000000000002,1.0999999999999999
1775609730.4661598,-0.23398776073432967,-1.7600626541457027,-1.071001262826149,0.3173434150964021,0.42101373718934915,0.12945988232524203,-2.158488154411316,0.18000000000000002,1.15
1775609730.5661316,-0.23398776073432967,-1.7600626541457027,-1.071001262826149,0.30898321769848636,0.40770530264947974,0.13007165673011536,-2.1029306650161743,0.18000000000000002,1.2
1775609730.6661587,-0.23398776073432967,-1.7600626541457027,-1.071001262826149,0.30179499568475715,0.3942443151015857,0.18308885659517438,-2.0319838523864746,0.18000000000000002,1.25
1775609730.766113,-0.23398776073432967,-1.7600626541457027,-1.071001262826149,0.2968839572334052,0.38346707498212185,0.12264765637980256,-1.9592554569244385,0.18000000000000002,1.35
1775609730.8660781,-0.21522940317779243,-1.8224903698835477,-0.8315570126715451,0.2916609094550585,0.3694797708641633,0.12106334826932535,-1.882719397544861,0.18000000000000002,1.4000000000000001
1775609730.9661636,-0.21522940317779243,-1.8224903698835477,-0.8315570126715451,0.2877093811145892,0.3558959447594233,0.11682888496240315,-1.8184471130371092,0.18000000000000002,1.4500000000000002
1775609731.0661602,-0.21522940317779243,-1.8224903698835477,-0.8315570126715451,0.28494198444416086,0.3423330858326811,0.16721414939575585,-1.7387843132019043,0.18000000000000002,1.5000000000000002
1775609731.166165,-0.21522940317779243,-1.8224903698835477,-0.8315570126715451,0.2832772504796447,0.3284132085610958,0.16573018166080228,-1.653956055641174,0.18000000000000002,1.5500000000000003
1775609731.2661252,-0.18249444364171877,-1.857501264863095,-0.5237410069473297,0.28280904903021437,0.3173145070854787,0.11414321346671215,-1.563828945159912,0.18000000000000002,1.6000000000000003
1775609731.3660734,-0.18249444364171877,-1.857501264863095,-0.5237410069473297,0.28334543818703684,0.30429358662998657,0.09956300336526067,-1.4749563932418823,0.18000000000000002,1.6500000000000004
1775609731.4661493,-0.18249444364171877,-1.857501264863095,-0.5237410069473297,0.2850025504889239,0.2915195359782688,0.1005591554299746,-1.4017879962921143,0.18000000000000002,1.7500000000000004
1775609731.5660887,-0.18249444364171877,-1.857501264863095,-0.5237410069473297,0.2880905023414181,0.27828738301633893,0.16192811659998,-1.301085710525513,0.18000000000000002,1.8000000000000005
1775609731.6661677,-0.13472013691250098,-1.8851912337102592,-0.1708368371363686,0.2913812268409899,0.26823594503498976,0.10733448584293236,-1.1986963748931883,0.18000000000000002,1.8500000000000005
1775609731.7661023,-0.13472013691250098,-1.8851912337102592,-0.1708368371363686,0.29639132222270337,0.2566736917486478,0.10364303523299453,-1.1007577776908875,0.18000000000000002,1.9000000000000006
1775609731.8661883,-0.10280447353942572,-1.906696350313306,0.03416498446336327,0.3025233498451526,0.2458965387631236,0.1480863036978385,-1.0158942937850952,0.18000000000000002,1.9500000000000006
1775609731.966142,-0.10280447353942572,-1.906696350313306,0.03416498446336327,0.3082410180806238,0.23779229951926545,0.09940745060999331,-0.9080995917320251,0.18000000000000002,2.0000000000000004
1775609732.0662484,-0.10280447353942572,-1.906696350313306,0.03416498446336327,0.31610160780970326,0.22860130364853973,0.09678377020873925,-0.7958342134952546,0.18000000000000002,2.0500000000000003
1775609732.16607,-0.10280447353942572,-1.906696350313306,0.03416498446336327,0.3249009378339046,0.2204880196881985,0.1430923558267094,-0.7031363248825073,0.18000000000000002,2.1
1775609732.2661479,-0.058642496668533245,-1.8986725740706825,0.4478215554189186,0.3325223228539926,0.2148828701744869,0.07861527888109926,-0.5657320916652679,0.18000000000000002,2.0500000000000003
1775609732.3661163,-0.058642496668533245,-1.8986725740706825,0.4478215554189186,0.3419442080334272,0.20929013485656162,0.08518291256000145,-0.4739855155348778,0.18000000000000002,2.0000000000000004
1775609732.466152,-0.04657683598630409,-1.878031765677975,0.6620335721630667,0.35234066776400064,0.20471178223146913,0.13338604621325068,-0.3577586889732629,0.18000000000000002,1.9500000000000004
1775609732.566152,-0.04657683598630409,-1.878031765677975,0.6620335721630667,0.3631424670692818,0.20127151495428816,0.1359373820439118,-0.26754625886678696,0.18000000000000002,1.9000000000000004
1775609732.6661189,-0.035491965880246217,-1.874036096896502,0.8687139785990585,0.3721289540043494,0.19937543731133206,0.09241349327831949,-0.15806002914905548,0.18000000000000002,1.8500000000000003
1775609732.7661495,-0.035491965880246217,-1.874036096896502,0.8687139785990585,0.3840173786008405,0.19800095371737772,0.0939435659942164,-0.047725915908813484,0.18000000000000002,1.8000000000000003
1775609732.8663285,-0.0330545098413023,-1.8575719437025073,1.0717608032832935,0.3964674092237592,0.19800142039833624,0.1491396592315941,0.03917938470840454,0.18000000000000002,1.7500000000000002
1775609732.9661577,-0.0330545098413023,-1.8575719437025073,1.0717608032832935,0.4059893984941647,0.19890277552759647,0.09855179380156093,0.13743066787719727,0.18000000000000002,1.7000000000000002
1775609733.0662236,-0.0330545098413023,-1.8575719437025073,1.0717608032832935,0.4180691953013046,0.20120552072896597,0.1010521742534987,0.23680788278579712,0.18000000000000002,1.6500000000000001
1775609733.1661432,-0.0330545098413023,-1.8575719437025073,1.0717608032832935,0.4303317781096587,0.2047068422666353,0.1048858432366582,0.3377443552017212,0.18000000000000002,1.6
1775609733.2661726,-0.026983314974822002,-1.8303544533454883,1.4410393275520865,0.4426475791717206,0.2096222902929258,0.15772782918767228,0.4137996435165405,0.18000000000000002,1.55
1775609733.3661005,-0.026983314974822002,-1.8303544533454883,1.4410393275520865,0.4521451659836832,0.21439125199704262,0.10813494118724581,0.5060927867889404,0.18000000000000002,1.5
1775609733.4661562,-0.026983314974822002,-1.8303544533454883,1.4410393275520865,0.4634625276306398,0.2212027055290257,0.11040324910126542,0.5952212810516356,0.18000000000000002,1.45
1775609733.5661638,-0.026983314974822002,-1.8303544533454883,1.4410393275520865,0.4746484920903351,0.22944284005509055,0.16780366681775422,0.667972207069397,0.18000000000000002,1.4
1775609733.6661808,-0.030402324464407982,-1.7717388612011677,1.7723350867970995,0.4845741542276094,0.2380823935879273,0.15687639200930176,0.7474348545074463,0.18000000000000002,1.3499999999999999
1775609733.766095,-0.030402324464407982,-1.7717388612011677,1.7723350867970995,0.4923006616428097,0.24592272838137832,0.10956575176681421,0.8315554857254027,0.18000000000000002,1.2999999999999998
1775609733.8662455,-0.030402324464407982,-1.7717388612011677,1.7723350867970995,0.5017929440735724,0.2570177862578697,0.11418588731074159,0.9113982915878295,0.18000000000000002,1.2499999999999998
1775609733.9661572,-0.030402324464407982,-1.7717388612011677,1.7723350867970995,0.5101361062700066,0.2684732217983823,0.10844842575911863,0.9862724542617798,0.18000000000000002,1.1999999999999997
1775609734.0662043,-0.04616853134930664,-1.7381762995365968,2.0743881258094428,0.5176097402014104,0.28066360084279496,0.17287722872509653,1.0468140840530396,0.18000000000000002,1.1499999999999997
1775609734.1661513,-0.04616853134930664,-1.7381762995365968,2.0743881258094428,0.52448355136206,0.29383262993630876,0.17276782759416534,1.1184422969818117,0.18000000000000002,1.0999999999999996
1775609734.2660983,-0.04616853134930664,-1.7381762995365968,2.0743881258094428,0.529171918949756,0.3044328827824486,0.11780552942507884,1.183135747909546,0.18000000000000002,1.0499999999999996
1775609734.3663654,-0.04616853134930664,-1.7381762995365968,2.0743881258094428,0.5346028110873461,0.3187754202952502,0.11936953067277532,1.2484954595565794,0.18000000000000002,0.9499999999999996
1775609734.466087,-0.09696363487534132,-1.681728479927782,2.325978745913277,0.5391382126183919,0.33376957703294136,0.12882904989216504,1.3172343969345095,0.18000000000000002,0.8999999999999997
1775609734.566178,-0.09696363487534132,-1.681728479927782,2.325978745913277,0.5426694761525857,0.34903270167198824,0.18884215677702096,1.3638372421264648,0.18000000000000002,0.8499999999999996
1775609734.6661751,-0.09696363487534132,-1.681728479927782,2.325978745913277,0.545314772384987,0.3643706421696629,0.190800169949892,1.4242880344390867,0.0,0.0
1775609734.7661865,-0.09696363487534132,-1.681728479927782,2.325978745913277,0.5468558812789104,0.37672690690541183,0.12168099277580754,1.4712591171264648,0.0,0.0
1775609734.8662386,-0.1429845675773402,-1.6405916954734947,2.5389109165785118,0.547516426640084,0.38370676367316797,0.03399793721424581,1.4816514253616333,0.0,0.0
1775609734.9660807,-0.1429845675773402,-1.6405916954734947,2.5389109165785118,0.5475951953549552,0.3845891288313811,0.005577953335035948,1.4818214178085327,0.0,-0.05
1775609735.066101,-0.1429845675773402,-1.6405916954734947,2.5389109165785118,0.5475951953549552,0.3845891288313811,0.0,1.481809377670288,0.0,-0.1
1775609735.166346,-0.1429845675773402,-1.6405916954734947,2.5389109165785118,0.5475974542235486,0.3846143385191419,0.0005086854093775689,1.4810491800308228,0.0,-0.15000000000000002
1775609735.266178,-0.1429845675773402,-1.6405916954734947,2.5389109165785118,0.5476136143022405,0.3847907747390595,0.0020290432599302266,1.477550983428955,0.0,-0.2
1775609735.3661397,-0.1429845675773402,-1.6405916954734947,2.5389109165785118,0.5476491465275587,0.3851433367284211,0.0045542093408912,1.464918613433838,0.0,-0.25
1775609735.4661775,-0.1429845675773402,-1.6405916954734947,2.5389109165785118,0.5476691244467385,0.38531938028441637,0.0015797587952994083,1.449439287185669,0.0,-0.3
1775609735.566161,-0.1429845675773402,-1.6405916954734947,2.5389109165785118,0.5476824756131607,0.3854197370791773,0.000505567369550197,1.4223105907440186,0.0,-0.35
1775609735.666138,-0.1429845675773402,-1.6405916954734947,2.5389109165785118,0.5476824756131607,0.3854197370791773,0.0,1.3915209770202634,0.0,-0.44999999999999996
1775609735.7661097,-0.1429845675773402,-1.6405916954734947,2.5389109165785118,0.5476824756131623,0.38541973707918464,1.4983479459179733e-13,1.351622223854065,0.0,-0.49999999999999994
1775609735.8661351,-0.1429845675773402,-1.6405916954734947,2.5389109165785118,0.5476596185364548,0.3853211082418601,0.0,1.3095418214797974,0.0,-0.5499999999999999
1775609735.966099,-0.1429845675773402,-1.6405916954734947,2.5389109165785118,0.5476602169803512,0.38532093379235693,0.00047217624187828486,1.2602845430374148,0.0,-0.6
1775609736.0661683,-0.14985570288419384,-1.649835822897216,2.3213679881541807,0.5476607218389311,0.3853207605317505,0.000507693776525899,1.2181069850921629,0.0,-0.65
1775609736.166125,-0.14985570288419384,-1.649835822897216,2.3213679881541807,0.5476607218389311,0.3853207605317505,0.0,1.1571497917175293,0.0,-0.7
1775609736.266169,-0.14985570288419384,-1.649835822897216,2.3213679881541807,0.5476517914779011,0.3852969854421274,0.001014461266878703,1.089669108390808,0.0,-0.75
1775609736.3661063,-0.14985570288419384,-1.649835822897216,2.3213679881541807,0.5476530596610524,0.3852962776022587,0.0010147811378627314,1.0322861671447756,0.0,-0.7999999999999999
1775609736.4661558,-0.14369623859325342,-1.6672903272570447,2.072209182617312,0.5476657167269701,0.38531823765361845,-0.0005069427921668022,0.9570208787918091,0.0,-0.7999999999999999
1775609736.5662131,-0.14369623859325342,-1.6672903272570447,2.072209182617312,0.5477394533702861,0.38542112168059794,-0.0005061523816521634,0.8751226663589476,0.0,-0.7999999999999999
1775609736.666188,-0.14369623859325342,-1.6672903272570447,2.072209182617312,0.5478067546352016,0.38549673911847493,0.0010146794340274532,0.8109699487686157,0.0,0.0
1775609736.766138,-0.14369623859325342,-1.6672903272570447,2.072209182617312,0.5478445330056179,0.38553047621584663,0.0015168725083176274,0.7336292266845703,0.0,0.0
1775609736.866095,-0.1404553659074465,-1.6578557421620972,1.8031575451202226,0.5477687841443952,0.38546330327836764,1.2379488041046735e-13,0.7049443721771239,0.005,0.0
1775609736.9660695,-0.1404553659074465,-1.6578557421620972,1.8031575451202226,0.5477108325023003,0.385414239267595,-0.0004792707002599679,0.7000663280487059,0.01,0.0
1775609737.066161,-0.1404553659074465,-1.6578557421620972,1.8031575451202226,0.5477495671563544,0.38544682990967327,0.0009568833427814708,0.699187994003296,0.01,0.0
1775609737.1661432,-0.1404553659074465,-1.6578557421620972,1.8031575451202226,0.547885398238353,0.3855605875870671,0.0022011235986036234,0.6957111358642577,0.01,-0.05
1775609737.2661316,-0.1404553659074465,-1.6578557421620972,1.8031575451202226,0.5481773109141393,0.3858033399779542,0.003540938683240954,0.6909142732620238,0.01,-0.1
1775609737.3660834,-0.1404553659074465,-1.6578557421620972,1.8031575451202226,0.548627093068402,0.3861729197943075,0.008115342750092604,0.6856898069381715,0.01,-0.1
1775609737.4661589,-0.1404553659074465,-1.6578557421620972,1.8031575451202226,0.5492958732078222,0.38671449108620953,0.011122470353990686,0.6773841381072998,0.01,-0.15000000000000002
1775609737.5661488,-0.1404553659074465,-1.6578557421620972,1.8031575451202226,0.5499498049573122,0.38723412014431935,0.008090938067525222,0.665748119354248,0.01,-0.2
1775609737.6662126,-0.1404553659074465,-1.6578557421620972,1.8031575451202226,0.550889944125693,0.38796300402467904,0.010129356646032307,0.650477409362793,0.01,-0.25
1775609737.7661104,-0.1404553659074465,-1.6578557421620972,1.8031575451202226,0.5520046684976723,0.38879683375989754,0.017170016791665965,0.6354420185089111,0.01,-0.3
1775609737.866237,-0.1404553659074465,-1.6578557421620972,1.8031575451202226,0.5531354537546445,0.38960873410670516,0.0172592083199756,0.6143580675125122,0.01,-0.35000000000000003
1775609737.9662147,-0.1404553659074465,-1.6578557421620972,1.8031575451202226,0.5539498494496171,0.39016649882139587,0.010614694880018464,0.5834884643554688,0.01,-0.4
1775609738.0661788,-0.1404553659074465,-1.6578557421620972,1.8031575451202226,0.5548448967080465,0.3907399993471546,0.008570189118056574,0.5537091493606567,0.01,-0.45
1775609738.166141,-0.1404553659074465,-1.6578557421620972,1.8031575451202226,0.5559152212907222,0.3913664270884964,0.014668228815639343,0.5137619376182556,0.01,-0.5
1775609738.2661283,-0.12763980951226833,-1.6550918586541126,1.6038106818468556,0.5567874437685006,0.3918285017232904,0.015554129322173664,0.46919864416122437,0.01,-0.55
1775609738.3661122,-0.12763980951226833,-1.6550918586541126,1.6038106818468556,0.5574953507864512,0.39216673699708765,0.007938613223626927,0.4155086874961853,0.01,-0.6
1775609738.4661732,-0.12763980951226833,-1.6550918586541126,1.6038106818468556,0.5585010798071398,0.3925824183297551,0.008571682984306547,0.3567250370979309,0.01,-0.65
1775609738.566144,-0.12763980951226833,-1.6550918586541126,1.6038106818468556,0.5595531837112063,0.39294732087392137,0.009141190494886616,0.30706673860549927,0.01,-0.7
1775609738.666141,-0.13241087846109256,-1.6372093122439804,1.3695978839077836,0.5605543422715978,0.39321990371129933,0.013191245653808867,0.24004054069519046,0.01,-0.7
1775609738.7661214,-0.13241087846109256,-1.6372093122439804,1.3695978839077836,0.5612966181587224,0.3933793405930753,0.006076695581171997,0.16908586025238037,0.01,-0.7
1775609738.8661897,-0.13241087846109256,-1.6372093122439804,1.3695978839077836,0.5624489857042666,0.39354470922389245,0.009636094769105355,0.1110069751739502,0.015,-0.7999999999999999
1775609738.9661014,-0.13241087846109256,-1.6372093122439804,1.3695978839077836,0.563408292013574,0.3936118020944439,0.010623103515896569,0.038459867238998406,0.02,-0.7999999999999999
1775609739.0661948,-0.1319450980242146,-1.632641839136144,1.1174796778870784,0.5644711098662288,0.3936034304813955,0.01266213109660803,-0.040184617042541504,0.025,-0.7999999999999999
1775609739.1660502,-0.1319450980242146,-1.632641839136144,1.1174796778870784,0.565707524756806,0.3935094726685741,0.01268214257777942,-0.1195235699415207,0.03,-0.7499999999999999
1775609739.2660894,-0.1319450980242146,-1.632641839136144,1.1174796778870784,0.5677595473989332,0.39320006355237236,0.017691729080796845,-0.18328090012073517,0.03,-0.7499999999999999
1775609739.3661122,-0.1319450980242146,-1.632641839136144,1.1174796778870784,0.570467262708561,0.3925543005620087,0.03539347126519946,-0.2637192979454994,0.03,-0.6499999999999999
1775609739.466069,-0.12006770263775805,-1.6085374209378114,0.8436186841769043,0.5729337914774196,0.3917934107557103,0.026321431351489167,-0.33973419293761253,0.03,-0.6
1775609739.5663712,-0.12006770263775805,-1.6085374209378114,0.8436186841769043,0.5759378393342587,0.39065028984351413,0.025756497497519005,-0.39215798303484917,0.03,-0.5499999999999999
1775609739.6661875,-0.12006770263775805,-1.6085374209378114,0.8436186841769043,0.5787646483321456,0.3893468779727274,0.03787543075638146,-0.4563069641590118,0.03,-0.5
1775609739.766265,-0.12006770263775805,-1.6085374209378114,0.8436186841769043,0.5809176354602107,0.38822102812049397,0.023804632594850765,-0.512446716427803,0.03,-0.45
1775609739.866128,-0.11380135238366511,-1.5930447780488415,0.6112227189647267,0.583622238004524,0.3866291695803328,0.02491945548884636,-0.5621049106121063,0.03,-0.4
1775609739.9661548,-0.11380135238366511,-1.5930447780488415,0.6112227189647267,0.5862498585545609,0.38491302632997443,0.02664262685749541,-0.5990292131900787,0.03,-0.35000000000000003
1775609740.066165,-0.11380135238366511,-1.5930447780488415,0.6112227189647267,0.5887969599931647,0.3830795368567502,0.03793148230880213,-0.6387901306152344,0.03,-0.30000000000000004
1775609740.1662219,-0.11380135238366511,-1.5930447780488415,0.6112227189647267,0.5907423205667296,0.3815819699116829,0.02472729429929775,-0.6773853003978729,0.03,-0.25000000000000006
1775609740.2661703,-0.11380135238366511,-1.5930447780488415,0.6112227189647267,0.5930653336221137,0.37966489489058475,0.024856039472178536,-0.7046078443527222,0.03,-0.20000000000000007
1775609740.3661509,-0.11380135238366511,-1.5930447780488415,0.6112227189647267,0.5950756595881741,0.3778882904869477,0.03576861355322699,-0.7348784804344177,0.03,-0.15000000000000008
1775609740.4661224,-0.10389314990348966,-1.6009974845790977,0.42024391848753084,0.5972263711461651,0.37588966570861376,0.034889447706737686,-0.7575697600841521,0.03,-0.10000000000000007
1775609740.5660968,-0.10389314990348966,-1.6009974845790977,0.42024391848753084,0.5990528100277435,0.3741374260011408,0.025799287948299617,-0.7721823751926422,0.03,-0.10000000000000003
1775609740.6661303,-0.10389314990348966,-1.6009974845790977,0.42024391848753084,0.601293119128512,0.37193940078444704,0.025082138451103787,-0.7805041968822479,0.03,-0.10000000000000003
1775609740.7661397,-0.10389314990348966,-1.6009974845790977,0.42024391848753084,0.6034725246473405,0.3697518746155105,0.03744494118865081,-0.7916229963302612,0.03,-0.05000000000000003
1775609740.8660996,-0.10389314990348966,-1.6009974845790977,0.42024391848753084,0.6052433994325747,0.36794348344903566,0.025777633536446937,-0.8006100356578827,0.03,-2.7755575615628914e-17
1775609740.966085,-0.10389314990348966,-1.6009974845790977,0.42024391848753084,0.607460998075341,0.36565156150663225,0.025310465655479,-0.803575336933136,0.034999999999999996,-2.7755575615628914e-17
1775609741.0661523,-0.10389314990348966,-1.6009974845790977,0.42024391848753084,0.6095164920555073,0.3635197688193294,0.023796523210815004,-0.8039170801639558,0.039999999999999994,-2.7755575615628914e-17
1775609741.166155,-0.10389314990348966,-1.6009974845790977,0.42024391848753084,0.6116415194326486,0.3613143811361778,0.03699806266151805,-0.8039864897727967,0.04499999999999999,-2.7755575615628914e-17
1775609741.266189,-0.10389314990348966,-1.6009974845790977,0.42024391848753084,0.6135384272186677,0.3593461182200545,0.02787999240863192,-0.8034997284412384,0.054999999999999986,-2.7755575615628914e-17
1775609741.3661268,-0.10389314990348966,-1.6009974845790977,0.42024391848753084,0.6162093552362297,0.35657713310950645,0.03136276273444791,-0.8034175038337709,0.059999999999999984,-2.7755575615628914e-17
1775609741.4661353,-0.10389314990348966,-1.6009974845790977,0.42024391848753084,0.6193384525201563,0.35333576041379894,0.05470160385047981,-0.8025546073913573,0.06499999999999999,-2.7755575615628914e-17
1775609741.5661278,-0.10389314990348966,-1.6009974845790977,0.42024391848753084,0.6222575433119628,0.35031381857809646,0.043678503006277666,-0.8023828864097595,0.06999999999999999,-2.7755575615628914e-17
1775609741.66616,-0.10389314990348966,-1.6009974845790977,0.42024391848753084,0.6263579393369875,0.3460751914777848,0.04922654812687742,-0.8018320798873904,0.075,-2.7755575615628914e-17
1775609741.7660863,-0.10389314990348966,-1.6009974845790977,0.42024391848753084,0.6305309207648475,0.34176592017375496,0.05169861990991379,-0.8012620806694031,0.08,-2.7755575615628914e-17
1775609741.8662121,-0.10389314990348966,-1.6009974845790977,0.42024391848753084,0.6354796614465686,0.3366576114953912,0.08804327886785283,-0.8015193045139313,0.085,-2.7755575615628914e-17
1775609741.9661763,-0.10389314990348966,-1.6009974845790977,0.42024391848753084,0.6398807175629229,0.3321111697791301,0.0647225881886091,-0.8019845187664032,0.09,-2.7755575615628914e-17
1775609742.0661342,-0.10389314990348966,-1.6009974845790977,0.42024391848753084,0.645617494611547,0.3261804807246268,0.06622960056603033,-0.8020656406879426,0.095,-2.7755575615628914e-17
1775609742.1660593,-0.10389314990348966,-1.6009974845790977,0.42024391848753084,0.6517746478566125,0.31981127844922913,0.06981732426602962,-0.8030673265457154,0.105,-2.7755575615628914e-17
1775609742.2661374,-0.10389314990348966,-1.6009974845790977,0.42024391848753084,0.6584695836920408,0.3128706410134445,0.08195426323683618,-0.8032085001468657,0.10999999999999999,-2.7755575615628914e-17
1775609742.366076,-0.10389314990348966,-1.6009974845790977,0.42024391848753084,0.6643761913032221,0.30675209207566395,0.08554973151063267,-0.8021353483200073,0.10999999999999999,-2.7755575615628914e-17
1775609742.4661443,-0.10389314990348966,-1.6009974845790977,0.42024391848753084,0.6719813195168988,0.2988959411523939,0.08642801178904418,-0.8010652959346771,0.11499999999999999,-2.7755575615628914e-17
1775609742.5662253,-0.10389314990348966,-1.6009974845790977,0.42024391848753084,0.6792924589036111,0.29135406554333365,0.08578178734808312,-0.8008527457714081,0.11999999999999998,-2.7755575615628914e-17
1775609742.666168,-0.10389314990348966,-1.6009974845790977,0.42024391848753084,0.6871576701755412,0.283256524647565,0.1652355216864817,-0.7998209595680238,0.12499999999999999,-2.7755575615628914e-17
1775609742.7661796,-0.10389314990348966,-1.6009974845790977,0.42024391848753084,0.6937543780698062,0.27646739183379987,0.0972036884169,-0.8001350164413453,0.12999999999999998,-2.7755575615628914e-17
1775609742.8661306,-0.10389314990348966,-1.6009974845790977,0.42024391848753084,0.7021657624381835,0.26780651962650454,0.10080447447770706,-0.7998054027557373,0.13499999999999998,-2.7755575615628914e-17
1775609742.966184,-0.10389314990348966,-1.6009974845790977,0.42024391848753084,0.7111492149444143,0.2585721900994532,0.15627429406470797,-0.7984202802181243,0.13999999999999999,-2.7755575615628914e-17
1775609743.066115,-0.10389314990348966,-1.6009974845790977,0.42024391848753084,0.7187679840284282,0.25076459310268195,0.10937049204493056,-0.7970970869064332,0.145,-2.7755575615628914e-17
1775609743.166091,-0.10389314990348966,-1.6009974845790977,0.42024391848753084,0.7284248152148711,0.24087885002683382,0.10665692095674129,-0.7970643937587739,0.15,-2.7755575615628914e-17
1775609743.2660959,-0.10389314990348966,-1.6009974845790977,0.42024391848753084,0.7382265975300516,0.2308516432793786,0.11155883649126394,-0.7951208055019378,0.15,-2.7755575615628914e-17
1775609743.366171,-0.10389314990348966,-1.6009974845790977,0.42024391848753084,0.748804751158779,0.22006140397384097,0.1858351514886317,-0.7951937615871429,0.155,-2.7755575615628914e-17
1775609743.4662066,-0.10389314990348966,-1.6009974845790977,0.42024391848753084,0.7596860044724457,0.20896574755152658,0.1796085181750393,-0.7949908673763275,0.165,-2.7755575615628914e-17
1775609743.566108,-0.10389314990348966,-1.6009974845790977,0.42024391848753084,0.7686584324773732,0.19982681529160745,0.13265185265042792,-0.7939237058162689,0.17,-2.7755575615628914e-17
1775609743.6661012,-0.10389314990348966,-1.6009974845790977,0.42024391848753084,0.7801416192341523,0.18818714840853756,0.130948213107649,-0.7917177081108093,0.17,-2.7755575615628914e-17
1775609743.766078,-0.10389314990348966,-1.6009974845790977,0.42024391848753084,0.7921581252549369,0.17600698028145528,0.1438329674207614,-0.7910441756248474,0.17,-2.7755575615628914e-17
1775609743.866219,-0.10389314990348966,-1.6009974845790977,0.42024391848753084,0.8043743824312171,0.16366837122904082,0.2123058241840141,-0.7886801958084106,0.17,-2.7755575615628914e-17
1775609743.9661388,-0.10389314990348966,-1.6009974845790977,0.42024391848753084,0.8142339716904379,0.15376932257002612,0.13669517053435112,-0.7855956256389618,0.17,-2.7755575615628914e-17
1775609744.0661757,-0.10389314990348966,-1.6009974845790977,0.42024391848753084,0.8269927651122113,0.14104230199149298,0.14495267818399493,-0.7833287119865417,0.17,-2.7755575615628914e-17
1775609744.1660924,-0.10389314990348966,-1.6009974845790977,0.42024391848753084,0.8391697625279908,0.1289147378858337,0.13814175944351434,-0.782664954662323,0.17,-2.7755575615628914e-17
1775609744.2661364,0.21927483064246675,-1.4845204950704043,0.38180158693559685,0.851570878428905,0.1165817993561378,0.13631826923904794,-0.7820127010345459,0.17,-2.7755575615628914e-17
1775609744.3661947,0.21927483064246675,-1.4845204950704043,0.38180158693559685,0.8640793637299242,0.10417738100538407,0.21319740352770855,-0.7807019352912903,0.17,-2.7755575615628914e-17
1775609744.4662414,0.21927483064246675,-1.4845204950704043,0.38180158693559685,0.8763609820334419,0.09204748168957505,0.21153798466565327,-0.7775534987449646,0.17,-2.7755575615628914e-17
1775609744.5661936,0.21927483064246675,-1.4845204950704043,0.38180158693559685,0.8887329712287837,0.07986502728054991,0.2071791641755216,-0.7773626744747162,0.17,-2.7755575615628914e-17
1775609744.6661892,0.21927483064246675,-1.4845204950704043,0.38180158693559685,0.8992733538906983,0.06950204948487272,0.148754573816694,-0.776223123073578,0.17,-2.7755575615628914e-17
1775609744.7661746,0.21927483064246675,-1.4845204950704043,0.38180158693559685,0.912097669167515,0.056913207727167806,0.21257160034290684,-0.7755281925201416,0.17,-2.7755575615628914e-17
1775609744.8662345,0.21927483064246675,-1.4845204950704043,0.38180158693559685,0.9248869340310444,0.044397085243092105,0.21908845306494346,-0.7736220955848694,0.17,-2.7755575615628914e-17
1775609744.9661422,0.21927483064246675,-1.4845204950704043,0.38180158693559685,0.9348994797800148,0.034616512385994204,0.14330097355244228,-0.7735700905323029,0.17,-2.7755575615628914e-17
1775609745.0661662,0.21927483064246675,-1.4845204950704043,0.38180158693559685,0.948084609065306,0.021781244866344543,0.14813308560002228,-0.7700464725494385,0.17,-2.7755575615628914e-17
1775609745.1661828,0.21927483064246675,-1.4845204950704043,0.38180158693559685,0.9608136777752415,0.009530214618948667,0.21350024156439235,-0.7628077268600464,0.17,-2.7755575615628914e-17
1775609745.2661474,0.21927483064246675,-1.4845204950704043,0.38180158693559685,0.973772528121603,-0.002846916532197404,0.21059843517040583,-0.7625178694725037,0.17,-2.7755575615628914e-17
1775609745.366157,0.21927483064246675,-1.4845204950704043,0.38180158693559685,0.9841176057839996,-0.012683648465961782,0.14161705880964245,-0.758737325668335,0.17,-2.7755575615628914e-17
1775609745.4661632,0.21927483064246675,-1.4845204950704043,0.38180158693559685,0.9974009515586042,-0.025233667610133223,0.14719881707873175,-0.7545424103736876,0.17,-2.7755575615628914e-17
1775609745.5660858,0.21927483064246675,-1.4845204950704043,0.38180158693559685,1.0100402337863605,-0.03706461787455658,0.19753068785522532,-0.751734048128128,0.17,-2.7755575615628914e-17
1775609745.666116,0.21927483064246675,-1.4845204950704043,0.38180158693559685,1.022957681036267,-0.049116896658052515,0.20940101782433085,-0.7502331137657166,0.17,-2.7755575615628914e-17
1775609745.766159,0.21927483064246675,-1.4845204950704043,0.38180158693559685,1.0333202697153114,-0.058750257732705924,0.14622351521392118,-0.7477494776248932,0.17,-2.7755575615628914e-17
1775609745.8661387,0.21927483064246675,-1.4845204950704043,0.38180158693559685,1.0464997397669407,-0.07096678578159293,0.1448593835190824,-0.746730238199234,0.17,-2.7755575615628914e-17
1775609745.9661229,0.21927483064246675,-1.4845204950704043,0.38180158693559685,1.060154019751563,-0.08356457343196894,0.22146108571721884,-0.7445857226848602,0.17,-2.7755575615628914e-17
1775609746.0660746,0.21927483064246675,-1.4845204950704043,0.38180158693559685,1.070734319290398,-0.09329802255198334,0.14521536731363494,-0.7415971457958221,0.17,-2.7755575615628914e-17
1775609746.1660624,0.21927483064246675,-1.4845204950704043,0.38180158693559685,1.084140159066392,-0.10556765819170733,0.14518740279075104,-0.7396324276924133,0.17,-2.7755575615628914e-17
1775609746.2661095,0.21927483064246675,-1.4845204950704043,0.38180158693559685,1.097579304839622,-0.11780080469859126,0.22114782046015952,-0.7378464639186859,0.17,-2.7755575615628914e-17
1775609746.36621,0.21927483064246675,-1.4845204950704043,0.38180158693559685,1.1104074955160648,-0.12938890838769043,0.21046314984755496,-0.7319528460502625,0.17,0.049999999999999975
1775609746.4662077,0.5230911192839253,-1.351643779904685,0.4609157138230568,1.1211995037356703,-0.13907757257597586,0.1440595163411469,-0.7304607331752778,0.17,0.14999999999999997
1775609746.5660944,0.5230911192839253,-1.351643779904685,0.4609157138230568,1.1350568133496304,-0.15137549547950477,0.21860705258189414,-0.7221200466156007,0.17,0.19999999999999996
1775609746.6661649,0.5230911192839253,-1.351643779904685,0.4609157138230568,1.146283062943909,-0.1611459858755576,0.14902252623411225,-0.707136183977127,0.17,0.24999999999999994
1775609746.7661588,0.5230911192839253,-1.351643779904685,0.4609157138230568,1.1599956179697994,-0.17272158715911237,0.14256454369847385,-0.6922943890094758,0.17,0.29999999999999993
1775609746.8661315,0.5230911192839253,-1.351643779904685,0.4609157138230568,1.1737236164088407,-0.18380116478495406,0.20984557003596432,-0.67006853222847,0.17,0.3499999999999999
1775609746.9665437,0.5230911192839253,-1.351643779904685,0.4609157138230568,1.1879016896371202,-0.19467692966458183,0.2130073009738399,-0.6436240375041963,0.17,0.4499999999999999
1775609747.0661073,0.5230911192839253,-1.351643779904685,0.4609157138230568,1.1990782737336265,-0.2028041762982941,0.13715886664810253,-0.6092107892036438,0.17,0.4999999999999999
1775609747.1661074,0.5230911192839253,-1.351643779904685,0.4609157138230568,1.2140269011647036,-0.2129133571374085,0.14331232152033624,-0.5772867351770401,0.17,0.5499999999999999
1775609747.2662065,0.5230911192839253,-1.351643779904685,0.4609157138230568,1.2290972329863397,-0.22222810648527866,0.21460402357975397,-0.5374818742275237,0.17,0.6
1775609747.3661628,0.5230911192839253,-1.351643779904685,0.4609157138230568,1.2438772794477493,-0.2304885777402562,0.20672979547726558,-0.4913952946662902,0.17,0.65
1775609747.4660842,0.6556020023868462,-1.2695160525112246,0.7360339447960423,1.2560308685406638,-0.23668394297084938,0.13964453526190804,-0.44554818421602244,0.17,0.75
1775609747.566098,0.6556020023868462,-1.2695160525112246,0.7360339447960423,1.2715755107255533,-0.24377086602371542,0.13695789026291016,-0.4062713757157326,0.17,0.7999999999999999
1775609747.6668608,0.6556020023868462,-1.2695160525112246,0.7360339447960423,1.2872660349140663,-0.24985800550767245,0.20416468275401617,-0.34809168148785835,0.17,0.85
1775609747.7661257,0.6556020023868462,-1.2695160525112246,0.7360339447960423,1.2995068853650205,-0.2539513204726214,0.1288798572802707,-0.29058697074651724,0.17,0.8999999999999999
1775609747.8661044,0.6993558862715624,-1.2415965518421035,0.9304626952741895,1.3147773766140238,-0.25817259755793115,0.12164090578959795,-0.23820677399635315,0.17,0.95
1775609747.9661472,0.6993558862715624,-1.2415965518421035,0.9304626952741895,1.3296352412890164,-0.26142928604196386,0.12081287896935142,-0.18842417001724246,0.17,1.0499999999999998
1775609748.0661814,0.6993558862715624,-1.2415965518421035,0.9304626952741895,1.3452515281893707,-0.26377764721406016,0.18915638305314514,-0.12352901697158813,0.17,1.0999999999999999
1775609748.1661344,0.6993558862715624,-1.2415965518421035,0.9304626952741895,1.3573497519559403,-0.2648718292852903,0.12247191114198147,-0.06011304259300232,0.17,1.15
1775609748.2660506,0.7433869350868516,-1.2000264426068463,1.1613604006224865,1.372450512792969,-0.26533652690163184,0.11597871538671647,0.015754520893096924,0.17,1.25
1775609748.3660843,0.7433869350868516,-1.2000264426068463,1.1613604006224865,1.3876367095286826,-0.2645048665768911,0.18052022661726896,0.0934801697731018,0.17,1.3
1775609748.4662108,0.7433869350868516,-1.2000264426068463,1.1613604006224865,1.4016664331721522,-0.262687161703816,0.17233966660733271,0.1568259596824646,0.17,1.35
1775609748.5660844,0.7433869350868516,-1.2000264426068463,1.1613604006224865,1.4127891138322135,-0.260368933026839,0.1108791301543526,0.24563086032867432,0.17,1.4000000000000001
1775609748.6661396,0.7851881112368575,-1.1568109083240339,1.4511434633082543,1.4266567734402202,-0.2564015949892386,0.11488905021727708,0.33021682500839233,0.17,1.4500000000000002
1775609748.7661188,0.7851881112368575,-1.1568109083240339,1.4511434633082543,1.4397312698093447,-0.2513403661931667,0.16658659594559133,0.40216451883316046,0.17,1.5000000000000002
1775609748.8661783,0.7851881112368575,-1.1568109083240339,1.4511434633082543,1.4491224756928005,-0.2467562775824776,0.10368035661426014,0.4983329772949219,0.17,1.5500000000000003
1775609748.9660952,0.7851881112368575,-1.1568109083240339,1.4511434633082543,1.4607961177818012,-0.23980197724523092,0.11047043183680656,0.5939757823944092,0.17,1.6000000000000003
1775609749.066095,0.8079236004409657,-1.0985710117044156,1.7698653395643813,1.4709893645674044,-0.23234999528327607,0.10350541832751381,0.686939239501953,0.17,1.6500000000000004
1775609749.166144,0.8079236004409657,-1.0985710117044156,1.7698653395643813,1.480517540438172,-0.22379556104434722,0.1571139301105029,0.7655922174453736,0.17,1.7500000000000004
1775609749.2661617,0.8079236004409657,-1.0985710117044156,1.7698653395643813,1.4871552977506757,-0.2166657149777894,0.09589747663303995,0.8686262369155884,0.17,1.8000000000000005
1775609749.3661578,0.8079236004409657,-1.0985710117044156,1.7698653395643813,1.4947519205169408,-0.20686763446521284,0.09580839206862671,0.9756863117218018,0.17,1.8500000000000005
1775609749.4661958,0.800598254682243,-1.0488941684300608,2.138143439426665,1.5009566369815734,-0.1968414494626001,0.09033353762618787,1.0826646089553833,0.17,1.9000000000000006
1775609749.5661776,0.800598254682243,-1.0488941684300608,2.138143439426665,1.5059589009154017,-0.18607968277238413,0.14636336222990856,1.1777915954589844,0.17,1.9500000000000006
1775609749.666191,0.7981954316613399,-1.050395337005049,2.3321421099701314,1.5090953689175006,-0.176964868456266,0.09579030455189964,1.2931671142578125,0.17,2.0000000000000004
1775609749.766137,0.7981954316613399,-1.050395337005049,2.3321421099701314,1.511668450485277,-0.1658745440395949,0.09415660256237232,1.412363052368164,0.17,2.0000000000000004
1775609749.8661535,0.7889367145973143,-1.0480252340503895,2.5224673794773436,1.5128760137202655,-0.1545776932253981,0.13323297587373337,1.5100649595260622,0.17,2.0000000000000004
1775609749.9661632,0.7889367145973143,-1.0480252340503895,2.5224673794773436,1.5127169757034218,-0.14359918026571114,0.13531829692405778,1.636223912239075,0.17,2.0000000000000004
1775609750.0661688,0.7801837551690912,-1.0491326520402076,2.749944565893987,1.5116077935740617,-0.1351200528932503,0.0860460838242294,1.752987265586853,0.17,2.0000000000000004
1775609750.1661484,0.7801837551690912,-1.0491326520402076,2.749944565893987,1.5092092467577098,-0.12487228005229066,0.08516239261608974,1.872408986091614,0.17,2.0000000000000004
1775609750.2661438,0.7676381112109891,-1.0363634975358686,2.98185494476623,1.5054494426351492,-0.11441970210947232,0.08559074469747693,1.970640778541565,0.17,2.0000000000000004
1775609750.3661554,0.7676381112109891,-1.0363634975358686,2.98185494476623,1.500522132837623,-0.1046920324549871,0.12760808223103803,2.087297558784485,0.0,0.0
1775609750.4661183,0.7449657031476105,-1.035542561019423,-3.0776996220544417,1.4952193067088932,-0.09654993428225771,0.11160693249069471,2.1813756227493286,0.0,0.0
1775609750.566114,0.7449657031476105,-1.035542561019423,-3.0776996220544417,1.493388448078971,-0.09400082350163018,0.02127577341967114,2.205863833427429,0.0,0.0
1775609750.6661603,0.7449657031476105,-1.035542561019423,-3.0776996220544417,1.4930127509417828,-0.09349166151839271,0.0010114346100496556,2.2072190046310425,0.0,0.0
1775609750.7661703,0.7449657031476105,-1.035542561019423,-3.0776996220544417,1.4929977085235093,-0.09347130576989725,0.0,2.2071937322616577,0.0,0.0
1775609750.8661478,0.7449657031476105,-1.035542561019423,-3.0776996220544417,1.4929977085235093,-0.09347130576989725,0.0,2.2071906328201294,0.0,0.0
1775609750.9661238,0.7449657031476105,-1.035542561019423,-3.0776996220544417,1.4929977085235093,-0.09347130576989725,0.0,2.2071887254714966,0.0,0.0
1775609751.066194,0.7449657031476105,-1.035542561019423,-3.0776996220544417,1.4929977085235093,-0.09347130576989725,0.0,2.207192063331604,0.0,0.05
1775609751.1661325,0.7449657031476105,-1.035542561019423,-3.0776996220544417,1.4930127509781816,-0.09349166149149474,-0.0005064145206782686,2.207232117652893,0.0,0.1
1775609751.2661738,0.7449657031476105,-1.035542561019423,-3.0776996220544417,1.492952488253955,-0.09341030737986997,0.0010090122306143675,2.210317015647888,0.0,0.15000000000000002
1775609751.3661199,0.7449657031476105,-1.035542561019423,-3.0776996220544417,1.4927555851615302,-0.09314668710542738,0.0030399095142251684,2.214809536933899,0.0,0.2
1775609751.466229,0.7449657031476105,-1.035542561019423,-3.0776996220544417,1.4926023104105037,-0.0929452689710339,0.002530295428626885,2.2277477979660034,0.0,0.25
1775609751.5661898,0.7449657031476105,-1.035542561019423,-3.0776996220544417,1.4925087148812117,-0.09282567780607379,0.0010135726292409277,2.248287796974182,0.0,0.3
1775609751.6664705,0.7449657031476105,-1.035542561019423,-3.0776996220544417,1.4924443607452442,-0.09274752291846718,0.0010116451695148902,2.2748571634292603,0.0,0.35000000000000003
1775609751.7661262,0.7449657031476105,-1.035542561019423,-3.0776996220544417,1.4923781633985322,-0.09267092175070794,0.0005064562185582653,2.2983816862106323,0.0,0.4
1775609751.8662064,0.7449657031476105,-1.035542561019423,-3.0776996220544417,1.4924131589730079,-0.09270750588707016,-0.0015160759812521138,2.3327008485794067,0.0,0.4
1775609751.966083,0.7449657031476105,-1.035542561019423,-3.0776996220544417,1.492431521910619,-0.09272493869653911,-0.0010107372592172194,2.3709856271743774,0.0,0.45
1775609752.0661263,0.7276230287151261,-1.0476119332949914,-2.833981654786349,1.4924681374082631,-0.092759893363031,0.0,2.4130574464797974,0.0,0.5
1775609752.166149,0.7276230287151261,-1.0476119332949914,-2.833981654786349,1.4924288559908538,-0.09272794638733843,0.0015119236445825664,2.4612451791763306,0.0,0.5
1775609752.2661355,0.7276230287151261,-1.0476119332949914,-2.833981654786349,1.4924691789653473,-0.09275854999995661,-0.0010097533650450584,2.5018316507339478,0.0,0.5
1775609752.3661537,0.7276230287151261,-1.0476119332949914,-2.833981654786349,1.4925523434944723,-0.09281627872209426,-0.0015121039632323087,2.550739884376526,0.0,0.5
1775609752.4661088,0.7276230287151261,-1.0476119332949914,-2.833981654786349,1.4925516367901903,-0.0928173878802081,0.0010092867559643628,2.602702260017395,0.0,0.45
1775609752.5661223,0.7276230287151261,-1.0476119332949914,-2.833981654786349,1.492529797207386,-0.0928045947778919,-1.4993678272427796e-13,2.650683045387268,0.0,0.4
1775609752.6661763,0.7276230287151261,-1.0476119332949914,-2.833981654786349,1.4924847330003919,-0.09278153975888905,0.000505380728481293,2.6866105794906616,0.0,0.35000000000000003
1775609752.766148,0.7232977842501465,-1.0657234497727315,-2.537729853668562,1.492461854193784,-0.092770714277259,1.49737304730342e-13,2.7264679670333862,0.0,0.30000000000000004
1775609752.8661597,0.7232977842501465,-1.0657234497727315,-2.537729853668562,1.4924385883668143,-0.09276074772623265,0.0,2.7611125707626343,0.0,0.25000000000000006
1775609752.9661593,0.7232977842501465,-1.0657234497727315,-2.537729853668562,1.492391483883671,-0.09274220881999969,0.0,2.7895485798465174,0.0,0.20000000000000007
1775609753.0661764,0.7232977842501465,-1.0657234497727315,-2.537729853668562,1.4923199842048047,-0.09271664824800298,0.0005054937525690355,2.809746925030844,0.0,0.20000000000000004
1775609753.1662672,0.7232977842501465,-1.0657234497727315,-2.537729853668562,1.4923680443939882,-0.09273254362526064,-0.0005056341694358123,2.8318967262851165,0.0,0.20000000000000004
1775609753.2660978,0.7232977842501465,-1.0657234497727315,-2.537729853668562,1.4924405360446784,-0.09275513801148402,-0.000505577367050394,2.8521882931338713,0.0,0.20000000000000004
1775609753.366178,0.7232977842501465,-1.0657234497727315,-2.537729853668562,1.4924162468844773,-0.09274801989792321,0.0,2.873507920895712,0.0,0.20000000000000004
1775609753.4661834,0.7232977842501465,-1.0657234497727315,-2.537729853668562,1.4923428414990672,-0.09272859714345115,0.001011513572209353,2.8896631638156336,0.0,0.20000000000000004
1775609753.5660884,0.7236182542263366,-1.0741557684706673,-2.3227953473181655,1.492318289834685,-0.0927224451827572,0.0,2.909994546567099,0.0,0.15000000000000002
1775609753.6661012,0.7236182542263366,-1.0741557684706673,-2.3227953473181655,1.4922935832662296,-0.09271694824550976,0.0005057157387684729,2.927626554165976,0.0,0.10000000000000003
1775609753.766155,0.7236182542263366,-1.0741557684706673,-2.3227953473181655,1.4922935832662296,-0.09271694824550976,0.0,2.937392656003134,0.0,0.05000000000000003
1775609753.8661494,0.7236182542263366,-1.0741557684706673,-2.3227953473181655,1.492268758729496,-0.09271201132133737,0.0005079782303421716,2.9469029347049163,0.0,2.7755575615628914e-17
1775609753.966178,0.7236182542263366,-1.0741557684706673,-2.3227953473181655,1.492268758729496,-0.09271201132133737,0.0,2.9509629646884368,0.0,-0.049999999999999975
1775609754.0661943,0.7236182542263366,-1.0741557684706673,-2.3227953473181655,1.492268756830621,-0.0927120211908501,0.00050690949086153,2.951757136975424,0.0,-0.09999999999999998
1775609754.1661952,0.7236182542263366,-1.0741557684706673,-2.3227953473181655,1.492268756830621,-0.0927120211908501,0.0,2.9517251888858245,0.0,-0.14999999999999997
1775609754.2661152,0.7236182542263366,-1.0741557684706673,-2.3227953473181655,1.4922936103674131,-0.09271680998540006,-0.0005066272871753409,2.950920764599936,0.0,-0.19999999999999996
1775609754.366224,0.7236182542263366,-1.0741557684706673,-2.3227953473181655,1.4923433010615077,-0.09272647219513279,0.0,2.9446408192264006,0.0,-0.24999999999999994
1775609754.4661236,0.7236182542263366,-1.0741557684706673,-2.3227953473181655,1.4924176333474668,-0.09274197345563392,-0.0010125705509618345,2.926990930234091,0.0,-0.29999999999999993
1775609754.5661354,0.7236182542263366,-1.0741557684706673,-2.3227953473181655,1.4924423353170446,-0.0927474910224593,-1.5015682117872718e-13,2.906789008771078,0.0,-0.3
1775609754.6661294,0.7236182542263366,-1.0741557684706673,-2.3227953473181655,1.4924423353170373,-0.0927474910224575,0.0,2.877258483563559,0.0,-0.3
1775609754.766204,0.7236182542263366,-1.0741557684706673,-2.3227953473181655,1.4925395841461113,-0.0927756392312904,-0.001518996657260058,2.8470968643771575,0.0,-0.3
1775609754.8661697,0.7236182542263366,-1.0741557684706673,-2.3227953473181655,1.492563761585293,-0.09278312804153928,0.0,2.8232724110232756,0.0,-0.3
1775609754.9661746,0.7236182542263366,-1.0741557684706673,-2.3227953473181655,1.4925399237186916,-0.09277461998889262,0.0005065813431198282,2.7927903572665618,0.0,-0.3
1775609755.0661337,0.7236182542263366,-1.0741557684706673,-2.3227953473181655,1.4925873824968543,-0.09279223213676253,0.0,2.761562943458557,0.0,-0.3
1775609755.166095,0.7236182542263366,-1.0741557684706673,-2.3227953473181655,1.49249390238351,-0.09275336089161319,0.0010162103381236515,2.731261134147644,0.0,-0.3
1775609755.2661774,0.7236182542263366,-1.0741557684706673,-2.3227953473181655,1.4924937757702506,-0.09275364220432185,-0.0005064129400431738,2.706884503364563,0.0,-0.3
1775609755.366149,0.7236182542263366,-1.0741557684706673,-2.3227953473181655,1.4925389773976616,-0.09277644090110652,-0.0015226979537006416,2.676474452018738,0.0,-0.3
1775609755.4660935,0.7236182542263366,-1.0741557684706673,-2.3227953473181655,1.4926064642323031,-0.09281123904715521,-0.0005062858021676162,2.646189570426941,0.0,-0.3
1775609755.5661294,0.71810908946019,-1.075863112335058,-2.557719180800298,1.4925401870610833,-0.0927741875428789,0.0010130676524638706,2.621188998222351,0.0,-0.3
1775609755.6661315,0.71810908946019,-1.075863112335058,-2.557719180800298,1.492409940179992,-0.09269610289741294,0.002024459815405571,2.5899728536605835,0.0,-0.3
1775609755.7661304,0.71810908946019,-1.075863112335058,-2.557719180800298,1.4924526858118166,-0.09272321723360134,-0.0005064936967766499,2.559665322303772,0.0,-0.3
1775609755.866064,0.71810908946019,-1.075863112335058,-2.557719180800298,1.4924945819236093,-0.0927516265843479,-0.0005068830562589484,2.529267907142639,0.0,-0.3
1775609755.9662042,0.71810908946019,-1.075863112335058,-2.557719180800298,1.4925148326273592,-0.09276681668848274,-0.0010140146510642975,2.504316210746765,0.0,-0.25
1775609756.066125,0.71810908946019,-1.075863112335058,-2.557719180800298,1.4925148326273592,-0.09276681668848283,-1.504706446791709e-13,2.476725220680237,0.0,-0.2
1775609756.1661084,0.71810908946019,-1.075863112335058,-2.557719180800298,1.4924358933017632,-0.09270342701038252,0.0010146762816847371,2.4509655237197876,0.0,-0.19999999999999998
1775609756.266136,0.71810908946019,-1.075863112335058,-2.557719180800298,1.4923972953585978,-0.09267067457291712,0.0010131098650344626,2.433146119117737,0.0,-0.19999999999999998
1775609756.366184,0.7095263868731781,-1.0887991420234528,-2.7590227522817856,1.492492185283563,-0.09275440871561247,-0.0020260592796613472,2.412746548652649,0.0,-0.19999999999999998
1775609756.4661276,0.7095263868731781,-1.0887991420234528,-2.7590227522817856,1.4924734080393165,-0.0927374367993257,-1.5019125969432628e-13,2.3916462659835815,0.0,-0.19999999999999998
1775609756.5661008,0.7095263868731781,-1.0887991420234528,-2.7590227522817856,1.4925470825111335,-0.0928068773694876,-0.0005067403420190527,2.372675061225891,0.0,-0.19999999999999998
1775609756.666145,0.7095263868731781,-1.0887991420234528,-2.7590227522817856,1.4926011161836035,-0.0928602248018673,-0.001012687634198551,2.3557926416397095,0.0,-0.19999999999999998
1775609756.7661579,0.7095263868731781,-1.0887991420234528,-2.7590227522817856,1.4926186911759074,-0.09287843882091412,-0.0005065053121488509,2.3336533308029175,0.005,-0.19999999999999998
1775609756.8661036,0.7095263868731781,-1.0887991420234528,-2.7590227522817856,1.4926012745864417,-0.0928600732755827,-1.5005344128403032e-13,2.313665509223938,0.01,-0.19999999999999998
1775609756.9661286,0.7095263868731781,-1.0887991420234528,-2.7590227522817856,1.4925163693930619,-0.09276622977799831,0.0010125146321514674,2.296681046485901,0.015,-0.19999999999999998
1775609757.0661473,0.7095263868731781,-1.0887991420234528,-2.7590227522817856,1.492235558231782,-0.09244021675273296,0.0070856240892919154,2.2758709192276,0.025,-0.19999999999999998
1775609757.1660838,0.7095263868731781,-1.0887991420234528,-2.7590227522817856,1.4917322689301662,-0.09183827699016936,0.008098168307265875,2.256353259086609,0.03,-0.19999999999999998
1775609757.2661827,0.7095263868731781,-1.0887991420234528,-2.7590227522817856,1.4907960073415123,-0.09067491574996835,0.013152633110177983,2.239115595817566,0.034999999999999996,-0.19999999999999998
1775609757.3661451,0.7095263868731781,-1.0887991420234528,-2.7590227522817856,1.489566776234517,-0.08906591789550902,0.02584804284615316,2.2136017084121704,0.039999999999999994,-0.19999999999999998
1775609757.4662292,0.7095263868731781,-1.0887991420234528,-2.7590227522817856,1.4879464212014513,-0.08683308847275906,0.03445385269479049,2.1895922422409058,0.04499999999999999,-0.19999999999999998
1775609757.566112,0.7022166351340485,-1.088386481198395,-3.0018679351653246,1.4864699776211334,-0.08471529513908567,0.027359470959402596,2.168251872062683,0.04999999999999999,-0.19999999999999998
1775609757.6661503,0.7022166351340485,-1.088386481198395,-3.0018679351653246,1.4843451088464823,-0.08153855235463013,0.030365000396795284,2.1509474515914917,0.054999999999999986,-0.19999999999999998
1775609757.7662039,0.7022166351340485,-1.088386481198395,-3.0018679351653246,1.4818583102750975,-0.07763095437708246,0.057640497832262515,2.1291738748550415,0.06499999999999999,-0.19999999999999998
1775609757.8661518,0.7022166351340485,-1.088386481198395,-3.0018679351653246,1.4798257409394289,-0.07430508365994354,0.04046260623650306,2.1074615716934204,0.06999999999999999,-0.19999999999999998
1775609757.966182,0.7022166351340485,-1.088386481198395,-3.0018679351653246,1.476989248676034,-0.06945465678335766,0.048632214835129306,2.0910578966140747,0.07,-0.19999999999999998
1775609758.066112,0.7022166351340485,-1.088386481198395,-3.0018679351653246,1.4739418342998347,-0.0639670871824684,0.07592325350957664,2.0684348344802856,0.07,-0.19999999999999998
1775609758.1662173,0.7022166351340485,-1.088386481198395,-3.0018679351653246,1.470822752341373,-0.058057797973543754,0.08315353881457614,2.048573613166809,0.07500000000000001,-0.19999999999999998
1775609758.2661648,0.7022166351340485,-1.088386481198395,-3.0018679351653246,1.4683194947634348,-0.053112278129909915,0.05528075531024451,2.027772307395935,0.08,-0.19999999999999998
1775609758.3661354,0.7022166351340485,-1.088386481198395,-3.0018679351653246,1.4650684198499186,-0.04636256216593427,0.06289837331480964,2.0078307390213013,0.085,-0.19999999999999998
1775609758.4661562,0.7022166351340485,-1.088386481198395,-3.0018679351653246,1.461778899668522,-0.03918345495431684,0.06377799066687251,1.991140961647034,0.09,-0.19999999999999998
1775609758.5661886,0.6471534876060647,-1.0916211978287738,3.073896778160117,1.4584503204980994,-0.031495341444525246,0.0988895395409226,1.9715672731399536,0.095,-0.19999999999999998
1775609758.6660788,0.6471534876060647,-1.0916211978287738,3.073896778160117,1.4557103760647363,-0.024904634062056626,0.07382896614737977,1.9556277990341187,0.09999999999999999,-0.19999999999999998
1775609758.766109,0.6471534876060647,-1.0916211978287738,3.073896778160117,1.4523083613083019,-0.016342729915213135,0.07591297456686265,1.9408856630325317,0.09999999999999999,-0.19999999999999998
1775609758.8661494,0.6471534876060647,-1.0916211978287738,3.073896778160117,1.44872352224449,-0.006766322389951668,0.1251407247588083,1.9206162691116335,0.09999999999999999,-0.19999999999999998
1775609758.9661803,0.6471534876060647,-1.0916211978287738,3.073896778160117,1.4459635472718395,0.0010364141763331055,0.08565287251840169,1.8997849225997923,0.09999999999999999,-0.14999999999999997
1775609759.066153,0.6471534876060647,-1.0916211978287738,3.073896778160117,1.4425777067844185,0.011193269614069697,0.08501142029187712,1.883534550666809,0.09999999999999999,-0.09999999999999998
1775609759.1661344,0.6471534876060647,-1.0916211978287738,3.073896778160117,1.4394841500074909,0.021125244259621513,0.12414698440387821,1.8669620752334595,0.09999999999999999,-0.09999999999999998
1775609759.2661393,0.6471534876060647,-1.0916211978287738,3.073896778160117,1.43704066833472,0.029297429624293488,0.08601374478814014,1.8555899858474734,0.09999999999999999,-0.09999999999999998
1775609759.366192,0.6471534876060647,-1.0916211978287738,3.073896778160117,1.433986671743114,0.039849181046930506,0.08856255515941291,1.8490549325942993,0.09999999999999999,-0.09999999999999998
1775609759.466171,0.6471534876060647,-1.0916211978287738,3.073896778160117,1.4310775935185416,0.05023166145882555,0.13105647931244158,1.8406664133071897,0.09999999999999999,-0.09999999999999998
1775609759.5662272,0.6471534876060647,-1.0916211978287738,3.073896778160117,1.4288070904801844,0.058558590167435275,0.08520887909004922,1.833058476448059,0.09999999999999999,-0.049999999999999975
1775609759.6661596,0.6471534876060647,-1.0916211978287738,3.073896778160117,1.4260584551542166,0.06893234353056034,0.08560716167037793,1.826513648033142,0.09999999999999999,2.7755575615628914e-17
1775609759.7661529,0.6471534876060647,-1.0916211978287738,3.073896778160117,1.4233798541628966,0.07937666602482032,0.13078605901440168,1.8194390535354614,0.09999999999999999,2.7755575615628914e-17
1775609759.8661766,0.6471534876060647,-1.0916211978287738,3.073896778160117,1.4213193385195804,0.08754937371757754,0.08617164680806015,1.816515564918518,0.09999999999999999,2.7755575615628914e-17
1775609759.9661105,0.6471534876060647,-1.0916211978287738,3.073896778160117,1.4188438732223014,0.09744463943505295,0.07972849862506222,1.815853476524353,0.09999999999999999,2.7755575615628914e-17
1775609760.0661118,0.6471534876060647,-1.0916211978287738,3.073896778160117,1.416240326622095,0.10780357848495804,0.1255035716645216,1.8179408311843874,0.09999999999999999,2.7755575615628914e-17
1775609760.1661513,0.6471534876060647,-1.0916211978287738,3.073896778160117,1.4141385219948748,0.11614859749689795,0.08506142032553793,1.817585587501526,0.09999999999999999,2.7755575615628914e-17
1775609760.2661002,0.6471534876060647,-1.0916211978287738,3.073896778160117,1.4115612043481325,0.12635753685238266,0.0857410411976694,1.8181785345077517,0.09999999999999999,2.7755575615628914e-17
1775609760.3661504,0.6471534876060647,-1.0916211978287738,3.073896778160117,1.4090499795369738,0.13634821228502617,0.0822413241063529,1.8167456388473509,0.09999999999999999,2.7755575615628914e-17
1775609760.4661858,0.6471534876060647,-1.0916211978287738,3.073896778160117,1.4065731086928213,0.14626921360220263,0.11823188128582265,1.8140159845352173,0.09999999999999999,0.05000000000000003
1775609760.5661986,0.6471534876060647,-1.0916211978287738,3.073896778160117,1.4039743734209664,0.15673371050070736,0.12990040936978242,1.8146415948867798,0.09999999999999999,0.10000000000000003
1775609760.6661448,0.6471534876060647,-1.0916211978287738,3.073896778160117,1.40193767979271,0.1648602056391773,0.08615619038136027,1.8196905851364136,0.09999999999999999,0.15000000000000002
1775609760.766102,0.6471534876060647,-1.0916211978287738,3.073896778160117,1.3992740182840566,0.17520383440742948,0.0836805677631422,1.8269156217575075,0.09999999999999999,0.2
1775609760.8661697,0.6471534876060647,-1.0916211978287738,3.073896778160117,1.396540272684203,0.18529328294125563,0.12455162642915162,1.841636061668396,0.09999999999999999,0.25
1775609760.9661064,0.6471534876060647,-1.0916211978287738,3.073896778160117,1.3936881966711006,0.19513923298087213,0.12368591579125152,1.8611851930618284,0.09999999999999999,0.3
1775609761.0661464,0.6471534876060647,-1.0916211978287738,3.073896778160117,1.391236285517171,0.20307066813847724,0.08067729351658832,1.8832582235336304,0.09999999999999999,0.35000000000000003
1775609761.1661806,0.6471534876060647,-1.0916211978287738,3.073896778160117,1.387897553549176,0.21302966795422965,0.08308332452996615,1.9073883295059204,0.09999999999999999,0.4
1775609761.2661493,0.6471534876060647,-1.0916211978287738,3.073896778160117,1.3841847317925755,0.2229091482365476,0.1295696124706856,1.9452868700027466,0.09999999999999999,0.4
1775609761.3661578,0.39194813614754326,-1.0362674217353687,3.050392517749737,1.380047366082672,0.23270088001282963,0.1306458262366122,1.9866904020309448,0.09999999999999999,0.4
1775609761.466086,0.39194813614754326,-1.0362674217353687,3.050392517749737,1.376524259230485,0.24027350920625218,0.08616104170127244,2.0287448167800903,0.09999999999999999,0.4
1775609761.5662315,0.39194813614754326,-1.0362674217353687,3.050392517749737,1.3718414078621277,0.24944873089411052,0.07905759502662359,2.059853434562683,0.09999999999999999,0.4
1775609761.6661708,0.39194813614754326,-1.0362674217353687,3.050392517749737,1.366728872457547,0.25853693053459115,0.12721092732045663,2.0988677740097046,0.09999999999999999,0.4
1775609761.76615,0.39194813614754326,-1.0362674217353687,3.050392517749737,1.3611612762599292,0.26753266456105335,0.12935664354427306,2.1417230367660522,0.09999999999999999,0.4
1775609761.8661008,0.39194813614754326,-1.0362674217353687,3.050392517749737,1.3565582079421459,0.2744106458022572,0.08369716390675562,2.1825960874557495,0.09999999999999999,0.4
1775609761.9661396,0.3294339044398417,-1.0321065584623996,-3.0047674763806143,1.3504434483039855,0.2828572946300464,0.08187815044731432,2.2156349420547485,0.09999999999999999,0.4
1775609762.066156,0.3294339044398417,-1.0321065584623996,-3.0047674763806143,1.3440286457889028,0.2909816922256302,0.12213066244489786,2.2545915842056274,0.09999999999999999,0.4
1775609762.166156,0.3294339044398417,-1.0321065584623996,-3.0047674763806143,1.3372580610094915,0.29887875832883765,0.12438120793814376,2.2966681718826294,0.09999999999999999,0.4
1775609762.2661133,0.3294339044398417,-1.0321065584623996,-3.0047674763806143,1.3314466288211966,0.30519076022162545,0.08423747810796532,2.3379164934158325,0.09999999999999999,0.35000000000000003
1775609762.3661652,0.3294339044398417,-1.0321065584623996,-3.0047674763806143,1.3240720695280743,0.31259888745618525,0.08925647693528446,2.370947480201721,0.09999999999999999,0.30000000000000004
1775609762.466171,0.3294339044398417,-1.0321065584623996,-3.0047674763806143,1.3163748808596747,0.3197457195055016,0.12398848208522922,2.407114863395691,0.09999999999999999,0.25000000000000006
1775609762.566155,0.26622082625731797,-1.0430148653772322,-2.7820857252222857,1.3087471867701121,0.32640262510895485,0.12307258212925774,2.4352182149887085,0.09999999999999999,0.20000000000000007
1775609762.6661067,0.26622082625731797,-1.0430148653772322,-2.7820857252222857,1.3007694639696794,0.3329993803163611,0.12322257846270383,2.4604958295822144,0.09999999999999999,0.20000000000000004
1775609762.766194,0.26622082625731797,-1.0430148653772322,-2.7820857252222857,1.2944083329687837,0.33805362281820284,0.08122735623796337,2.481887698173523,0.09999999999999999,0.20000000000000004
1775609762.8661067,0.26622082625731797,-1.0430148653772322,-2.7820857252222857,1.2860546931490464,0.34442125417479463,0.08675781143208934,2.5016878843307495,0.09999999999999999,0.20000000000000004
1775609762.96611,0.26622082625731797,-1.0430148653772322,-2.7820857252222857,1.2777055152141827,0.3505413000193079,0.08160902353802425,2.517677426338196,0.09999999999999999,0.20000000000000004
1775609763.0660927,0.26622082625731797,-1.0430148653772322,-2.7820857252222857,1.2691132533580254,0.35658311832086365,0.12353257681273765,2.535467743873596,0.09999999999999999,0.20000000000000004
1775609763.1660898,0.26622082625731797,-1.0430148653772322,-2.7820857252222857,1.262267783786823,0.3612349758608139,0.08421206644852629,2.555879235267639,0.09999999999999999,0.15000000000000002
1775609763.2661636,0.26622082625731797,-1.0430148653772322,-2.7820857252222857,1.253405232261843,0.367013041850283,0.08261607955276284,2.576083779335022,0.09999999999999999,0.10000000000000003
1775609763.3661377,0.26622082625731797,-1.0430148653772322,-2.7820857252222857,1.2444389896112469,0.37262898990764237,0.08536095554740619,2.5894612073898315,0.09999999999999999,0.10000000000000003
1775609763.4661334,0.26622082625731797,-1.0430148653772322,-2.7820857252222857,1.2354090455050257,0.3780932058444481,0.127644260926886,2.6023746728897095,0.09999999999999999,0.10000000000000003
1775609763.5661368,0.26622082625731797,-1.0430148653772322,-2.7820857252222857,1.227894037233081,0.382540149708228,0.08723502231726057,2.6118422746658325,0.09999999999999999,0.10000000000000003
1775609763.6661532,0.26622082625731797,-1.0430148653772322,-2.7820857252222857,1.219119274649393,0.38764085230153333,0.07954123078289711,2.62045419216156,0.09999999999999999,0.10000000000000003
1775609763.7661226,0.1828846587687947,-1.0906366735842261,-2.571243669821284,1.210099800098392,0.39277297288270935,0.08564813906268262,2.6288706064224243,0.09999999999999999,0.10000000000000003
1775609763.8661933,0.1828846587687947,-1.0906366735842261,-2.571243669821284,1.2007968118945493,0.3979169581799353,0.1253405237448143,2.6415868997573853,0.09999999999999999,0.10000000000000003
1775609763.9661007,0.1828846587687947,-1.0906366735842261,-2.571243669821284,1.1933550722345696,0.40192769360129726,0.08130932528710541,2.6543530225753784,0.09999999999999999,0.10000000000000003
1775609764.0661569,0.1828846587687947,-1.0906366735842261,-2.571243669821284,1.1837411050630224,0.4069748167848332,0.08711573737845008,2.662956118583679,0.09999999999999999,0.10000000000000003
1775609764.1661236,0.1828846587687947,-1.0906366735842261,-2.571243669821284,1.174254066182192,0.41182677850936694,0.12308161328860717,2.6724389791488647,0.09999999999999999,0.10000000000000003
1775609764.2661688,0.1828846587687947,-1.0906366735842261,-2.571243669821284,1.1668115109567079,0.41556182867432345,0.08508402670119365,2.680693745613098,0.09999999999999999,0.05000000000000003
1775609764.3661408,0.1828846587687947,-1.0906366735842261,-2.571243669821284,1.157434424600918,0.4201815207219224,0.08059238846135978,2.689120650291443,0.09999999999999999,2.7755575615628914e-17
1775609764.4662046,0.1828846587687947,-1.0906366735842261,-2.571243669821284,1.1479555316431467,0.42476578801906273,0.0865515172355488,2.692843794822693,0.09999999999999999,2.7755575615628914e-17
1775609764.5662649,0.1828846587687947,-1.0906366735842261,-2.571243669821284,1.1384849901116192,0.4293090751064968,0.1278387238598998,2.6950749158859253,0.09999999999999999,2.7755575615628914e-17
1775609764.6661534,0.1828846587687947,-1.0906366735842261,-2.571243669821284,1.1308804351387853,0.4329435842341003,0.08660807549403099,2.6954845190048218,0.09999999999999999,2.7755575615628914e-17
1775609764.7661955,0.1828846587687947,-1.0906366735842261,-2.571243669821284,1.1214515345150373,0.437456630955369,0.08562411798180602,2.6946340799331665,0.09999999999999999,2.7755575615628914e-17
1775609764.8662071,0.1828846587687947,-1.0906366735842261,-2.571243669821284,1.1120272132338886,0.44197923224242675,0.1235838214796389,2.693503260612488,0.09999999999999999,2.7755575615628914e-17
1775609764.966135,0.1828846587687947,-1.0906366735842261,-2.571243669821284,1.1027008492298005,0.4464719251406462,0.1277957126375393,2.6920584440231323,0.09999999999999999,2.7755575615628914e-17
1775609765.0661643,0.1828846587687947,-1.0906366735842261,-2.571243669821284,1.095017053205233,0.45017531309398673,0.08245543371924241,2.6924396753311157,0.09999999999999999,2.7755575615628914e-17
1775609765.1662102,0.1828846587687947,-1.0906366735842261,-2.571243669821284,1.0855080231895387,0.4547553791304505,0.08687362901767177,2.692574143409729,0.09999999999999999,2.7755575615628914e-17
1775609765.2661428,0.1828846587687947,-1.0906366735842261,-2.571243669821284,1.0760668339817183,0.45930131250385375,0.12718148285871775,2.692777991294861,0.09999999999999999,2.7755575615628914e-17
1775609765.3661892,0.1828846587687947,-1.0906366735842261,-2.571243669821284,1.0668328063886656,0.46375240287383585,0.1221088911149801,2.6920734643936157,0.09999999999999999,2.7755575615628914e-17
1775609765.4661655,0.1828846587687947,-1.0906366735842261,-2.571243669821284,1.0576235442627828,0.4681965782681792,0.12251325107685024,2.692015290260315,0.09999999999999999,2.7755575615628914e-17
1775609765.5661924,0.1828846587687947,-1.0906366735842261,-2.571243669821284,1.0501263727476584,0.47182079245668757,0.08004978240360637,2.690217137336731,0.09999999999999999,-0.049999999999999975
1775609765.6661456,0.1828846587687947,-1.0906366735842261,-2.571243669821284,1.040449623986687,0.4765191401549856,0.08820961291831553,2.689111590385437,0.09999999999999999,-0.09999999999999998
1775609765.76614,0.1828846587687947,-1.0906366735842261,-2.571243669821284,1.0308957805295396,0.48118082525592987,0.12968509639722856,2.6864362955093384,0.09999999999999999,-0.14999999999999997
1775609765.866103,0.1828846587687947,-1.0906366735842261,-2.571243669821284,1.023135646575696,0.48501629105131433,0.0859101677924558,2.6788543462753296,0.09999999999999999,-0.19999999999999996
1775609765.966127,0.1828846587687947,-1.0906366735842261,-2.571243669821284,1.0136672142253151,0.4897930599358369,0.0855452028420851,2.66624915599823,0.09999999999999999,-0.24999999999999994
1775609766.0660727,0.1828846587687947,-1.0906366735842261,-2.571243669821284,1.0042128207952392,0.4947628425608757,0.15685217997667406,2.650027871131897,0.09999999999999999,-0.3499999999999999
1775609766.1661103,0.1828846587687947,-1.0906366735842261,-2.571243669821284,0.9970166557775931,0.4987476628633379,0.08459502927086136,2.6231664419174194,0.09999999999999999,-0.3499999999999999
1775609766.2661839,0.1828846587687947,-1.0906366735842261,-2.571243669821284,0.9877847559900382,0.5041691195007103,0.0853941577247784,2.5906461477279663,0.09999999999999999,-0.3999999999999999
1775609766.3661458,0.1828846587687947,-1.0906366735842261,-2.571243669821284,0.9790136362851968,0.5097617464665242,0.12242232094638776,2.560416579246521,0.09999999999999999,-0.45
1775609766.4661682,0.1828846587687947,-1.0906366735842261,-2.571243669821284,0.9719246870299955,0.5146399173092695,0.08637941091664447,2.5210479497909546,0.09999999999999999,-0.55
1775609766.5660903,0.1828846587687947,-1.0906366735842261,-2.571243669821284,0.9634442197454844,0.521006749802213,0.0876680010848581,2.4742757081985474,0.09999999999999999,-0.6
1775609766.666137,0.1828846587687947,-1.0906366735842261,-2.571243669821284,0.9552491808815217,0.5277367541773645,0.08406192090848906,2.422298789024353,0.09999999999999999,-0.6
1775609766.766124,-0.05184043961917122,-1.2535770270799345,-2.7791919946664843,0.9475988134499179,0.5347847327631179,0.12461420680381208,2.376092314720154,0.09999999999999999,-0.6
1775609766.8660963,-0.05184043961917122,-1.2535770270799345,-2.7791919946664843,0.941783261341636,0.5407786391067497,0.082081495272496,2.313383460044861,0.09999999999999999,-0.6
1775609766.9660988,-0.05184043961917122,-1.2535770270799345,-2.7791919946664843,0.9349301100757215,0.5486369049174545,0.08554447739283495,2.2514601945877075,0.09999999999999999,-0.6
1775609767.0660965,-0.05184043961917122,-1.2535770270799345,-2.7791919946664843,0.92868328477573,0.5566996250019665,0.07790422114055685,2.203827738761902,0.09999999999999999,-0.6
1775609767.166065,-0.09399187952974243,-1.2604561572022317,-2.9935474134918802,0.9226762110000793,0.5655300218036746,0.12593684955076773,2.143316149711609,0.09999999999999999,-0.6
1775609767.2661183,-0.09399187952974243,-1.2604561572022317,-2.9935474134918802,0.9182394150941354,0.5728434347875052,0.08598903689368081,2.0822376012802124,0.09999999999999999,-0.6
1775609767.3660755,-0.09399187952974243,-1.2604561572022317,-2.9935474134918802,0.9131823085753538,0.5823367277259329,0.08707952411755711,2.0328346490859985,0.09999999999999999,-0.6
1775609767.4661663,-0.09399187952974243,-1.2604561572022317,-2.9935474134918802,0.9088258202316413,0.5919212486915452,0.12493818093484585,1.9742058515548706,0.09999999999999999,-0.6
1775609767.5661156,-0.14371950298124525,-1.2773077089712914,3.079324147904637,0.905680540875454,0.5998489490987808,0.08704878165186138,1.9175509214401247,0.09999999999999999,-0.6
1775609767.6660893,-0.14371950298124525,-1.2773077089712914,3.079324147904637,0.902434243575901,0.6095443548285732,0.08299853237293653,1.8586539030075073,0.09999999999999999,-0.6
1775609767.766096,-0.14371950298124525,-1.2773077089712914,3.079324147904637,0.8995950787510536,0.6199454811676537,0.08457034506200052,1.8123730421066284,0.09999999999999999,-0.6
1775609767.8660862,-0.14371950298124525,-1.2773077089712914,3.079324147904637,0.8977613528672653,0.6283524496234177,0.08445602178973105,1.7513018846511843,0.09999999999999999,-0.6
1775609767.966073,-0.21078241833794514,-1.2593359512174962,2.849677635584825,0.8960522934887413,0.6390998659755006,0.08593501230206674,1.6921097040176392,0.09999999999999999,-0.6
1775609768.0660675,-0.21078241833794514,-1.2593359512174962,2.849677635584825,0.8950054568172794,0.6496524979597261,0.08651754785406551,1.643750786781311,0.09999999999999999,-0.6
1775609768.1661315,-0.21078241833794514,-1.2593359512174962,2.849677635584825,0.8946191500867523,0.6603507568050596,0.12962483143355596,1.5827685594558716,0.09999999999999999,-0.6
1775609768.2660751,-0.21078241833794514,-1.2593359512174962,2.849677635584825,0.8947553871545804,0.6686758739397827,0.08540357079522203,1.5212516784667967,0.09999999999999999,-0.6
1775609768.3660805,-0.2293555663196903,-1.2480730203146695,2.6286604326754635,0.8955048017777357,0.6791523119907708,0.08640222457711348,1.4734468460083006,0.09999999999999999,-0.6
1775609768.466079,-0.2293555663196903,-1.2480730203146695,2.6286604326754635,0.8969201688276401,0.6895848404923735,0.12876910884768336,1.412907600402832,0.09999999999999999,-0.6
1775609768.5660973,-0.2293555663196903,-1.2480730203146695,2.6286604326754635,0.8984526115741812,0.6977430827432828,0.084498056103765,1.3513214588165283,0.09999999999999999,-0.6
1775609768.6660998,-0.2293555663196903,-1.2480730203146695,2.6286604326754635,0.900977024970889,0.7078858298498768,0.08651826731154519,1.2914185523986814,0.09999999999999999,-0.6
1775609768.7661023,-0.2603880991148636,-1.2279323242967315,2.3965274630786246,0.904106362593776,0.7179385081915151,0.08606598507345076,1.2426706552505495,0.09999999999999999,-0.5499999999999999
1775609768.8661978,-0.2603880991148636,-1.2279323242967315,2.3965274630786246,0.9079038575744237,0.7278934756288251,0.13194238075910844,1.1831322908401491,0.09999999999999999,-0.5
1775609768.9661088,-0.2603880991148636,-1.2279323242967315,2.3965274630786246,0.9113612202025102,0.7357731624723512,0.08806400373302924,1.1279131174087524,0.09999999999999999,-0.45
1775609769.0660417,-0.2603880991148636,-1.2279323242967315,2.3965274630786246,0.9159169708799417,0.7448702571134845,0.08079109884937312,1.0763109922409058,0.09999999999999999,-0.4
1775609769.1661549,-0.2913103334981698,-1.187697704605669,2.1834591078121655,0.9210680252994715,0.7540529775284481,0.08098876849386215,1.0386675596237183,0.09999999999999999,-0.35000000000000003
1775609769.266162,-0.2913103334981698,-1.187697704605669,2.1834591078121655,0.9266050166327874,0.7629187313829034,0.12740390851643965,0.9958759546279907,0.09999999999999999,-0.30000000000000004
1775609769.3661947,-0.2913103334981698,-1.187697704605669,2.1834591078121655,0.9324244517331215,0.7714797428498478,0.1240552725606988,0.9592632055282592,0.09999999999999999,-0.25000000000000006
1775609769.466143,-0.2913103334981698,-1.187697704605669,2.1834591078121655,0.9373251884272327,0.7782430830171213,0.08455871543975478,0.9263989925384521,0.09999999999999999,-0.20000000000000007
1775609769.5661232,-0.2913103334981698,-1.187697704605669,2.1834591078121655,0.9437419787804523,0.7865909072950809,0.08549469711406256,0.903056263923645,0.09999999999999999,-0.20000000000000004
1775609769.6661685,-0.2913103334981698,-1.187697704605669,2.1834591078121655,0.9504798381263104,0.79487844341262,0.12753804832212237,0.8786115646362305,0.09999999999999999,-0.15000000000000002
1775609769.766119,-0.2913103334981698,-1.187697704605669,2.1834591078121655,0.9557896395114828,0.8011610257954362,0.08361128596065263,0.8579741716384888,0.09999999999999999,-0.10000000000000003
1775609769.8661678,-0.2913103334981698,-1.187697704605669,2.1834591078121655,0.9629995351884316,0.8094149823651396,0.09063573364690095,0.8472234010696411,0.09999999999999999,-0.10000000000000003
1775609769.9661717,-0.3313876864215354,-1.110242319217647,1.972138852875885,0.970074572434504,0.8173151637039144,0.13149471492416323,0.8364083766937255,0.09999999999999999,-0.10000000000000003
1775609770.0661352,-0.3313876864215354,-1.110242319217647,1.972138852875885,0.9759496196377826,0.823741116975094,0.08760697764448046,0.8248178958892823,0.09999999999999999,-0.10000000000000003
1775609770.1661367,-0.3313876864215354,-1.110242319217647,1.972138852875885,0.9831019009607389,0.8314337748853331,0.08512350346471269,0.8158600330352782,0.105,-0.10000000000000003
1775609770.2661011,-0.3313876864215354,-1.110242319217647,1.972138852875885,0.9902315463951922,0.8389392977216491,0.08282739860901633,0.8058006763458252,0.10999999999999999,-0.10000000000000003
1775609770.3660996,-0.3313876864215354,-1.110242319217647,1.972138852875885,0.9975224396496932,0.8464302115882236,0.11884742159224439,0.7943805456161499,0.11499999999999999,-0.10000000000000003
1775609770.4661424,-0.3313876864215354,-1.110242319217647,1.972138852875885,1.0033695467253332,0.8523236364409099,0.06892016204160367,0.7834861278533937,0.11999999999999998,-0.10000000000000003
1775609770.5661304,-0.3313876864215354,-1.110242319217647,1.972138852875885,1.0112495750404387,0.8601214533359487,0.08745350153005596,0.7762137651443481,0.11999999999999998,-0.10000000000000003
1775609770.666173,-0.3313876864215354,-1.110242319217647,1.972138852875885,1.0195207868608214,0.8681711022553457,0.13927821911586885,0.7689336538314819,0.12499999999999999,-0.10000000000000003
1775609770.7660625,-0.3313876864215354,-1.110242319217647,1.972138852875885,1.0279690697692856,0.8762559415126486,0.1445424815733551,0.7596255540847777,0.13499999999999998,-0.10000000000000003
1775609770.8661668,-0.3313876864215354,-1.110242319217647,1.972138852875885,1.0351076800202696,0.8829631087659172,0.08117700043763279,0.7481299638748169,0.13999999999999999,-0.05000000000000003
1775609770.9661503,-0.3313876864215354,-1.110242319217647,1.972138852875885,1.0445840434799527,0.8916908240740412,0.10413660035848085,0.7392302751541138,0.13999999999999999,-2.7755575615628914e-17
1775609771.066192,-0.3313876864215354,-1.110242319217647,1.972138852875885,1.0546849722881466,0.9008230492367395,0.1563147374337404,0.7328302860260011,0.13999999999999999,-2.7755575615628914e-17
1775609771.166092,-0.3313876864215354,-1.110242319217647,1.972138852875885,1.0630439685789517,0.9083342789174169,0.09345940606054752,0.7316081523895265,0.13999999999999999,-2.7755575615628914e-17
1775609771.2661204,-0.3313876864215354,-1.110242319217647,1.972138852875885,1.0736094619931076,0.9178206017832186,0.11005453311289014,0.7323849201202393,0.13999999999999999,-2.7755575615628914e-17
1775609771.3661795,-0.3313876864215354,-1.110242319217647,1.972138852875885,1.0840656308418122,0.9272392305221946,0.16895683249141516,0.7337549924850464,0.13999999999999999,-2.7755575615628914e-17
1775609771.4660685,-0.3313876864215354,-1.110242319217647,1.972138852875885,1.092373149039024,0.9347319833950454,0.11283332005777806,0.7338143587112428,0.13999999999999999,-2.7755575615628914e-17
1775609771.5661333,-0.3313876864215354,-1.110242319217647,1.972138852875885,1.1023593719547051,0.9437268846489184,0.10412911557026931,0.7325640916824342,0.13999999999999999,-2.7755575615628914e-17
1775609771.666117,-0.3313876864215354,-1.110242319217647,1.972138852875885,1.112650194894128,0.9529887134341157,0.16989785975521518,0.7332298755645752,0.13999999999999999,-2.7755575615628914e-17
1775609771.7662039,-0.3313876864215354,-1.110242319217647,1.972138852875885,1.1227426871232524,0.9620925399534662,0.16366540300376642,0.7345482110977174,0.13999999999999999,-2.7755575615628914e-17
1775609771.866094,-0.3313876864215354,-1.110242319217647,1.972138852875885,1.1311006729704263,0.9696427052149064,0.1135022649382909,0.7345955371856688,0.13999999999999999,-2.7755575615628914e-17
1775609771.9662082,-0.3313876864215354,-1.110242319217647,1.972138852875885,1.1414433420515984,0.9789604280965476,0.1670798859308192,0.7321962118148803,0.13999999999999999,-2.7755575615628914e-17
1775609772.0662236,-0.3313876864215354,-1.110242319217647,1.972138852875885,1.149654190532015,0.9863335766242545,0.10886710041509094,0.7311104536056519,0.13999999999999999,-2.7755575615628914e-17
1775609772.1661482,-0.3313876864215354,-1.110242319217647,1.972138852875885,1.1598479852995465,0.9954761703404509,0.1125589700236897,0.7317383289337158,0.13999999999999999,-0.05000000000000003
1775609772.2661011,-0.3313876864215354,-1.110242319217647,1.972138852875885,1.1700127785637868,1.0046131791790467,0.12413330887448089,0.7321063280105591,0.13999999999999999,-0.10000000000000003
1775609772.3662329,-0.3313876864215354,-1.110242319217647,1.972138852875885,1.1801610518032468,1.0136927766289403,0.19923836172455628,0.7277313470840454,0.13999999999999999,-0.10000000000000003
1775609772.4662,-0.3313876864215354,-1.110242319217647,1.972138852875885,1.1883602440444418,1.0209266872196248,0.11510825641923969,0.716903805732727,0.13999999999999999,-0.10000000000000003
1775609772.5661101,-0.3313876864215354,-1.110242319217647,1.972138852875885,1.1986050422059074,1.0297815013232992,0.10378571513512311,0.707592010498047,0.13999999999999999,-0.10000000000000003
1775609772.6661751,-0.3313876864215354,-1.110242319217647,1.972138852875885,1.2090964831548165,1.038698612666285,0.12488927939099548,0.7008558511734009,0.13999999999999999,-0.10000000000000003
1775609772.7661939,-0.3313876864215354,-1.110242319217647,1.972138852875885,1.2196960341701433,1.0475660360457453,0.21241372869180736,0.6934018135070801,0.13999999999999999,-0.10000000000000003
1775609772.866118,-0.3313876864215354,-1.110242319217647,1.972138852875885,1.2301222882139902,1.0561268911601536,0.1690001383346617,0.6830754280090332,0.13999999999999999,-0.10000000000000003
1775609772.9661152,-0.4270083174484678,-0.7903063036957124,1.8185614216062949,1.238577451312816,1.0629394988437566,0.11206157808233055,0.6718113422393798,0.13999999999999999,-0.10000000000000003
1775609773.0661006,-0.4270083174484678,-0.7903063036957124,1.8185614216062949,1.2492299913159224,1.0713402814195914,0.11883359102606941,0.662688970565796,0.13999999999999999,-0.10000000000000003
1775609773.166228,-0.4270083174484678,-0.7903063036957124,1.8185614216062949,1.2597694256716725,1.079474576072515,0.18884630302171931,0.654255747795105,0.13999999999999999,-0.10000000000000003
1775609773.2661781,-0.4270083174484678,-0.7903063036957124,1.8185614216062949,1.2707566914870942,1.0878149913844946,0.21270831854616493,0.6457093954086304,0.13999999999999999,-0.10000000000000003
1775609773.3662105,-0.4270083174484678,-0.7903063036957124,1.8185614216062949,1.2816254160027287,1.0959341626201708,0.16853579745531325,0.6386225819587708,0.13999999999999999,-0.10000000000000003
1775609773.4663553,-0.4270083174484678,-0.7903063036957124,1.8185614216062949,1.2906390599607724,1.1025606141942743,0.11392855502722657,0.6301112771034241,0.13999999999999999,-0.10000000000000003
1775609773.5660808,-0.4270083174484678,-0.7903063036957124,1.8185614216062949,1.302008475230831,1.1107242803981654,0.20680588072874986,0.6183655858039856,0.13999999999999999,-0.10000000000000003
1775609773.666156,-0.4270083174484678,-0.7903063036957124,1.8185614216062949,1.3111139722327556,1.1171363860113255,0.10887470204427176,0.6072493195533752,0.13999999999999999,-0.10000000000000003
1775609773.7662375,-0.4270083174484678,-0.7903063036957124,1.8185614216062949,1.322317061941533,1.1248769991116776,0.10934577349801636,0.6009368896484375,0.13999999999999999,-0.10000000000000003
1775609773.866089,-0.4270083174484678,-0.7903063036957124,1.8185614216062949,1.3339044104367312,1.132728306547585,0.16514580764102943,0.591725766658783,0.13999999999999999,-0.10000000000000003
1775609773.9661458,-0.4270083174484678,-0.7903063036957124,1.8185614216062949,1.3429854055108166,1.1387730561792426,0.11129301904225249,0.5816377401351929,0.13999999999999999,-0.10000000000000003
1775609774.0661569,-0.4270083174484678,-0.7903063036957124,1.8185614216062949,1.354734451707814,1.146426731759861,0.11295586776818903,0.5723501443862916,0.13999999999999999,-0.10000000000000003
1775609774.1661978,-0.4270083174484678,-0.7903063036957124,1.8185614216062949,1.3661220504938372,1.1536598149535207,0.1674886461884147,0.5614286661148071,0.13999999999999999,-0.10000000000000003
1775609774.2662427,-0.4270083174484678,-0.7903063036957124,1.8185614216062949,1.3778309680607557,1.160952549555517,0.1701348954893136,0.553838610649109,0.13999999999999999,-0.10000000000000003
1775609774.366178,-0.4270083174484678,-0.7903063036957124,1.8185614216062949,1.3871976886923607,1.166691061446363,0.11396832959352304,0.5442727208137511,0.13999999999999999,-0.10000000000000003
1775609774.4662204,-0.4270083174484678,-0.7903063036957124,1.8185614216062949,1.3992182162317441,1.173910893770964,0.11181181772855295,0.5360596776008607,0.13999999999999999,-0.10000000000000003
1775609774.5661895,-0.4270083174484678,-0.7903063036957124,1.8185614216062949,1.410924439909977,1.1807675629991385,0.16596111649749867,0.5260567665100098,0.13999999999999999,-0.10000000000000003
1775609774.666132,-0.4270083174484678,-0.7903063036957124,1.8185614216062949,1.420369190336211,1.1861757177233212,0.11168380012951726,0.5133471488952637,0.13999999999999999,-0.10000000000000003
1775609774.766151,-0.4270083174484678,-0.7903063036957124,1.8185614216062949,1.4323894308312866,1.1928912679582901,0.11235202232261682,0.5043198466300964,0.13999999999999999,-0.10000000000000003
1775609774.8661597,-0.4270083174484678,-0.7903063036957124,1.8185614216062949,1.4445323383144313,1.1995419637981795,0.11250022994799247,0.497377336025238,0.13999999999999999,-0.10000000000000003
1775609774.9661636,-0.4270083174484678,-0.7903063036957124,1.8185614216062949,1.4566907317007685,1.2060577865315216,0.16837583530754,0.48845118284225464,0.13999999999999999,-0.10000000000000003
1775609775.066143,-0.4270083174484678,-0.7903063036957124,1.8185614216062949,1.4663905183127355,1.2111592342894741,0.1098927557074215,0.47946053743362427,0.13999999999999999,-0.10000000000000003
1775609775.1661067,-0.4463708628981574,-0.5110137174262792,1.5699040993113333,1.4782742315647646,1.2172726491813846,0.10213087962539574,0.46903216838836664,0.13999999999999999,-0.10000000000000003
1775609775.266124,-0.4463708628981574,-0.5110137174262792,1.5699040993113333,1.4901936320566842,1.2232600503705418,0.1104718163957964,0.4610776901245117,0.13999999999999999,-0.10000000000000003
1775609775.366151,-0.4463708628981574,-0.5110137174262792,1.5699040993113333,1.502285899367202,1.229183736753785,0.15991401244346629,0.4519290328025818,0.13999999999999999,-0.10000000000000003
1775609775.4661095,-0.4463708628981574,-0.5110137174262792,1.5699040993113333,1.5124168300090113,1.2340473644664607,0.11139158184041995,0.4420396089553833,0.13999999999999999,-0.10000000000000003
1775609775.5662704,-0.4463708628981574,-0.5110137174262792,1.5699040993113333,1.5250009196146033,1.2399402787055285,0.11149066760647636,0.43262428045272827,0.13999999999999999,-0.05000000000000003
1775609775.6661704,-0.4463708628981574,-0.5110137174262792,1.5699040993113333,1.5376085674511129,1.245661142370148,0.16697342166873455,0.42138326168060297,0.13999999999999999,-2.7755575615628914e-17
1775609775.7660882,-0.4463708628981574,-0.5110137174262792,1.5699040993113333,1.5477174975235,1.2501499981526012,0.11133740869940643,0.4147321581840515,0.13999999999999999,0.049999999999999975
1775609775.8661015,-0.4463708628981574,-0.5110137174262792,1.5699040993113333,1.5604161817531597,1.255729191679799,0.11478051338220266,0.4133147597312927,0.13999999999999999,0.09999999999999998
1775609775.9661524,-0.4463708628981574,-0.5110137174262792,1.5699040993113333,1.572975724227113,1.2612475362633717,0.11308682227949367,0.4153066873550415,0.13999999999999999,0.14999999999999997
1775609776.0661545,-0.4463708628981574,-0.5110137174262792,1.5699040993113333,1.5857858231103799,1.2669502354247386,0.168993122431707,0.42145621776580816,0.13999999999999999,0.19999999999999996
1775609776.1660805,-0.4463708628981574,-0.5110137174262792,1.5699040993113333,1.595579451191734,1.2713997265030594,0.11123385083026009,0.43213939666748047,0.13999999999999999,0.25
1775609776.2660565,-0.4463708628981574,-0.5110137174262792,1.5699040993113333,1.6075977351455666,1.2770087732132918,0.10568106499394883,0.4432451725006103,0.13999999999999999,0.3
1775609776.3660507,-0.4463708628981574,-0.5110137174262792,1.5699040993113333,1.6202003688968853,1.2832133735671143,0.16778546887319984,0.46730297803878784,0.13999999999999999,0.3
1775609776.4660602,-0.4463708628981574,-0.5110137174262792,1.5699040993113333,1.6324348475549562,1.28963916435892,0.16169610760422565,0.4952548146247863,0.13999999999999999,0.3
1775609776.5660717,-0.4463708628981574,-0.5110137174262792,1.5699040993113333,1.6421604619492964,1.2950642713817506,0.11005180042037788,0.5248087644577026,0.13999999999999999,0.3
1775609776.6660697,-0.4463708628981574,-0.5110137174262792,1.5699040993113333,1.653829490656181,1.3019836939971916,0.11125954772390474,0.5480974912643434,0.13999999999999999,0.3
1775609776.766064,-0.4463708628981574,-0.5110137174262792,1.5699040993113333,1.6654079464849645,1.3093405166657979,0.16196412212110833,0.5789291262626648,0.13999999999999999,0.3
1775609776.866039,-0.4463708628981574,-0.5110137174262792,1.5699040993113333,1.6748206798128267,1.315707842082007,0.11430781741742307,0.6131227612495423,0.13999999999999999,0.3
1775609776.966201,-0.4463708628981574,-0.5110137174262792,1.5699040993113333,1.685976087868822,1.32373529402088,0.10928566439899665,0.6366286277770996,0.13999999999999999,0.3
1775609777.0661557,-0.4463708628981574,-0.5110137174262792,1.5699040993113333,1.6967974542224131,1.3320422084119545,0.16232462010724769,0.6663753986358643,0.13999999999999999,0.3
1775609777.1661186,-0.43614690155298325,-0.24684277748739633,1.7868838519172514,1.7051707086287615,1.3388348422065943,0.10999352778766669,0.6992740631103517,0.13999999999999999,0.3
1775609777.2661774,-0.43614690155298325,-0.24684277748739633,1.7868838519172514,1.7159556848414945,1.3481093692024197,0.11583229087442709,0.7229490280151367,0.13999999999999999,0.3
1775609777.3661826,-0.43614690155298325,-0.24684277748739633,1.7868838519172514,1.7259763449118144,1.3572916556825956,0.16674269629866242,0.7532770633697509,0.13999999999999999,0.3
1775609777.4661489,-0.43614690155298325,-0.24684277748739633,1.7868838519172514,1.7339287715984413,1.3649424210947085,0.11030308100330401,0.7814924716949462,0.13999999999999999,0.3
1775609777.5661552,-0.43614690155298325,-0.24684277748739633,1.7868838519172514,1.7434481589470505,1.374572589100022,0.10179600522035166,0.8045011758804321,0.13999999999999999,0.3
1775609777.6661427,-0.43614690155298325,-0.24684277748739633,1.7868838519172514,1.7528233569212373,1.384690765772829,0.16063189496139227,0.8360956907272338,0.13999999999999999,0.3
1775609777.766155,-0.43614690155298325,-0.24684277748739633,1.7868838519172514,1.7619744495114582,1.3952142140457193,0.17039925292344502,0.866540789604187,0.13999999999999999,0.3
1775609777.8661754,-0.43614690155298325,-0.24684277748739633,1.7868838519172514,1.768831833673577,1.4035018156274557,0.11247970285986877,0.8951045274734497,0.13999999999999999,0.3
1775609777.9662602,-0.45316013873662064,-0.12220219508684807,1.9999063360238007,1.7772679118753898,1.4142551813263606,0.11030641290695299,0.9175519943237305,0.13999999999999999,0.3
1775609778.0662186,-0.45316013873662064,-0.12220219508684807,1.9999063360238007,1.7854165953642287,1.425322169305834,0.1683152407056306,0.9475796222686769,0.13999999999999999,0.3
1775609778.1661441,-0.45316013873662064,-0.12220219508684807,1.9999063360238007,1.7917174483541034,1.4343507586184148,0.11000780394098898,0.9784030914306642,0.13999999999999999,0.3
1775609778.266163,-0.45316013873662064,-0.12220219508684807,1.9999063360238007,1.799394865910557,1.4460234810333934,0.11067861156608767,1.0038982629776,0.13999999999999999,0.25
1775609778.366087,-0.45316013873662064,-0.12220219508684807,1.9999063360238007,1.806494787364873,1.4574050288186422,0.11173992352528221,1.0246051549911501,0.13999999999999999,0.15000000000000002
1775609778.4660807,-0.45316013873662064,-0.12220219508684807,1.9999063360238007,1.8133551478522183,1.4691381012783713,0.1646331075925783,1.0524255037307741,0.13999999999999999,0.10000000000000002
1775609778.56606,-0.45316013873662064,-0.12220219508684807,1.9999063360238007,1.8186964383846205,1.478707784138817,0.10683565583174956,1.0724951028823853,0.13999999999999999,0.09999999999999998
1775609778.6660922,-0.45316013873662064,-0.12220219508684807,1.9999063360238007,1.825081378093764,1.490562972849272,0.10373185455239571,1.0818997621536255,0.13999999999999999,0.049999999999999975
1775609778.766222,-0.45316013873662064,-0.12220219508684807,1.9999063360238007,1.8315922150983481,1.5028960478718323,0.10970629599674044,1.0879641771316528,0.13999999999999999,-2.7755575615628914e-17
1775609778.8661017,-0.45316013873662064,-0.12220219508684807,1.9999063360238007,1.8367288979122525,1.5127488263985316,0.11113556684240679,1.0937899351119995,0.13999999999999999,-0.05000000000000003
1775609778.9661202,-0.45316013873662064,-0.12220219508684807,1.9999063360238007,1.842880365253737,1.5246983923018467,0.10473624046100773,1.098494291305542,0.13999999999999999,-0.10000000000000003
1775609779.066118,-0.45316013873662064,-0.12220219508684807,1.9999063360238007,1.849137259685755,1.536935247935994,0.10906768310375332,1.098541259765625,0.13999999999999999,-0.15000000000000002
1775609779.1661627,-0.45316013873662064,-0.12220219508684807,1.9999063360238007,1.8554087046573344,1.5490792293402385,0.16635762973545123,1.090908169746399,0.13999999999999999,-0.2
1775609779.2661383,-0.45316013873662064,-0.12220219508684807,1.9999063360238007,1.8617567134394595,1.5610402159732486,0.154249053443541,1.0768944025039675,0.13999999999999999,-0.20000000000000004
1775609779.366151,-0.45316013873662064,-0.12220219508684807,1.9999063360238007,1.8668672860361955,1.5703615399938542,0.10576591329334845,1.0590571165084839,0.13999999999999999,-0.25000000000000006
1775609779.4661832,-0.45316013873662064,-0.12220219508684807,1.9999063360238007,1.8735972559108343,1.5821409225079097,0.10852617652392818,1.0392445325851438,0.13999999999999999,-0.30000000000000004
1775609779.566109,-0.45316013873662064,-0.12220219508684807,1.9999063360238007,1.8808398020389625,1.5942066654216311,0.11468560090814425,1.0179227590560915,0.13999999999999999,-0.30000000000000004
1775609779.666182,-0.45316013873662064,-0.12220219508684807,1.9999063360238007,1.8883642826692688,1.6059784949399243,0.16770517621940015,0.9902033805847167,0.13999999999999999,-0.30000000000000004
1775609779.7661605,-0.45316013873662064,-0.12220219508684807,1.9999063360238007,1.8945739739642582,1.6151619083782849,0.11232816065937179,0.9626383781433105,0.13999999999999999,-0.30000000000000004
1775609779.8661473,-0.45316013873662064,-0.12220219508684807,1.9999063360238007,1.902636345015026,1.6262605935657053,0.1646404852864816,0.9305368661880493,0.13999999999999999,-0.30000000000000004
1775609779.966185,-0.45316013873662064,-0.12220219508684807,1.9999063360238007,1.9107260880914856,1.6367381062355326,0.159761481189217,0.9014147520065309,0.13999999999999999,-0.30000000000000004
1775609780.0661957,-0.45316013873662064,-0.12220219508684807,1.9999063360238007,1.9176223156473995,1.6452229540581313,0.10481743311394985,0.8719097375869751,0.13999999999999999,-0.30000000000000004
1775609780.1662016,-0.45316013873662064,-0.12220219508684807,1.9999063360238007,1.9266007779961454,1.6556950364503868,0.11465048649104824,0.8489757776260376,0.13999999999999999,-0.30000000000000004
1775609780.2661653,-0.45316013873662064,-0.12220219508684807,1.9999063360238007,1.935835893720487,1.6658046024298272,0.1637702027938933,0.8195127248764038,0.13999999999999999,-0.30000000000000004
1775609780.3661745,-0.5842969506121817,0.15487703439210437,1.8560562330072727,1.9451643863415362,1.6754442413958428,0.1595237370081405,0.7894692420959472,0.13999999999999999,-0.30000000000000004
1775609780.4661226,-0.5842969506121817,0.15487703439210437,1.8560562330072727,1.9528473053724995,1.6829728701312219,0.10982752037199262,0.759596586227417,0.13999999999999999,-0.30000000000000004
1775609780.5661745,-0.5842969506121817,0.15487703439210437,1.8560562330072727,1.9628539362976691,1.6922824737495574,0.10581218967829248,0.735241174697876,0.13999999999999999,-0.30000000000000004
1775609780.666178,-0.5842969506121817,0.15487703439210437,1.8560562330072727,1.9734464357078778,1.7015469909341294,0.16893033118566844,0.7066105604171753,0.13999999999999999,-0.30000000000000004
1775609780.7661157,-0.5842969506121817,0.15487703439210437,1.8560562330072727,1.984021752283584,1.7102847935521328,0.16896796183227977,0.6801944971084595,0.13999999999999999,-0.30000000000000004
1775609780.8661752,-0.5842969506121817,0.15487703439210437,1.8560562330072727,1.9926421686180849,1.7170517573138087,0.114406409726166,0.647805094718933,0.13999999999999999,-0.30000000000000004
1775609780.9661562,-0.5842969506121817,0.15487703439210437,1.8560562330072727,2.003486993504269,1.7250755139215102,0.10873646619267116,0.6258482336997986,0.13999999999999999,-0.30000000000000004
1775609781.066146,-0.5842969506121817,0.15487703439210437,1.8560562330072727,2.0145476117374357,1.7327544433792335,0.1628713179344288,0.5944583415985107,0.13999999999999999,-0.25000000000000006
1775609781.1662018,-0.6057507452108942,0.27136780575843694,1.647376696094194,2.0257877625060665,1.740075889845157,0.16100297617675893,0.5661534667015077,0.13999999999999999,-0.20000000000000007
1775609781.2661762,-0.6057507452108942,0.27136780575843694,1.647376696094194,2.0350882987386156,1.7458731449148592,0.10767117995316279,0.5458433628082274,0.13999999999999999,-0.15000000000000002
1775609781.3662004,-0.6057507452108942,0.27136780575843694,1.647376696094194,2.0467678596731154,1.7528740464844303,0.10845634523216957,0.5324645638465881,0.13999999999999999,-0.10000000000000003
1775609781.4661512,-0.6057507452108942,0.27136780575843694,1.647376696094194,2.058654219093853,1.7597228508563325,0.16381082004861955,0.5172525644302369,0.13999999999999999,-0.10000000000000003
1775609781.5661328,-0.6057507452108942,0.27136780575843694,1.647376696094194,2.07064789125009,1.7664339997579594,0.16204370472042248,0.5051558017730713,0.13999999999999999,-0.10000000000000003
1775609781.666168,-0.6057507452108942,0.27136780575843694,1.647376696094194,2.079864105518378,1.7714731952283187,0.10432280851204755,0.49621903896331787,0.0,0.0
1775609781.7660863,-0.6057507452108942,0.27136780575843694,1.647376696094194,2.0906289698807634,1.7772671192330063,0.07850857005549225,0.4904724359512329,0.0,0.0
1775609781.8661547,-0.6057507452108942,0.27136780575843694,1.647376696094194,2.0943141990431644,1.7792318736204615,0.016742543572755973,0.48930567502975464,0.0,0.0
1775609781.9662304,-0.6057507452108942,0.27136780575843694,1.647376696094194,2.0948950941280438,1.779541110342463,0.004555532954041697,0.48912608623504633,0.0,0.0
1775609782.0661407,-0.6057507452108942,0.27136780575843694,1.647376696094194,2.0949174368879095,1.7795530028579885,0.0005061155002744598,0.4891371726989746,0.0,0.0
1775609782.1661832,-0.6057507452108942,0.27136780575843694,1.647376696094194,2.0948950941698663,1.7795411102638907,-0.0005064958250854927,0.4891633987426758,0.0,0.0
1775609782.266163,-0.6057507452108942,0.27136780575843694,1.647376696094194,2.0949174368372265,1.779553002953207,0.0005062515239095282,0.4891444444656372,0.0,0.0
1775609782.3661005,-0.6057507452108942,0.27136780575843694,1.647376696094194,2.094895094106778,1.7795411103824146,0.0,0.48914635181427,0.0,0.0
1775609782.4661307,-0.6057507452108942,0.27136780575843694,1.647376696094194,2.094917436840771,1.7795530029465483,0.0,0.48915863037109375,0.0,0.0
1775609782.5661464,-0.6057507452108942,0.27136780575843694,1.647376696094194,2.0949174369290238,1.7795530027807482,0.0005064604645798871,0.4891437888145447,0.0,0.0
1775609782.666114,-0.6057507452108942,0.27136780575843694,1.647376696094194,2.09489509410359,1.7795411103884082,-0.0005061750655192486,0.48913347721099854,0.0,0.0
1775609782.7660964,-0.6057507452108942,0.27136780575843694,1.647376696094194,2.0949174367064436,1.7795530031989113,0.0005069375224265232,0.4891444444656372,0.0,0.0
1775609782.8661358,-0.6057507452108942,0.27136780575843694,1.647376696094194,2.0949174367064436,1.7795530031989113,0.0,0.48913758993148804,0.0,0.0
1775609782.9661467,-0.6057507452108942,0.27136780575843694,1.647376696094194,2.094895094059286,1.779541110471641,0.0,0.4891314506530762,0.0,0.0
1775609783.0661592,-0.6057507452108942,0.27136780575843694,1.647376696094194,2.094917436719912,1.7795530031736086,0.0005062351814177416,0.48913222551345825,0.0,0.0
1775609783.1661284,-0.6057507452108942,0.27136780575843694,1.647376696094194,2.094917436719912,1.7795530031736086,0.0,0.4891560077667237,0.0,0.0
1775609783.2661378,-0.6057507452108942,0.27136780575843694,1.647376696094194,2.094917436770242,1.7795530030790565,0.0005063765474858316,0.4891475439071655,0.0,0.0
1775609783.3661697,-0.6057507452108942,0.27136780575843694,1.647376696094194,2.0948950941553375,1.7795411102911927,0.0,0.4891418814659118,0.0,0.0
1775609783.4661539,-0.6057507452108942,0.27136780575843694,1.647376696094194,2.0948950941553375,1.7795411102911927,0.0,0.4891349077224732,0.0,0.0
1775609783.5662336,-0.6057507452108942,0.27136780575843694,1.647376696094194,2.0949174366288217,1.7795530033447347,0.0005068222686687436,0.4891611933708191,0.0,0.0
1775609783.6662214,-0.6057507452108942,0.27136780575843694,1.647376696094194,2.0948950941507296,1.7795411102998488,0.0,0.48911547660827637,0.0,0.0
1775609783.7662475,-0.6057507452108942,0.27136780575843694,1.647376696094194,2.094939779382665,1.7795648958715815,0.0010122299480340457,0.48914158344268793,0.0,0.0
1775609783.8661397,-0.6057507452108942,0.27136780575843694,1.647376696094194,2.0949174367674064,1.7795530030843836,0.0,0.4891444444656372,0.0,0.0
1775609783.9661446,-0.6057507452108942,0.27136780575843694,1.647376696094194,2.0949174368499888,1.7795530029292377,-0.0005066278346302232,0.4891583323478699,0.0,0.0
1775609784.0661657,-0.6057507452108942,0.27136780575843694,1.647376696094194,2.0948950943910365,1.7795411098483955,0.0,0.48914891481399536,0.0,-0.05
1775609784.166159,-0.6057507452108942,0.27136780575843694,1.647376696094194,2.0949397797328455,1.7795648952137106,0.0,0.48912382125854487,0.0,-0.1
1775609784.2662416,-0.6057507452108942,0.27136780575843694,1.647376696094194,2.0949621312540465,1.7795767712544788,0.0005069459905262953,0.48767876625061035,0.0,-0.15000000000000002
1775609784.3661766,-0.6057507452108942,0.27136780575843694,1.647376696094194,2.095230792942825,1.7797184456056154,0.003552780216056136,0.48311460018157965,0.0,-0.2
1775609784.4661481,-0.6057507452108942,0.27136780575843694,1.647376696094194,2.0955007873716296,1.779857560814592,0.004039349290969882,0.47055375576019287,0.0,-0.25
1775609784.5661144,-0.6057507452108942,0.27136780575843694,1.647376696094194,2.0956367264725615,1.7799252564207741,0.0015319848309695303,0.4505612254142761,0.0,-0.3
1775609784.6661725,-0.6057507452108942,0.27136780575843694,1.647376696094194,2.095659447956144,1.779936415571157,-0.000546858563341425,0.42809933423995966,0.0,-0.30000000000000004
1775609784.7661312,-0.6057507452108942,0.27136780575843694,1.647376696094194,2.0956130681192255,1.779916135170869,-0.00061027420643999,0.39858937263488764,0.005,-0.30000000000000004
1775609784.8661046,-0.6057507452108942,0.27136780575843694,1.647376696094194,2.095660142014475,1.7799347516088564,0.0010118916578587365,0.3673473000526428,0.01,-0.30000000000000004
1775609784.9661162,-0.6057507452108942,0.27136780575843694,1.647376696094194,2.0957553998329996,1.7799690450705654,0.002028215581072359,0.3362717628479004,0.015,-0.30000000000000004
1775609785.066145,-0.5832354323303416,0.3565164642792332,1.3997097539078793,2.0960914159917934,1.780081530838925,0.004565052097364126,0.3134964108467102,0.02,-0.30000000000000004
1775609785.1662574,-0.5832354323303416,0.3565164642792332,1.3997097539078793,2.0970358344170124,1.7803686166220731,0.01214582336108012,0.2825809717178345,0.025,-0.30000000000000004
1775609785.266109,-0.5832354323303416,0.3565164642792332,1.3997097539078793,2.098231587190575,1.7806976191582584,0.01319790155394787,0.25239062309265137,0.03,-0.30000000000000004
1775609785.3660946,-0.5832354323303416,0.3565164642792332,1.3997097539078793,2.10032104628701,1.7812100058759874,0.019235153338171038,0.22741782665252688,0.03,-0.25000000000000006
1775609785.4661503,-0.5832354323303416,0.3565164642792332,1.3997097539078793,2.10272304136066,1.7817177066954812,0.029860845570547755,0.1959676742553711,0.03,-0.20000000000000007
1775609785.5661616,-0.5832354323303416,0.3565164642792332,1.3997097539078793,2.1047641566901296,1.7820934499511825,0.019714892626722293,0.1644371747970581,0.03,-0.15000000000000002
1775609785.666198,-0.5832354323303416,0.3565164642792332,1.3997097539078793,2.1076642118108695,1.7825515552284017,0.024805498094860007,0.14763206243515015,0.03,-0.05000000000000003
1775609785.7661498,-0.5832354323303416,0.3565164642792332,1.3997097539078793,2.110647350531703,1.7829671822501492,0.036379732973036996,0.13332512974739077,0.03,-2.7755575615628914e-17
1775609785.8660798,-0.5806386734254304,0.37464807610070555,1.1878217945715086,2.113684975797547,1.783357394272769,0.03795913692417665,0.12445119023323059,0.03,-2.7755575615628914e-17
1775609785.9661477,-0.5806386734254304,0.37464807610070555,1.1878217945715086,2.1161215801315696,1.7836584783083715,0.025305142512117962,0.12147417664527894,0.03,-2.7755575615628914e-17
1775609786.0661216,-0.5806386734254304,0.37464807610070555,1.1878217945715086,2.1192623741734957,1.7840396204176803,0.02479552789683526,0.12063631415367126,0.03,-2.7755575615628914e-17
1775609786.1661873,-0.5806386734254304,0.37464807610070555,1.1878217945715086,2.1223529295280525,1.7844145491767887,0.03743991425626653,0.12097674608230591,0.03,-2.7755575615628914e-17
1775609786.2661076,-0.5806386734254304,0.37464807610070555,1.1878217945715086,2.124940811208113,1.7847297015322126,0.027352171939605513,0.12123629450798033,0.03,-2.7755575615628914e-17
1775609786.366109,-0.5806386734254304,0.37464807610070555,1.1878217945715086,2.128031255166599,1.785105547425111,0.023856449483640265,0.12095415592193604,0.03,-2.7755575615628914e-17
1775609786.4661312,-0.5806386734254304,0.37464807610070555,1.1878217945715086,2.131021439751721,1.7854671672583293,0.036028682540578054,0.11988216638565063,0.03,-2.7755575615628914e-17
1775609786.5661082,-0.5806386734254304,0.37464807610070555,1.1878217945715086,2.1339614696376703,1.7858218780364914,0.035441742331083076,0.12043192982673646,0.03,-2.7755575615628914e-17
1775609786.6660972,-0.5806386734254304,0.37464807610070555,1.1878217945715086,2.136499102713935,1.7861308974405987,0.024824686384704378,0.12166392803192139,0.03,-2.7755575615628914e-17
1775609786.7662427,-0.5806386734254304,0.37464807610070555,1.1878217945715086,2.139539188762907,1.7865015083922375,0.024300554338610773,0.12069517374038695,0.03,-2.7755575615628914e-17
1775609786.8661108,-0.5806386734254304,0.37464807610070555,1.1878217945715086,2.142629933531761,1.7868748722391994,0.03593652085567532,0.12004122138023376,0.03,-2.7755575615628914e-17
1775609786.9661646,-0.5806386734254304,0.37464807610070555,1.1878217945715086,2.145645353593828,1.7872386386363048,0.0359493639002226,0.12019690871238708,0.03,-2.7755575615628914e-17
1775609787.066112,-0.5806386734254304,0.37464807610070555,1.1878217945715086,2.148133072758014,1.7875387656976849,0.02634179172822397,0.120362788438797,0.03,-2.7755575615628914e-17
1775609787.1661413,-0.5806386734254304,0.37464807610070555,1.1878217945715086,2.151248692204648,1.7879172558002132,0.0384717092842553,0.12134692072868347,0.03,-2.7755575615628914e-17
1775609787.2661572,-0.5806386734254304,0.37464807610070555,1.1878217945715086,2.154314128178887,1.7882890767027695,0.03642082010259851,0.12003743648529054,0.03,-2.7755575615628914e-17
1775609787.3661103,-0.5806386734254304,0.37464807610070555,1.1878217945715086,2.156801892648647,1.7885888280038615,0.024796431648863738,0.12014004588127138,0.03,-2.7755575615628914e-17
1775609787.4660656,-0.5806386734254304,0.37464807610070555,1.1878217945715086,2.159792004037358,1.7889510530270072,0.02482657523897252,0.12087881565093994,0.03,-2.7755575615628914e-17
1775609787.566113,-0.5806386734254304,0.37464807610070555,1.1878217945715086,2.162782155064135,1.7893129507852625,0.037428651972732985,0.12021678686141966,0.034999999999999996,-2.7755575615628914e-17
1775609787.666158,-0.5806386734254304,0.37464807610070555,1.1878217945715086,2.1657725246719326,1.7896730378563797,0.0364500725459393,0.11948010325431824,0.039999999999999994,-2.7755575615628914e-17
1775609787.7661753,-0.5806386734254304,0.37464807610070555,1.1878217945715086,2.168210325512733,1.7899642801520925,0.024274836118876843,0.11821967363357545,0.04499999999999999,-2.7755575615628914e-17
1775609787.8661156,-0.5806386734254304,0.37464807610070555,1.1878217945715086,2.1714274689258213,1.7903464894200305,0.026874417442136325,0.11858686804771423,0.04999999999999999,-2.7755575615628914e-17
1775609787.9661024,-0.5806386734254304,0.37464807610070555,1.1878217945715086,2.175423334643408,1.7908248669237181,0.04949401126805109,0.11931106448173523,0.054999999999999986,-2.7755575615628914e-17
1775609788.0660913,-0.5806386734254304,0.37464807610070555,1.1878217945715086,2.1790923688602084,1.7912651792966412,0.038406900076204516,0.11938247084617613,0.06499999999999999,-2.7755575615628914e-17
1775609788.1661167,-0.5806386734254304,0.37464807610070555,1.1878217945715086,2.1842693884641813,1.791885081305733,0.04318131019710752,0.11949774622917175,0.06999999999999999,-2.7755575615628914e-17
1775609788.2661147,-0.5806386734254304,0.37464807610070555,1.1878217945715086,2.1899486574116294,1.7925682834766345,0.06751768601285006,0.11941692233085632,0.075,-2.7755575615628914e-17
1775609788.3661869,-0.5806386734254304,0.37464807610070555,1.1878217945715086,2.19492452008308,1.7931650097319185,0.04955101616915449,0.11921271681785585,0.08,-2.7755575615628914e-17
1775609788.4661844,-0.5806386734254304,0.37464807610070555,1.1878217945715086,2.2018854077212886,1.7940022711531018,0.058899433164812096,0.11967617273330688,0.085,-2.7755575615628914e-17
1775609788.5661333,-0.5806386734254304,0.37464807610070555,1.1878217945715086,2.2097511911819128,1.7949464178039338,0.09101894556242718,0.11920839548110962,0.09,-2.7755575615628914e-17
1775609788.6661508,-0.5806386734254304,0.37464807610070555,1.1878217945715086,2.216410572003408,1.7957470100034967,0.06741565843908844,0.11949774622917175,0.095,-2.7755575615628914e-17
1775609788.7661119,-0.5806386734254304,0.37464807610070555,1.1878217945715086,2.225457648261938,1.796831522083716,0.07502166710302059,0.1188477575778961,0.09999999999999999,-2.7755575615628914e-17
1775609788.8661814,-0.5806386734254304,0.37464807610070555,1.1878217945715086,2.2348826619534705,1.797953051979549,0.11137737276976548,0.11873626708984376,0.105,-2.7755575615628914e-17
1775609788.9660835,-0.5806386734254304,0.37464807610070555,1.1878217945715086,2.2427489615830014,1.7988928870794345,0.08249089826363683,0.11965355277061464,0.10999999999999999,-2.7755575615628914e-17
1775609789.066216,-0.5806386734254304,0.37464807610070555,1.1878217945715086,2.2531514192735185,1.8001540008988233,0.0811755441502692,0.12180390954017639,0.11499999999999999,-2.7755575615628914e-17
1775609789.166143,-0.5806386734254304,0.37464807610070555,1.1878217945715086,2.2637274294952587,1.8014555509559314,0.12527093636921635,0.1237729787826538,0.11999999999999998,-2.7755575615628914e-17
1775609789.2662013,-0.5806386734254304,0.37464807610070555,1.1878217945715086,2.274753629030212,1.802828845607191,0.13784329425511804,0.12436309456825256,0.12499999999999999,-2.7755575615628914e-17
1775609789.366188,-0.5806386734254304,0.37464807610070555,1.1878217945715086,2.2838956124004177,1.8039712821181577,0.09577762357416775,0.12358528375625609,0.12999999999999998,-2.7755575615628914e-17
1775609789.4660676,-0.5806386734254304,0.37464807610070555,1.1878217945715086,2.2959029320979707,1.8054538995716978,0.10054238345769041,0.1222030520439148,0.13499999999999998,-2.7755575615628914e-17
1775609789.566144,-0.5806386734254304,0.37464807610070555,1.1878217945715086,2.3083124926561456,1.8069835350641161,0.10488180144914014,0.123263418674469,0.13999999999999999,-2.7755575615628914e-17
1775609789.666139,-0.5806386734254304,0.37464807610070555,1.1878217945715086,2.3216001206273686,1.8086308718383162,0.15000320782920368,0.12348297238349913,0.145,-2.7755575615628914e-17
1775609789.7661133,-0.5806386734254304,0.37464807610070555,1.1878217945715086,2.3327772604956984,1.8100210036012967,0.1125659647520713,0.1231350302696228,0.15,-2.7755575615628914e-17
1775609789.8661494,-0.5806386734254304,0.37464807610070555,1.1878217945715086,2.3470698897194344,1.8117907571043537,0.11561733514059623,0.12249210476875305,0.155,-2.7755575615628914e-17
1775609789.9661303,-0.5806386734254304,0.37464807610070555,1.1878217945715086,2.359104586368898,1.8132580696422318,0.12198412661032158,0.12011322379112244,0.16,-2.7755575615628914e-17
1775609790.0662112,-0.48486143619307087,0.6056106350792129,1.1998578317833943,2.3749085430548447,1.8151802472813325,0.13201404291431923,0.12106797099113466,0.16,-2.7755575615628914e-17
1775609790.166114,-0.48486143619307087,0.6056106350792129,1.1998578317833943,2.391413059300081,1.8172121207179355,0.20080381775052175,0.12348991632461549,0.16,-2.7755575615628914e-17
1775609790.2661424,-0.48486143619307087,0.6056106350792129,1.1998578317833943,2.4051765968317564,1.818929380968245,0.14049614779169167,0.1256648600101471,0.16,-2.7755575615628914e-17
1775609790.3660855,-0.48486143619307087,0.6056106350792129,1.1998578317833943,2.4217270152118138,1.8210023885226476,0.1299544071807969,0.12327012419700621,0.16,-2.7755575615628914e-17
1775609790.4661083,-0.48486143619307087,0.6056106350792129,1.1998578317833943,2.4384541057911377,1.823090469016058,0.13083382783765757,0.12422326207160948,0.16,-2.7755575615628914e-17
1775609790.5661762,-0.48486143619307087,0.6056106350792129,1.1998578317833943,2.4556539956193193,1.8252730328666544,0.20833437246864922,0.12765806913375857,0.16,-2.7755575615628914e-17
1775609790.6661415,-0.48486143619307087,0.6056106350792129,1.1998578317833943,2.4691083286245026,1.8270141546958358,0.13126753160431137,0.13056570291519162,0.165,-2.7755575615628914e-17
1775609790.7661338,-0.48486143619307087,0.6056106350792129,1.1998578317833943,2.48562145912573,1.8291790131596746,0.12924021940600966,0.1302451491355896,0.17,-2.7755575615628914e-17
1775609790.866135,-0.48486143619307087,0.6056106350792129,1.1998578317833943,2.5030374382752716,1.8314669257487226,0.21352203398667144,0.13068178296089172,0.17,-2.7755575615628914e-17
1775609790.966155,-0.48486143619307087,0.6056106350792129,1.1998578317833943,2.5203236809003973,1.8337705277685026,0.2125209274499398,0.13354760408401486,0.17,-2.7755575615628914e-17
1775609791.0660987,-0.48486143619307087,0.6056106350792129,1.1998578317833943,2.53482307196119,1.835717874636728,0.1463344375157166,0.1345699429512024,0.17,-2.7755575615628914e-17
1775609791.1661007,-0.48486143619307087,0.6056106350792129,1.1998578317833943,2.552282967721859,1.838059611471507,0.14261822421752113,0.13183727860450747,0.17,-2.7755575615628914e-17
1775609791.2661297,-0.48486143619307087,0.6056106350792129,1.1998578317833943,2.5698447998770386,1.840402932941387,0.21680676106409263,0.13255080580711368,0.17,-2.7755575615628914e-17
1775609791.3661094,-0.48486143619307087,0.6056106350792129,1.1998578317833943,2.5843435234185885,1.842355216535813,0.14710649103777879,0.1355381906032562,0.17,-2.7755575615628914e-17
1775609791.4661086,-0.48486143619307087,0.6056106350792129,1.1998578317833943,2.6024252167774056,1.8448206808763778,0.1447606406538387,0.13675540685653684,0.17,-2.7755575615628914e-17
1775609791.5661485,-0.48486143619307087,0.6056106350792129,1.1998578317833943,2.620001892677441,1.8472428905674105,0.2157903970387834,0.13643133640289307,0.17,-2.7755575615628914e-17
1775609791.6661613,-0.40483957162660894,0.8286839529818595,1.2276713379440272,2.6377262391979923,1.8497058240166209,0.2206753664681224,0.1395692229270935,0.17,-2.7755575615628914e-17
1775609791.7661285,-0.40483957162660894,0.8286839529818595,1.2276713379440272,2.6519616032166713,1.851715115942361,0.14612949811171722,0.14138716459274292,0.17,-2.7755575615628914e-17
1775609791.866144,-0.40483957162660894,0.8286839529818595,1.2276713379440272,2.6692727724328544,1.8542075745397875,0.13664776956600713,0.1440243124961853,0.17,-2.7755575615628914e-17
1775609791.9661412,-0.40483957162660894,0.8286839529818595,1.2276713379440272,2.6862794236438634,1.8566836351322644,0.1356594401225692,0.14517974853515625,0.17,-2.7755575615628914e-17
1775609792.0661178,-0.40483957162660894,0.8286839529818595,1.2276713379440272,2.7044596850512246,1.859355556529011,0.21990806002145688,0.14709168672561646,0.17,-2.7755575615628914e-17
1775609792.1661358,-0.40483957162660894,0.8286839529818595,1.2276713379440272,2.7191543194417784,1.8615485478822391,0.14765855180432053,0.1487599015235901,0.17,-2.7755575615628914e-17
1775609792.2661157,-0.40483957162660894,0.8286839529818595,1.2276713379440272,2.7368993817438594,1.8642216952574413,0.14744407319184094,0.14889925718307498,0.17,-2.7755575615628914e-17
1775609792.3661788,-0.40483957162660894,0.8286839529818595,1.2276713379440272,2.754271795151339,1.8668197944071947,0.21430216055706364,0.149654746055603,0.17,-2.7755575615628914e-17
1775609792.4661577,-0.40483957162660894,0.8286839529818595,1.2276713379440272,2.768688826066223,1.8689866256663337,0.1450433683706652,0.14990699291229248,0.17,-2.7755575615628914e-17
1775609792.5661592,-0.40483957162660894,0.8286839529818595,1.2276713379440272,2.7867810190725915,1.871734144977395,0.14795285272117575,0.15062463283538818,0.17,-2.7755575615628914e-17
1775609792.6661637,-0.40483957162660894,0.8286839529818595,1.2276713379440272,2.8047250205534073,1.874445985709265,0.21859090005248138,0.1504303812980652,0.17,-2.7755575615628914e-17
1775609792.7660942,-0.40483957162660894,0.8286839529818595,1.2276713379440272,2.8190150091630275,1.876606573862412,0.14409779893639524,0.1510753035545349,0.17,-2.7755575615628914e-17
1775609792.866171,-0.40483957162660894,0.8286839529818595,1.2276713379440272,2.836877896786491,1.8793466897903324,0.14774187596233607,0.1527029275894165,0.17,-2.7755575615628914e-17
1775609792.9661777,-0.40483957162660894,0.8286839529818595,1.2276713379440272,2.855009487630623,1.8821710070448867,0.22153415919431269,0.15610462427139282,0.17,-2.7755575615628914e-17
1775609793.0661256,-0.40483957162660894,0.8286839529818595,1.2276713379440272,2.868935841193937,1.8843645768118689,0.1434414618132463,0.15684878826141357,0.17,-2.7755575615628914e-17
1775609793.1660798,-0.40483957162660894,0.8286839529818595,1.2276713379440272,2.8867569851419184,1.8872077318601344,0.1460723524356554,0.159698486328125,0.17,-2.7755575615628914e-17
1775609793.2661664,-0.31701419018006594,1.0663552732902444,1.286285385871832,2.90446865374926,1.8900938262183022,0.1490533163654973,0.1629600524902344,0.17,-2.7755575615628914e-17
1775609793.3661404,-0.31701419018006594,1.0663552732902444,1.286285385871832,2.9222492354327985,1.8930289238443478,0.2117662039225389,0.16497188806533813,0.17,-2.7755575615628914e-17
1775609793.4661338,-0.31701419018006594,1.0663552732902444,1.286285385871832,2.936533140328002,1.8953898882166313,0.14296506617112562,0.1626553535461426,0.17,-2.7755575615628914e-17
1775609793.5661044,-0.31701419018006594,1.0663552732902444,1.286285385871832,2.9545131141329546,1.8983603336147388,0.1466299487834688,0.16379022598266602,0.17,-2.7755575615628914e-17
1775609793.6661167,-0.31701419018006594,1.0663552732902444,1.286285385871832,2.972440455859142,1.9013387400521053,0.21803950001607086,0.16591012477874753,0.17,-0.05000000000000003
1775609793.7660925,-0.31701419018006594,1.0663552732902444,1.286285385871832,2.986424013998506,1.9036542680983786,0.1435914468448496,0.161321222782135,0.17,-0.15000000000000002
1775609793.866182,-0.31701419018006594,1.0663552732902444,1.286285385871832,3.0043189068588285,1.9065169626959773,0.14596085895258906,0.1540798544883728,0.17,-0.2
1775609793.9662385,-0.31701419018006594,1.0663552732902444,1.286285385871832,3.0223915413136577,1.9092242089480793,0.21956860860674618,0.14598864316940305,0.17,-0.25
1775609794.0661063,-0.31701419018006594,1.0663552732902444,1.286285385871832,3.0370554529466585,1.9112751788553641,0.14821841024439247,0.13092634081840518,0.17,-0.3
1775609794.1661308,-0.31701419018006594,1.0663552732902444,1.286285385871832,3.0553174274694994,1.913530153236346,0.14818961854564391,0.11190998554229738,0.17,-0.35000000000000003
1775609794.2661583,-0.31701419018006594,1.0663552732902444,1.286285385871832,3.069675987416381,1.91492977388916,0.14408584283088993,0.07936334609985352,0.17,-0.4
1775609794.366168,-0.31701419018006594,1.0663552732902444,1.286285385871832,3.0876534068068238,1.9161807373128097,0.1466851958362766,0.05518525838851929,0.17,-0.4
1775609794.466137,-0.31701419018006594,1.0663552732902444,1.286285385871832,3.105535442028744,1.9168366524533678,0.2132590197380838,0.021985441446304325,0.17,-0.4
1775609794.5661547,-0.31701419018006594,1.0663552732902444,1.286285385871832,3.123783668204364,1.916826934078673,0.21882585849517555,-0.015631616115570065,0.17,-0.4
1775609794.666137,-0.31701419018006594,1.0663552732902444,1.286285385871832,3.137948843333305,1.916349765089553,0.14560574870790108,-0.057461708784103394,0.17,-0.4
1775609794.7661548,-0.31701419018006594,1.0663552732902444,1.286285385871832,3.155896825512651,1.9150450078205088,0.1445966567246116,-0.08944413065910338,0.17,-0.4
1775609794.866174,-0.23621227586593077,1.3075718704348265,1.0386369973467247,3.1736035789247232,1.913057748891299,0.21194830743463794,-0.12808154523372647,0.17,-0.4
1775609794.9661806,-0.23621227586593077,1.3075718704348265,1.0386369973467247,3.187701081359705,1.9109837886902152,0.14755453101910543,-0.1670323759317398,0.17,-0.4
1775609795.0661254,-0.23621227586593077,1.3075718704348265,1.0386369973467247,3.205250532797218,1.9077578342381372,0.14024876430001312,-0.19911418855190277,0.17,-0.4
1775609795.1661713,-0.23621227586593077,1.3075718704348265,1.0386369973467247,3.2224799300348526,1.9038544555814927,0.21007308725147797,-0.23863840848207477,0.17,-0.4
1775609795.2660909,-0.23621227586593077,1.3075718704348265,1.0386369973467247,3.2396226358907017,1.8992818061589631,0.20987476570945893,-0.27499352395534515,0.17,-0.45
1775609795.3660576,-0.23621227586593077,1.3075718704348265,1.0386369973467247,3.253338377597297,1.8951477828800893,0.14711068380758177,-0.3126976154744625,0.17,-0.5
1775609795.4660416,-0.17057164463911825,1.3883103827046561,0.8149588487293754,3.2697123409376565,1.8896055049174727,0.13472297475874243,-0.3492396892979741,0.17,-0.5
1775609795.5661712,-0.17057164463911825,1.3883103827046561,0.8149588487293754,3.2856911583891293,1.88348915305861,0.13466809857250087,-0.3835433777421713,0.17,-0.55
1775609795.6661243,-0.17057164463911825,1.3883103827046561,0.8149588487293754,3.301548139220636,1.8766066468391878,0.21003355639963694,-0.4275592193007469,0.17,-0.6
1775609795.7661314,-0.17057164463911825,1.3883103827046561,0.8149588487293754,3.3138665411192867,1.8706871274138186,0.13353994853860848,-0.4731160402297973,0.17,-0.6
1775609795.8661218,-0.17057164463911825,1.3883103827046561,0.8149588487293754,3.32894163942441,1.8626500250278744,0.13147469988511973,-0.517390713095665,0.17,-0.65
1775609795.9661186,-0.17057164463911825,1.3883103827046561,0.8149588487293754,3.3436979299259018,1.8538915286749533,0.14110364364460248,-0.5573112666606903,0.17,-0.7
1775609796.0661697,-0.08513024334271788,1.435525244971951,0.548382210601648,3.3580136349775755,1.844339615958747,0.20295666291418843,-0.609713912010193,0.17,-0.75
1775609796.1660771,-0.08513024334271788,1.435525244971951,0.548382210601648,3.3686361293865925,1.8365278867284054,0.12769471089361367,-0.6648279130458832,0.17,-0.7999999999999999
1775609796.2662377,-0.08513024334271788,1.435525244971951,0.548382210601648,3.3813981186934834,1.826106683385077,0.13520662546012313,-0.7076729536056519,0.17,-0.85
1775609796.366113,-0.08513024334271788,1.435525244971951,0.548382210601648,3.393362330934318,1.8151135781729775,0.1990690446575523,-0.7665008902549744,0.17,-0.8999999999999999
1775609796.4662123,-0.015311615646052363,1.4582849871711954,0.3262729790865388,3.4044841671368524,1.8035835217843048,0.19523387790086275,-0.8271756172180177,0.17,-0.95
1775609796.566148,-0.015311615646052363,1.4582849871711954,0.3262729790865388,3.412932287809699,1.7938258469568968,0.12803455631012012,-0.8930037021636963,0.17,-0.9999999999999999
1775609796.666153,-0.015311615646052363,1.4582849871711954,0.3262729790865388,3.4223114134558843,1.7815633387165513,0.12562694072487854,-0.9468141794204712,0.17,-1.0499999999999998
1775609796.766148,-0.015311615646052363,1.4582849871711954,0.3262729790865388,3.430699699813622,1.768785299458476,0.18552412519292885,-1.0180822610855103,0.17,-1.0999999999999999
1775609796.8661368,0.04122359052699676,1.4892566842430879,0.11662036922257689,3.436798854670418,1.758163396915973,0.1233026435254003,-1.088963270187378,0.17,-1.15
1775609796.966065,0.04122359052699676,1.4892566842430879,0.11662036922257689,3.4432914419949046,1.744970334384143,0.11543388790783911,-1.1456370353698733,0.17,-1.2
1775609797.066081,0.04122359052699676,1.4892566842430879,0.11662036922257689,3.448951859050208,1.7307721498933926,0.18201581080398915,-1.222737431526184,0.17,-1.2
1775609797.166128,0.04122359052699676,1.4892566842430879,0.11662036922257689,3.4526305628855716,1.719461467640427,0.11716705995874903,-1.2986525297164917,0.17,-1.2
1775609797.2661254,0.04122359052699676,1.4892566842430879,0.11662036922257689,3.456106096739113,1.7052534539661877,0.1178245374892454,-1.3762578964233398,0.17,-1.2
1775609797.366134,0.04122359052699676,1.4892566842430879,0.11662036922257689,3.4584969702470465,1.690924925776452,0.11902800997650738,-1.4385418891906738,0.17,-1.2
1775609797.4660926,0.16352188771809578,1.4818079726157103,-0.3256042293073225,3.4596718190199027,1.67677713169534,0.1746780706251851,-1.5202313661575317,0.17,-1.2
1775609797.5661104,0.16352188771809578,1.4818079726157103,-0.3256042293073225,3.459821432468808,1.6650111515566546,0.11811479891837669,-1.6032999753952026,0.17,-1.15
1775609797.6661668,0.16352188771809578,1.4818079726157103,-0.3256042293073225,3.458931885000747,1.6504611338157429,0.11541368750978766,-1.66704261302948,0.17,-1.0999999999999999
1775609797.7661781,0.16352188771809578,1.4818079726157103,-0.3256042293073225,3.456895641803589,1.6359507906304218,0.173114039659388,-1.740152716636658,0.17,-1.0499999999999998
1775609797.866086,0.2297468135081238,1.447044078985745,-0.6205387517609613,3.454452788125864,1.624026023897779,0.11918631603413175,-1.8131928443908691,0.17,-0.9999999999999999
1775609797.96623,0.2297468135081238,1.447044078985745,-0.6205387517609613,3.4503642118789513,1.6091392385897905,0.12349025354435475,-1.8698471784591675,0.17,-0.9499999999999998
1775609798.0661995,0.2297468135081238,1.447044078985745,-0.6205387517609613,3.445162889952538,1.5944433099461481,0.18831733307776974,-1.9378145933151245,0.17,-0.8999999999999999
1775609798.1661842,0.2297468135081238,1.447044078985745,-0.6205387517609613,3.4404686447570474,1.5831843957890812,0.11920057479236279,-1.9990304708480833,0.17,-0.8499999999999999
1775609798.2661357,0.28019988835668885,1.3960743857804547,-0.8910400707514539,3.4337951714651584,1.5694603869901838,0.12086921075417172,-2.0621337890625,0.17,-0.7999999999999999
1775609798.3661923,0.28019988835668885,1.3960743857804547,-0.8910400707514539,3.42581952209056,1.5553625031011986,0.12930230280516952,-2.1132161617279053,0.17,-0.7499999999999999
1775609798.4661438,0.28019988835668885,1.3960743857804547,-0.8910400707514539,3.4171060314955306,1.5419192660042382,0.18912952298113236,-2.1689192056655884,0.17,-0.7
1775609798.5661488,0.28019988835668885,1.3960743857804547,-0.8910400707514539,3.4095387784851905,1.5313693316468426,0.13521226309049164,-2.222096562385559,0.17,-0.7
1775609798.6661353,0.3080756197248187,1.338443114001907,-1.1126630265070967,3.39904395588557,1.5181467326469147,0.13612593128299247,-2.2647470235824585,0.17,-0.7
1775609798.7661793,0.3080756197248187,1.338443114001907,-1.1126630265070967,3.38790677464094,1.5056301924352427,0.20141072673701624,-2.3203227519989014,0.17,-0.6499999999999999
1775609798.8662434,0.3080756197248187,1.338443114001907,-1.1126630265070967,3.3787014176243675,1.496189622286538,0.13487211574654204,-2.3733233213424683,0.17,-0.6
1775609798.9662423,0.3080756197248187,1.338443114001907,-1.1126630265070967,3.3664522202930764,1.4847951761676725,0.13378908239690343,-2.414768099784851,0.17,-0.6
1775609799.0661845,0.3337029338793658,1.2805191554894264,-1.3049851064961893,3.3534234328729715,1.4739026702229114,0.20509511507009465,-2.464274287223816,0.17,-0.6
1775609799.1661437,0.3337029338793658,1.2805191554894264,-1.3049851064961893,3.342612755433779,1.465582924967056,0.13797941593813448,-2.5131691694259644,0.17,-0.6
1775609799.2661524,0.3337029338793658,1.2805191554894264,-1.3049851064961893,3.328413031150121,1.4556358876231377,0.13666143544870907,-2.5499571561813354,0.17,-0.6
1775609799.3661618,0.3337029338793658,1.2805191554894264,-1.3049851064961893,3.313608123237338,1.4463269493560194,0.2070916093125189,-2.6006282567977905,0.17,-0.6
1775609799.4661293,0.3337029338793658,1.2805191554894264,-1.3049851064961893,3.3019219114553486,1.439639699385181,0.13184529368957457,-2.649495482444763,0.17,-0.6
1775609799.5663273,0.3337029338793658,1.2805191554894264,-1.3049851064961893,3.28672236843429,1.4318402244682054,0.1371641602177635,-2.6905208826065063,0.17,-0.6
1775609799.6661973,0.34336905840926507,1.1864760202044902,-1.579016846936911,3.2714985328710235,1.4249657842862735,0.20151855021547962,-2.7367557287216187,0.17,-0.6
1775609799.7661526,0.34336905840926507,1.1864760202044902,-1.579016846936911,3.255531106594646,1.418612642378831,0.20361450802475314,-2.7816673517227173,0.17,-0.6
1775609799.8661237,0.34336905840926507,1.1864760202044902,-1.579016846936911,3.2428980535777177,1.4141794947651405,0.1383295893680971,-2.8316391706466675,0.17,-0.6
1775609799.9661317,0.34336905840926507,1.1864760202044902,-1.579016846936911,3.2266618948929144,1.4092877853875156,0.13213674333615708,-2.87848436832428,0.17,-0.6
1775609800.0661798,0.34336905840926507,1.1864760202044902,-1.579016846936911,3.210477814128953,1.4052554161700082,0.1367092752652079,-2.9202431440353394,0.17,-0.6
1775609800.1661088,0.34336905840926507,1.1864760202044902,-1.579016846936911,3.1932363696468804,1.4019031090051743,0.21062302066825891,-2.9698113203048706,0.17,-0.6
1775609800.2660823,0.3089732587615406,1.0786624459879397,-1.8732381637514917,3.1794227566560425,1.3998154427044156,0.13762729191252226,-3.01817524433136,0.17,-0.6
1775609800.3661673,0.3089732587615406,1.0786624459879397,-1.8732381637514917,3.1623575081812345,1.3980166578774946,0.1393133603215282,-3.058886170387268,0.17,-0.6
1775609800.4662108,0.3089732587615406,1.0786624459879397,-1.8732381637514917,3.144969253389419,1.3970991316460888,0.2088517296012579,-3.1088751554489136,0.17,-0.6
1775609800.5661547,0.3089732587615406,1.0786624459879397,-1.8732381637514917,3.1316574412428477,1.3969859686763066,0.13657662259934175,3.1222290436374114,0.17,-0.6
1775609800.6662216,0.3089732587615406,1.0786624459879397,-1.8732381637514917,3.1145353373411404,1.3976368336643823,0.13624169797916155,3.0811736027347014,0.17,-0.6
1775609800.7661936,0.3089732587615406,1.0786624459879397,-1.8732381637514917,3.097266284389159,1.399167410236809,0.2067336211635705,3.035840217267172,0.17,-0.6
1775609800.8661075,0.27578387967784,1.0093068930725242,-2.169239635768497,3.083659624891199,1.4009064800731552,0.13179110957291237,2.986373368893759,0.17,-0.6
1775609800.966183,0.27578387967784,1.0093068930725242,-2.169239635768497,3.0666804957944063,1.4038698050898044,0.13797063086596842,2.9470996300326746,0.17,-0.6
1775609801.0662246,0.27578387967784,1.0093068930725242,-2.169239635768497,3.049925998975002,1.407690993938817,0.20533519047429089,2.898233596478598,0.17,-0.6
1775609801.1662216,0.27578387967784,1.0093068930725242,-2.169239635768497,3.0369626383548014,1.4112342482357072,0.1398221400217727,2.8470363060580652,0.17,-0.6
1775609801.266221,0.27578387967784,1.0093068930725242,-2.169239635768497,3.0206226557770166,1.416475470164026,0.13438232281610749,2.811358873044149,0.17,-0.6
1775609801.3661668,0.27578387967784,1.0093068930725242,-2.169239635768497,3.0240152028900447,1.4149967694383625,0.20938636791742052,2.7637680768966675,0.17,-0.6
1775609801.4661443,0.21888386088979875,0.9460669322508618,-2.4495705488339556,3.0111283145811507,1.4204561104873799,0.14102543394500125,2.710774779319763,0.17,-0.6
1775609801.5661733,0.21888386088979875,0.9460669322508618,-2.4495705488339556,2.996095661263355,1.4276815972031853,0.12789007082939755,2.6713896989822388,0.17,-0.6
1775609801.6661916,0.21888386088979875,0.9460669322508618,-2.4495705488339556,2.9810687443943493,1.4358612535666386,0.20487671044294797,2.624975800514221,0.17,-0.6
1775609801.7661803,0.21888386088979875,0.9460669322508618,-2.4495705488339556,2.966404467315585,1.4447722563021332,0.2106412317913055,2.576654314994812,0.17,-0.6
1775609801.8660908,0.21888386088979875,0.9460669322508618,-2.4495705488339556,2.9551287255534726,1.4522686344699078,0.13988178096097068,2.528519034385681,0.17,-0.6
1775609801.9661515,0.21888386088979875,0.9460669322508618,-2.4495705488339556,2.9413275460904487,1.4622950527509149,0.13185010933539595,2.4931222200393677,0.17,-0.6
1775609802.0661817,0.13218026870800625,0.8932503391926604,-2.7414122266247056,2.9281665381555384,1.4729469036253884,0.20778803061517495,2.440370202064514,0.17,-0.6
1775609802.1661246,0.13218026870800625,0.8932503391926604,-2.7414122266247056,2.9182150474828923,1.4817510760438273,0.13482611649268525,2.3897625207901,0.17,-0.6
1775609802.266111,0.13218026870800625,0.8932503391926604,-2.7414122266247056,2.9060059170245642,1.4936277640067326,0.1311400499995378,2.3404818773269653,0.17,-0.6
1775609802.3661263,0.13218026870800625,0.8932503391926604,-2.7414122266247056,2.8943816374659264,1.506043548422661,0.1323214638424527,2.303843855857849,0.17,-0.6
1775609802.466133,0.13218026870800625,0.8932503391926604,-2.7414122266247056,2.8835214527260673,1.5187687927224494,0.20680484114486114,2.2615193128585815,0.17,-0.6
1775609802.5661106,0.13218026870800625,0.8932503391926604,-2.7414122266247056,2.8751636062184343,1.5293572543930398,0.138516475738585,2.212731719017029,0.17,-0.6
1775609802.6661518,0.058394957715883794,0.8744861622015174,-3.0171466800189877,2.8654479930589516,1.5429137363554963,0.13651615223125804,2.1624597311019897,0.17,-0.6
1775609802.7662268,0.058394957715883794,0.8744861622015174,-3.0171466800189877,2.856365793772794,1.5569032592596224,0.13242424508667422,2.1271783113479614,0.17,-0.6
1775609802.8661668,0.058394957715883794,0.8744861622015174,-3.0171466800189877,2.847628562093152,1.571877211275008,0.2083385031331162,2.0791791677474976,0.17,-0.6
1775609802.9661589,0.058394957715883794,0.8744861622015174,-3.0171466800189877,2.839902147595951,1.5866298302693933,0.20129262573234188,2.034690260887146,0.17,-0.6
1775609803.0661025,0.058394957715883794,0.8744861622015174,-3.0171466800189877,2.834124497836291,1.598791559125958,0.1287444056298652,1.9876545667648315,0.17,-0.6
1775609803.166139,0.058394957715883794,0.8744861622015174,-3.0171466800189877,2.827551705589516,1.614340861094454,0.13679400109296663,1.947806477546692,0.17,-0.6
1775609803.2661595,-0.06600582645083512,0.8616807594160981,2.9848982218530384,2.8218157496075387,1.6302173793092367,0.20037953546618553,1.8968976736068728,0.17,-0.6
1775609803.3661792,-0.06600582645083512,0.8616807594160981,2.9848982218530384,2.817735506831157,1.6431547915293565,0.13177021988762463,1.8496426343917844,0.17,-0.6
1775609803.4661527,-0.06600582645083512,0.8616807594160981,2.9848982218530384,2.813315429589243,1.6596567448107362,0.13225385680563692,1.8041058778762817,0.17,-0.6
1775609803.5661871,-0.06600582645083512,0.8616807594160981,2.9848982218530384,2.8096403092490716,1.676444321843443,0.141732747444085,1.7646437883377075,0.17,-0.6
1775609803.6662138,-0.06600582645083512,0.8616807594160981,2.9848982218530384,2.8068319533958412,1.693449232830639,0.20457431895921716,1.71409547328949,0.17,-0.6
1775609803.7661672,-0.06600582645083512,0.8616807594160981,2.9848982218530384,2.80522399466586,1.706715220294208,0.13260792500586846,1.666133522987366,0.17,-0.6
1775609803.866216,-0.16453580303741303,0.8849848323178776,2.7337718351856046,2.8039041544621135,1.7236973496807213,0.13239521865902296,1.6275850534439087,0.17,-0.6
1775609803.9662535,-0.16453580303741303,0.8849848323178776,2.7337718351856046,2.8034354627339355,1.7406732164523837,0.20844643147996622,1.5800914764404297,0.17,-0.5499999999999999
1775609804.0661292,-0.16453580303741303,0.8849848323178776,2.7337718351856046,2.8037747877418453,1.757297683520902,0.19915915690537564,1.531231999397278,0.17,-0.5
1775609804.166183,-0.16453580303741303,0.8849848323178776,2.7337718351856046,2.8046356126205483,1.7711147819929591,0.13913539498820077,1.4817888736724854,0.17,-0.45
1775609804.2660801,-0.16453580303741303,0.8849848323178776,2.7337718351856046,2.8064422820326933,1.7879757182373137,0.13919495850393643,1.4446767568588257,0.17,-0.4
1775609804.366187,-0.16453580303741303,0.8849848323178776,2.7337718351856046,2.809181210805671,1.8057609167024218,0.21284367104949395,1.4008605480194094,0.17,-0.35000000000000003
1775609804.4661608,-0.24517093696294096,0.9328431554324154,2.4660004127038007,2.812516911154278,1.822903120391395,0.18786016854682064,1.3659087419509888,0.17,-0.30000000000000004
1775609804.566167,-0.24517093696294096,0.9328431554324154,2.4660004127038007,2.8157030662680813,1.8371811176718926,0.14487623002936018,1.336301565170288,0.17,-0.25000000000000006
1775609804.6661081,-0.24517093696294096,0.9328431554324154,2.4660004127038007,2.8201566100602364,1.8543553557634211,0.20994653966379082,1.3054174184799192,0.17,-0.20000000000000007
1775609804.766082,-0.24517093696294096,0.9328431554324154,2.4660004127038007,2.8250923251719398,1.8713446991515899,0.20693705858241557,1.27821683883667,0.17,-0.15000000000000008
1775609804.866141,-0.24517093696294096,0.9328431554324154,2.4660004127038007,2.8294129684333096,1.8850562523871999,0.13155593171936444,1.2529577016830442,0.17,-0.10000000000000007
1775609804.9661033,-0.24517093696294096,0.9328431554324154,2.4660004127038007,2.835198318444684,1.902310452385803,0.15009030431104486,1.2398041486740112,0.17,-0.05000000000000007
1775609805.066219,-0.24517093696294096,0.9328431554324154,2.4660004127038007,2.840954311441584,1.918852594611116,0.14661062816230006,1.2320423126220703,0.17,-6.938893903907228e-17
1775609805.166248,-0.24517093696294096,0.9328431554324154,2.4660004127038007,2.8469512966872323,1.9355780307260875,0.210880294785411,1.223479151725769,0.17,0.04999999999999993
1775609805.2661245,-0.24517093696294096,0.9328431554324154,2.4660004127038007,2.8518283599503516,1.9489673662679754,0.1350436757583628,1.2212005853652954,0.17,0.09999999999999994
1775609805.3661563,-0.24517093696294096,0.9328431554324154,2.4660004127038007,2.858032099515085,1.965994897243713,0.14123549986281903,1.2228059768676758,0.17,0.14999999999999994
1775609805.4661317,-0.24517093696294096,0.9328431554324154,2.4660004127038007,2.8640312685481844,1.9826388808031448,0.1453493079596777,1.2286792993545532,0.17,0.19999999999999996
1775609805.566146,-0.24517093696294096,0.9328431554324154,2.4660004127038007,2.869745473526408,1.9991686208357553,0.21141447740643027,1.2445958852767944,0.17,0.25
1775609805.6661794,-0.24517093696294096,0.9328431554324154,2.4660004127038007,2.875185374802551,2.016003431702937,0.20038015087813962,1.2671513557434084,0.17,0.3
1775609805.7660983,-0.24517093696294096,0.9328431554324154,2.4660004127038007,2.879344508282971,2.0297912966766063,0.14763787295496622,1.2914836406707761,0.17,0.35
1775609805.8661578,-0.24517093696294096,0.9328431554324154,2.4660004127038007,2.8840406212403242,2.0467173220746626,0.14005603918385495,1.311037302017212,0.17,0.39999999999999997
1775609805.9661765,-0.24517093696294096,0.9328431554324154,2.4660004127038007,2.8882861378805282,2.0641784267773726,0.21964829974490302,1.3488187789916992,0.17,0.44999999999999996
1775609806.0662134,-0.4386227869349763,1.0962665283761546,2.4716525510567346,2.891185556065699,2.0782328568660047,0.13898715135947046,1.3903141021728518,0.17,0.49999999999999994
1775609806.166182,-0.4386227869349763,1.0962665283761546,2.4716525510567346,2.8940929379016445,2.0956836507581746,0.1347479754361599,1.4305039644241335,0.17,0.5499999999999999
1775609806.2662356,-0.4386227869349763,1.0962665283761546,2.4716525510567346,2.8962862945187036,2.1133916476826244,0.14312143459044885,1.4670724868774414,0.17,0.6
1775609806.366172,-0.4386227869349763,1.0962665283761546,2.4716525510567346,2.897595071443756,2.1312876526064866,0.2120756510480597,1.5192919969558716,0.17,0.65
1775609806.4661484,-0.4386227869349763,1.0962665283761546,2.4716525510567346,2.898005460312507,2.144948335712418,0.13967537120055104,1.5658292770385742,0.17,0.7
1775609806.5661619,-0.4386227869349763,1.0962665283761546,2.4716525510567346,2.8977800183913414,2.1616256590436134,0.13480952438342841,1.608065605163574,0.17,0.75
1775609806.6661634,-0.514023844587058,1.1400957479409108,2.7515778012560226,2.8965703138067465,2.1785135518581225,0.20360517349059948,1.6656872034072876,0.17,0.7999999999999999
1775609806.7661114,-0.514023844587058,1.1400957479409108,2.7515778012560226,2.8950149444869275,2.19155621787203,0.13397364055520503,1.7190099954605105,0.17,0.85
1775609806.8661587,-0.514023844587058,1.1400957479409108,2.7515778012560226,2.892302207081406,2.207319353385347,0.13067810643480154,1.7747136354446411,0.17,0.8999999999999999
1775609806.9661996,-0.514023844587058,1.1400957479409108,2.7515778012560226,2.8887208888988685,2.22298643603514,0.13065209435912867,1.8221510648727417,0.17,0.95
1775609807.066114,-0.5583074465011449,1.1475407800379605,2.948684988617801,2.885124857935574,2.2353819149939933,0.12852803997148463,1.890570044517517,0.17,0.9999999999999999
1775609807.16615,-0.5583074465011449,1.1475407800379605,2.948684988617801,2.8798963680426923,2.2499610600128306,0.1247109267280078,1.952813982963562,0.17,1.0499999999999998
1775609807.2661948,-0.5583074465011449,1.1475407800379605,2.948684988617801,2.8738206353100195,2.2639877726911357,0.12415113024711352,2.0119060277938843,0.17,1.0999999999999999
1775609807.366169,-0.5583074465011449,1.1475407800379605,2.948684988617801,2.866462970158245,2.2779603525477,0.18964854027927533,2.0841537714004517,0.17,1.15
1775609807.466079,-0.6132976914451622,1.1649974821539857,-3.080909695698347,2.86021030145128,2.28825620812835,0.11532275560750098,2.159251093864441,0.17,1.2
1775609807.5661352,-0.6132976914451622,1.1649974821539857,-3.080909695698347,2.8516082702070045,2.3003990935846423,0.11696859709594383,2.220572829246521,0.17,1.2
1775609807.6661816,-0.6132976914451622,1.1649974821539857,-3.080909695698347,2.841971717767018,2.311869334529108,0.17947007462383557,2.3016101121902466,0.17,1.2
1775609807.7661164,-0.6132976914451622,1.1649974821539857,-3.080909695698347,2.83213882913671,2.3218266758312027,0.16960663257013248,2.382400870323181,0.17,1.2
1775609807.8661358,-0.6650597433842097,1.1633242501501488,-2.78303203465425,2.8238475444440905,2.329182687584623,0.11035375385345321,2.458838105201721,0.17,1.2
1775609807.966088,-0.6650597433842097,1.1633242501501488,-2.78303203465425,2.8122786922572374,2.337965932092974,0.11346772126906231,2.542922616004944,0.17,1.2
1775609808.0661569,-0.6650597433842097,1.1633242501501488,-2.78303203465425,2.80008873547127,2.3457734577700684,0.1199738674954166,2.6066635847091675,0.17,1.2
1775609808.1661685,-0.6650597433842097,1.1633242501501488,-2.78303203465425,2.78733922978075,2.3525195831284336,0.17532010129550307,2.687379002571106,0.17,1.2
1775609808.2660568,-0.7072628117297696,1.1230997914381882,-2.463667748658337,2.776351682837502,2.3573934406844956,0.11994025989448523,2.7700003385543823,0.17,1.2
1775609808.366162,-0.7072628117297696,1.1230997914381882,-2.463667748658337,2.779229638377612,2.35611832762089,0.11702822587193865,2.8365725914584563,0.17,1.2
1775609808.4661584,-0.7072628117297696,1.1230997914381882,-2.463667748658337,2.7676660001692635,2.3593054668737636,0.12050205168179186,2.917419616376059,0.17,1.2
1775609808.5661695,-0.7072628117297696,1.1230997914381882,-2.463667748658337,2.7533123168879015,2.3621224944942685,0.11539529859973448,2.9863085190402434,0.17,1.2
1775609808.6661503,-0.7338648949611613,1.1024796401445098,-2.1673403970153546,2.73856881573833,2.363714327526095,0.17430341719665324,3.0663048664676116,0.17,1.2
1775609808.7661023,-0.7338648949611613,1.1024796401445098,-2.1673403970153546,2.7269371046314843,2.3641691621164975,0.1134379238964338,-3.1370800733566284,0.17,1.2
1775609808.8662229,-0.7338648949611613,1.1024796401445098,-2.1673403970153546,2.7122426558562105,2.36364999698437,0.1173925123055796,-3.071579098701477,0.17,1.15
1775609808.9660969,-0.7338648949611613,1.1024796401445098,-2.1673403970153546,2.697715344145801,2.3619464366168454,0.17166541030851457,-2.9932464361190796,0.17,1.0499999999999998
1775609809.0660844,-0.7640973142653402,1.0560527620310356,-1.8738486856029277,2.683556040705339,2.3591919737457943,0.16938181616648304,-2.919792056083679,0.17,0.9999999999999999
1775609809.1660697,-0.7640973142653402,1.0560527620310356,-1.8738486856029277,2.671801459668702,2.3561289033907604,0.09892193746926611,-2.8470720052719116,0.17,0.9499999999999998
1775609809.2661705,-0.7640973142653402,1.0560527620310356,-1.8738486856029277,2.6575856844294985,2.3513978001756612,0.11827968088122405,-2.78862988948822,0.17,0.8999999999999999
1775609809.3661814,-0.7640973142653402,1.0560527620310356,-1.8738486856029277,2.643308127036322,2.3454609391730012,0.1834296843154523,-2.7210198640823364,0.17,0.8499999999999999
1775609809.466161,-0.77971147897,0.9964903376200194,-1.6109964312532097,2.632138358680246,2.3400747242883377,0.12303629994170376,-2.656164765357971,0.17,0.7999999999999999
1775609809.5662036,-0.77971147897,0.9964903376200194,-1.6109964312532097,2.617820593751966,2.3320772168543606,0.13698434893765596,-2.603554606437683,0.17,0.7499999999999999
1775609809.6661534,-0.77971147897,0.9964903376200194,-1.6109964312532097,2.604146195583775,2.3232091666649413,0.19652342095088635,-2.541488528251648,0.17,0.7
1775609809.7661562,-0.77971147897,0.9964903376200194,-1.6109964312532097,2.593732339859366,2.3156699255643094,0.1271584171136959,-2.4831069707870483,0.17,0.6499999999999999
1775609809.8660665,-0.7817315460217009,0.9465565811849684,-1.3909380858263014,2.580634485522305,2.305100936424393,0.1341580572568934,-2.431247115135193,0.17,0.5499999999999999
1775609809.966124,-0.7817315460217009,0.9465565811849684,-1.3909380858263014,2.5679801976385455,2.293774880984558,0.13880054612602907,-2.391344428062439,0.17,0.5
1775609810.0661542,-0.7817315460217009,0.9465565811849684,-1.3909380858263014,2.555918539832147,2.2818920055288285,0.20739072879346307,-2.3459378480911255,0.17,0.45
1775609810.1661878,-0.7817315460217009,0.9465565811849684,-1.3909380858263014,2.5466010357647053,2.271963067393362,0.13494434472943054,-2.2976129055023193,0.17,0.4
1775609810.2662303,-0.7817315460217009,0.9465565811849684,-1.3909380858263014,2.5351573518872987,2.258670900697719,0.1366127743077352,-2.2623642683029175,0.17,0.35000000000000003
1775609810.3661501,-0.7817315460217009,0.9465565811849684,-1.3909380858263014,2.5240982579694164,2.244700304745651,0.21359186712922895,-2.225580930709839,0.17,0.30000000000000004
1775609810.4661188,-0.7503925647596541,0.8736674263077351,-1.163366140634633,2.5156012744806286,2.233292978961269,0.13828129097244451,-2.19277560710907,0.17,0.25000000000000006
1775609810.5661094,-0.7503925647596541,0.8736674263077351,-1.163366140634633,2.5053250287634548,2.218551100087273,0.14743361936041255,-2.162592649459839,0.17,0.15000000000000008
1775609810.6660614,-0.7503925647596541,0.8736674263077351,-1.163366140634633,2.4952213922055138,2.2031725294988704,0.14720265621535011,-2.1426587104797363,0.17,0.10000000000000007
1775609810.7660968,-0.7503925647596541,0.8736674263077351,-1.163366140634633,2.4858654081666085,2.1882165475880266,0.20412968557348088,-2.1213033199310303,0.17,0.05000000000000007
1775609810.8660989,-0.7503925647596541,0.8736674263077351,-1.163366140634633,2.47840885298802,2.175925050884843,0.1479888635509795,-2.109562873840332,0.17,6.938893903907228e-17
1775609810.9661849,-0.7503925647596541,0.8736674263077351,-1.163366140634633,2.4692555930059252,2.16054856480942,0.13925765900822273,-2.106363534927368,0.17,-0.04999999999999993
1775609811.0661838,-0.7503925647596541,0.8736674263077351,-1.163366140634633,2.4600928319986823,2.1450893986465642,0.21526432261549788,-2.10615873336792,0.17,-0.09999999999999994
1775609811.1662185,-0.7503925647596541,0.8736674263077351,-1.163366140634633,2.452822196853942,2.132863311451777,0.14550655550931174,-2.108423590660095,0.17,-0.14999999999999994
1775609811.2661455,-0.7503925647596541,0.8736674263077351,-1.163366140634633,2.4433707997822767,2.1170752628929104,0.1477088142819172,-2.1138341426849365,0.17,-0.19999999999999996
1775609811.3665047,-0.7503925647596541,0.8736674263077351,-1.163366140634633,2.4338424285049385,2.101541113719564,0.22045918902628056,-2.1268811225891113,0.17,-0.24999999999999994
1775609811.466141,-0.7503925647596541,0.8736674263077351,-1.163366140634633,2.4242887272056843,2.0865903310163345,0.21599772589636446,-2.1469215154647827,0.17,-0.29999999999999993
1775609811.566166,-0.7503925647596541,0.8736674263077351,-1.163366140634633,2.4163691642958587,2.074683235996483,0.14651595134909617,-2.1703178882598877,0.17,-0.3499999999999999
1775609811.6661713,-0.7503925647596541,0.8736674263077351,-1.163366140634633,2.405874398103819,2.059568853472896,0.15023400636748058,-2.1892136335372925,0.17,-0.3999999999999999
1775609811.7662623,-0.7503925647596541,0.8736674263077351,-1.163366140634633,2.395312554396171,2.045312863804398,0.21716743067611355,-2.222618341445923,0.17,-0.4
1775609811.8661115,-0.7503925647596541,0.8736674263077351,-1.163366140634633,2.386471538653699,2.034138003626459,0.1447506974131126,-2.261375904083252,0.17,-0.4
1775609811.9661634,-0.7503925647596541,0.8736674263077351,-1.163366140634633,2.374848947820332,2.020465765956741,0.14444389828100695,-2.292086601257324,0.17,-0.4
1775609812.0661829,-0.7503925647596541,0.8736674263077351,-1.163366140634633,2.362609199456383,2.0071709206211374,0.21748278324079018,-2.3290055990219116,0.17,-0.4
1775609812.1661894,-0.7503925647596541,0.8736674263077351,-1.163366140634633,2.350363878189642,1.9948265453719247,0.21068352328106907,-2.367273211479187,0.17,-0.4
1775609812.2661383,-0.7503925647596541,0.8736674263077351,-1.163366140634633,2.3402447368288137,1.9852674597164455,0.1392378840677108,-2.405490756034851,0.17,-0.4
1775609812.3662171,-0.6370422628509259,0.6038854388785897,-1.3725675864857303,2.3270714257961327,1.9736869972051228,0.1424088933843438,-2.4375752210617065,0.17,-0.4
1775609812.4661407,-0.6370422628509259,0.6038854388785897,-1.3725675864857303,2.3128859316165262,1.9622079426636256,0.2203713968077964,-2.4758838415145874,0.17,-0.4
1775609812.5661523,-0.6370422628509259,0.6038854388785897,-1.3725675864857303,2.30125339670113,1.9533788771775173,0.14347576131379056,-2.5108786821365356,0.17,-0.4
1775609812.6662621,-0.6370422628509259,0.6038854388785897,-1.3725675864857303,2.2863928289388586,1.9428753750153855,0.14448375173754321,-2.543518900871277,0.17,-0.4
1775609812.7661738,-0.6370422628509259,0.6038854388785897,-1.3725675864857303,2.2712393430900084,1.9330298340863168,0.2605408777157662,-2.581424593925476,0.17,-0.35000000000000003
1775609812.8661098,-0.6370422628509259,0.6038854388785897,-1.3725675864857303,2.258884990334153,1.9255805227502178,0.1519720429429029,-2.619329333305359,0.17,-0.30000000000000004
1775609812.9661484,-0.6351137833763567,0.507006736590605,-1.5655786254766764,2.242962100764316,1.9166137598369088,0.16018294008912845,-2.640915274620056,0.17,-0.25000000000000006
1775609813.0660956,-0.6351137833763567,0.507006736590605,-1.5655786254766764,2.2269871417992517,1.9082195744222832,0.22248668819278306,-2.6690231561660767,0.17,-0.15000000000000008
1775609813.1660714,-0.6351137833763567,0.507006736590605,-1.5655786254766764,2.2112202114198762,1.90047734683339,0.21267926477817664,-2.695268750190735,0.17,-0.10000000000000007
1775609813.266435,-0.6351137833763567,0.507006736590605,-1.5655786254766764,2.1982151494034596,1.8944095131932548,0.14061649226372266,-2.71599280834198,0.17,-0.05000000000000007
1775609813.3661494,-0.6351137833763567,0.507006736590605,-1.5655786254766764,2.182044054365227,1.8871705460159425,0.1345268347831657,-2.726784110069275,0.17,-6.938893903907228e-17
1775609813.4661734,-0.6351137833763567,0.507006736590605,-1.5655786254766764,2.1655565282959985,1.8800219641113054,0.21109238237696903,-2.734838366508484,0.17,-2.7755575615628914e-17
1775609813.5660903,-0.6351137833763567,0.507006736590605,-1.5655786254766764,2.149283705877629,1.873078795446386,0.2186100289984759,-2.7401973009109497,0.17,-2.7755575615628914e-17
1775609813.6660953,-0.6351137833763567,0.507006736590605,-1.5655786254766764,2.1367715123432593,1.8677700217290618,0.13304284176640654,-2.7411500215530396,0.17,-2.7755575615628914e-17
1775609813.7660947,-0.6351137833763567,0.507006736590605,-1.5655786254766764,2.1200331125147596,1.8606928369327935,0.14317492220218989,-2.7408441305160522,0.17,-2.7755575615628914e-17
1775609813.8660812,-0.6351137833763567,0.507006736590605,-1.5655786254766764,2.103686310215676,1.8537943860250616,0.21502029375804355,-2.742735505104065,0.17,-2.7755575615628914e-17
1775609813.96608,-0.6351137833763567,0.507006736590605,-1.5655786254766764,2.0871926076602647,1.8468534622887152,0.21317542527414504,-2.7441850900650024,0.17,-2.7755575615628914e-17
1775609814.0660844,-0.6351137833763567,0.507006736590605,-1.5655786254766764,2.0742819132732766,1.8414474818555702,0.13515663235816883,-2.745580792427063,0.17,-2.7755575615628914e-17
1775609814.1660697,-0.6351137833763567,0.507006736590605,-1.5655786254766764,2.0577946897725976,1.8345565506959653,0.1371024729915791,-2.7450963258743286,0.17,-2.7755575615628914e-17
1775609814.2660897,-0.6351137833763567,0.507006736590605,-1.5655786254766764,2.0407503878827105,1.8274232523952318,0.2217961798484771,-2.7456048727035522,0.17,-2.7755575615628914e-17
1775609814.3660693,-0.6351137833763567,0.507006736590605,-1.5655786254766764,2.0273193791019835,1.821818209836718,0.14483743050816275,-2.7479676008224487,0.17,-2.7755575615628914e-17
1775609814.4660652,-0.6351137833763567,0.507006736590605,-1.5655786254766764,2.010916899604942,1.8150532213714734,0.13767761341169155,-2.75151264667511,0.17,-2.7755575615628914e-17
1775609814.5660887,-0.6351137833763567,0.507006736590605,-1.5655786254766764,1.9939459306349903,1.808073408233125,0.22117847085379203,-2.752151846885681,0.17,-2.7755575615628914e-17
1775609814.6661236,-0.6351137833763567,0.507006736590605,-1.5655786254766764,1.9774880359487628,1.8013100340344865,0.20756810684469573,-2.751947045326233,0.17,-2.7755575615628914e-17
1775609814.7661803,-0.6735177250157699,0.2072736318488394,-1.7082957720558285,1.9640419414333548,1.7958077628625908,0.14400375918157204,-2.7537366151809692,0.17,-0.05000000000000003
1775609814.866142,-0.6735177250157699,0.2072736318488394,-1.7082957720558285,1.9472592313338661,1.788969354323439,0.2193179544746251,-2.7554320096969604,0.17,-0.10000000000000003
1775609814.9661822,-0.6735177250157699,0.2072736318488394,-1.7082957720558285,1.933820637196015,1.7835157568884628,0.14583599346369644,-2.758776545524597,0.17,-0.15000000000000002
1775609815.0661385,-0.6735177250157699,0.2072736318488394,-1.7082957720558285,1.9167707672751182,1.7767311371808148,0.14468454235679218,-2.7698339223861694,0.17,-0.2
1775609815.1661794,-0.6735177250157699,0.2072736318488394,-1.7082957720558285,1.9001554723769662,1.77036449214917,0.14352917864128875,-2.783063054084778,0.17,-0.25
1775609815.2661455,-0.6735177250157699,0.2072736318488394,-1.7082957720558285,1.8833146815222364,1.7642401819730895,0.21995490550492028,-2.80046546459198,0.17,-0.3
1775609815.3661222,-0.6735177250157699,0.2072736318488394,-1.7082957720558285,1.8697188281714971,1.7595681420056393,0.14837637302479223,-2.8248921632766724,0.17,-0.30000000000000004
1775609815.466172,-0.6735177250157699,0.2072736318488394,-1.7082957720558285,1.8523976950852188,1.7540700674181722,0.1443597397033098,-2.847497820854187,0.17,-0.30000000000000004
1775609815.5661385,-0.6735177250157699,0.2072736318488394,-1.7082957720558285,1.8352776418656644,1.7492231373031968,0.21814328332832925,-2.877210021018982,0.17,-0.30000000000000004
1775609815.6661649,-0.6735177250157699,0.2072736318488394,-1.7082957720558285,1.8213976211392133,1.7456787002652112,0.14098187856409886,-2.907704710960388,0.17,-0.30000000000000004
1775609815.7663212,-0.6735177250157699,0.2072736318488394,-1.7082957720558285,1.803477223081051,1.741615492505859,0.14677029026365584,-2.9308189153671265,0.17,-0.30000000000000004
1775609815.8661625,-0.6735177250157699,0.2072736318488394,-1.7082957720558285,1.7853410931886102,1.7380869295517316,0.2218543034862558,-2.9637688398361206,0.17,-0.25000000000000006
1775609815.9660752,-0.7023451502148094,0.02359377383344112,-1.905694571897219,1.7712631410277269,1.7357233937860375,0.14509120414658805,-2.987334370613098,0.17,-0.15000000000000008
1775609816.0660706,-0.7023451502148094,0.02359377383344112,-1.905694571897219,1.753444558868821,1.7332062486534034,0.14270971219609202,-3.0146485567092896,0.17,-0.10000000000000007
1775609816.1660573,-0.7023451502148094,0.02359377383344112,-1.905694571897219,1.735325710619252,1.731031442978087,0.2206758287559113,-3.0283602476119995,0.17,-0.10000000000000003
1775609816.2661266,-0.7023451502148094,0.02359377383344112,-1.905694571897219,1.7211345780873262,1.7294845819424802,0.1464169833035122,-3.037603974342346,0.17,-0.05000000000000003
1775609816.366135,-0.7023451502148094,0.02359377383344112,-1.905694571897219,1.7028248710234117,1.7276557814450917,0.14560856200736272,-3.0477765798568726,0.17,-2.7755575615628914e-17
1775609816.4661522,-0.7023451502148094,0.02359377383344112,-1.905694571897219,1.6846722125739904,1.726048891817298,0.25568232968362475,-3.057592749595642,0.17,-2.7755575615628914e-17
1775609816.5661592,-0.7023451502148094,0.02359377383344112,-1.905694571897219,1.6702957671425993,1.7248411032784723,0.14859175949562198,-3.058975577354431,0.17,-2.7755575615628914e-17
1775609816.6661456,-0.7023451502148094,0.02359377383344112,-1.905694571897219,1.6521351162843485,1.723326591142923,0.14917116836742983,-3.0575064420700073,0.17,-2.7755575615628914e-17
1775609816.7662163,-0.7023451502148094,0.02359377383344112,-1.905694571897219,1.6341736076418125,1.721861003188012,0.252198605008055,-3.060892939567566,0.17,-2.7755575615628914e-17
1775609816.8662257,-0.7023451502148094,0.02359377383344112,-1.905694571897219,1.6165365650210646,1.7204655036893557,0.2200749057585784,-3.0640043020248413,0.17,-2.7755575615628914e-17
1775609816.9661107,-0.7023451502148094,0.02359377383344112,-1.905694571897219,1.6023049693201166,1.7193502504429576,0.15000036059332342,-3.0635184049606323,0.17,-2.7755575615628914e-17
1775609817.0661125,-0.7023451502148094,0.02359377383344112,-1.905694571897219,1.58423643134722,1.717953436801082,0.14446477479827588,-3.0657047033309937,0.17,-2.7755575615628914e-17
1775609817.1662207,-0.7023451502148094,0.02359377383344112,-1.905694571897219,1.5664434310166477,1.7166048771382263,0.2425920866724827,-3.0676292181015015,0.17,-2.7755575615628914e-17
1775609817.2661362,-0.7023451502148094,0.02359377383344112,-1.905694571897219,1.5486207133744812,1.7153148799297748,0.2237414738348794,-3.070113778114319,0.17,-2.7755575615628914e-17
1775609817.3661232,-0.7023451502148094,0.02359377383344112,-1.905694571897219,1.534582806535548,1.7143253253481434,0.1551964706567203,-3.071010708808899,0.17,-2.7755575615628914e-17
1775609817.4662056,-0.7023451502148094,0.02359377383344112,-1.905694571897219,1.5162015057881335,1.7130401112215414,0.17287980340136674,-3.0732752084732056,0.17,-2.7755575615628914e-17
1775609817.5661712,-0.8102308173797391,-0.2104947671522138,-2.010476877309012,1.498448540034404,1.711841116117566,0.28382493401600933,-3.0760709047317505,0.17,-2.7755575615628914e-17
1775609817.6661594,-0.8102308173797391,-0.2104947671522138,-2.010476877309012,1.4844048021678031,1.7109380797615854,0.1378270567250882,-3.076910138130188,0.17,-2.7755575615628914e-17
1775609817.7661855,-0.8102308173797391,-0.2104947671522138,-2.010476877309012,1.466496900724419,1.7097804878039096,0.13885424564644105,-3.0768288373947144,0.17,-2.7755575615628914e-17
1775609817.8661432,-0.8102308173797391,-0.2104947671522138,-2.010476877309012,1.4485642172524813,1.7086139351454512,0.21176933704894194,-3.0780025720596313,0.17,-2.7755575615628914e-17
1775609817.9661174,-0.8102308173797391,-0.2104947671522138,-2.010476877309012,1.4307291394436292,1.7075079123868442,0.21921193898754784,-3.081159234046936,0.17,-2.7755575615628914e-17
1775609818.0661407,-0.8102308173797391,-0.2104947671522138,-2.010476877309012,1.4166809662805306,1.7066767203195183,0.14638217950546434,-3.0819207429885864,0.17,-2.7755575615628914e-17
1775609818.1661894,-0.8102308173797391,-0.2104947671522138,-2.010476877309012,1.3987177398404755,1.7055928197109915,0.14882307058987673,-3.0820451974868774,0.17,-2.7755575615628914e-17
1775609818.2661433,-0.8102308173797391,-0.2104947671522138,-2.010476877309012,1.380702813811025,1.7045254431558483,0.2214300708363602,-3.082729935646057,0.17,-2.7755575615628914e-17
1775609818.3662136,-0.8102308173797391,-0.2104947671522138,-2.010476877309012,1.3629373959735491,1.7035278062355579,0.21536488247872654,-3.0858012437820435,0.17,-2.7755575615628914e-17
1775609818.4661412,-0.8102308173797391,-0.2104947671522138,-2.010476877309012,1.3484818106771446,1.7027276747233369,0.14483244909420123,-3.0864442586898804,0.17,-2.7755575615628914e-17
1775609818.5661411,-0.8102308173797391,-0.2104947671522138,-2.010476877309012,1.330817139901429,1.7017416336208875,0.20974480102313617,-3.0865927934646606,0.17,-2.7755575615628914e-17
1775609818.6661701,-0.8102308173797391,-0.2104947671522138,-2.010476877309012,1.3125187684382407,1.7007552733653895,0.21886414457903514,-3.0872455835342407,0.17,-2.7755575615628914e-17
1775609818.76614,-0.8102308173797391,-0.2104947671522138,-2.010476877309012,1.298440194866309,1.7000144972956381,0.14532265531393576,-3.090023398399353,0.17,-2.7755575615628914e-17
1775609818.8661313,-0.8102308173797391,-0.2104947671522138,-2.010476877309012,1.2805694755643606,1.6990892556571746,0.14510508972844288,-3.0905975103378296,0.17,-2.7755575615628914e-17
1775609818.9661412,-0.8102308173797391,-0.2104947671522138,-2.010476877309012,1.2626228120012368,1.698162299145773,0.21286314033726061,-3.089417815208435,0.17,-2.7755575615628914e-17
1775609819.0661764,-0.8102308173797391,-0.2104947671522138,-2.010476877309012,1.244750514049969,1.6972682300359294,0.21145030220771216,-3.0933085680007935,0.17,0.049999999999999975
1775609819.1660948,-0.9172492718912576,-0.4318109025066949,-2.0213485512787,1.2306934126777582,1.696605010195143,0.13722318787412655,-3.096110224723816,0.17,0.09999999999999998
1775609819.266199,-0.9172492718912576,-0.4318109025066949,-2.0213485512787,1.2128181240947828,1.695772797886009,0.13824656422316448,-3.093138575553894,0.17,0.14999999999999997
1775609819.3661392,-0.9172492718912576,-0.4318109025066949,-2.0213485512787,1.1943673018202832,1.6947940622163196,0.22100194636231113,-3.084848999977112,0.17,0.19999999999999996
1775609819.4660904,-0.9172492718912576,-0.4318109025066949,-2.0213485512787,1.1768596966509888,1.693723823774587,0.21172761823144093,-3.078801989555359,0.17,0.19999999999999998
1775609819.5661166,-0.9172492718912576,-0.4318109025066949,-2.0213485512787,1.162746398195326,1.6927260329239764,0.13577088421403144,-3.0604931116104126,0.17,0.19999999999999998
1775609819.6661322,-0.9172492718912576,-0.4318109025066949,-2.0213485512787,1.1448246751280928,1.6910961878155597,0.14734271717188444,-3.040551543235779,0.17,0.19999999999999998
1775609819.7661276,-0.9172492718912576,-0.4318109025066949,-2.0213485512787,1.1268971181081653,1.6890299107176485,0.21716946774190815,-3.0178457498550415,0.17,0.19999999999999998
1775609819.8661962,-0.9172492718912576,-0.4318109025066949,-2.0213485512787,1.1095871986177877,1.6867132701627596,0.2128166406950212,-3.002632975578308,0.17,0.19999999999999998
1775609819.9660943,-0.9172492718912576,-0.4318109025066949,-2.0213485512787,1.0954929648691716,1.684613890542395,0.14798732266636735,-2.982186436653137,0.17,0.19999999999999998
1775609820.0661123,-0.9172492718912576,-0.4318109025066949,-2.0213485512787,1.0777024175496333,1.6815864327389298,0.14584678372802282,-2.962255835533142,0.17,0.19999999999999998
1775609820.1661012,-0.9172492718912576,-0.4318109025066949,-2.0213485512787,1.0601859959427444,1.6781839242101626,0.21678812601149894,-2.9424408674240112,0.17,0.19999999999999998
1775609820.2660751,-0.9172492718912576,-0.4318109025066949,-2.0213485512787,1.0459200070971513,1.6751802430017277,0.14536112536817414,-2.922278046607971,0.17,0.19999999999999998
1775609820.366104,-0.9172492718912576,-0.4318109025066949,-2.0213485512787,1.0282827412602205,1.6711270178213289,0.1485920641254537,-2.9068349599838257,0.17,0.19999999999999998
1775609820.4661431,-0.9172492718912576,-0.4318109025066949,-2.0213485512787,1.010593255172216,1.6666439144882803,0.22125313132045127,-2.8843544721603394,0.17,0.19999999999999998
1775609820.5661364,-1.008552768207874,-0.6430514910511057,-1.8240965426356286,0.996522336427832,1.6628293206744098,0.1444731313101704,-2.866874098777771,0.17,0.19999999999999998
1775609820.6661153,-1.008552768207874,-0.6430514910511057,-1.8240965426356286,0.9787545209093109,1.657669100066312,0.1484736925242867,-2.8512872457504272,0.17,0.19999999999999998
1775609820.766156,-1.008552768207874,-0.6430514910511057,-1.8240965426356286,0.9612614286585917,1.6522113753396594,0.21628026130826816,-2.8310993909835815,0.17,0.19999999999999998
1775609820.8661644,-1.008552768207874,-0.6430514910511057,-1.8240965426356286,0.947525573861666,1.6476371277814508,0.14358891125224327,-2.8084594011306763,0.17,0.14999999999999997
1775609820.9661345,-1.008552768207874,-0.6430514910511057,-1.8240965426356286,0.9304905667617643,1.6416043846480892,0.15781731163565987,-2.791580557823181,0.17,0.09999999999999998
1775609821.0661192,-1.008552768207874,-0.6430514910511057,-1.8240965426356286,0.9131958367627,1.6351020407515544,0.2234975314272855,-2.777547240257263,0.17,0.09999999999999998
1775609821.1661792,-1.008552768207874,-0.6430514910511057,-1.8240965426356286,0.8995673460815184,1.6298533736485137,0.14551984406055915,-2.7726346254348755,0.17,0.09999999999999998
1775609821.2661834,-1.008552768207874,-0.6430514910511057,-1.8240965426356286,0.8831770822329825,1.6234659283315083,0.22143805656837412,-2.7674490213394165,0.17,0.09999999999999998
1775609821.366185,-1.008552768207874,-0.6430514910511057,-1.8240965426356286,0.8661701220293598,1.6166422127466362,0.2207337218446353,-2.754212260246277,0.17,0.09999999999999998
1775609821.4661171,-1.008552768207874,-0.6430514910511057,-1.8240965426356286,0.8526344084487135,1.611025465667938,0.14707619957591314,-2.7410229444503784,0.17,0.09999999999999998
1775609821.5661676,-1.008552768207874,-0.6430514910511057,-1.8240965426356286,0.8361396786889012,1.6039575413117915,0.15418006659357486,-2.732876181602478,0.17,0.09999999999999998
1775609821.6661355,-1.008552768207874,-0.6430514910511057,-1.8240965426356286,0.8199427376782075,1.5968392144918073,0.20920567565111367,-2.7242850065231323,0.17,0.09999999999999998
1775609821.7660935,-1.008552768207874,-0.6430514910511057,-1.8240965426356286,0.8068728376381106,1.5909735383345684,0.14753298473942839,-2.713499665260315,0.17,0.09999999999999998
1775609821.8660986,-1.008552768207874,-0.6430514910511057,-1.8240965426356286,0.7904040358369879,1.5834103995523443,0.14866991471842728,-2.7073763608932495,0.17,0.09999999999999998
1775609821.9661238,-1.008552768207874,-0.6430514910511057,-1.8240965426356286,0.7748510652860661,1.5761583199433915,0.13799940535581187,-2.70401394367218,0.17,0.09999999999999998
1775609822.066171,-1.008552768207874,-0.6430514910511057,-1.8240965426356286,0.7585584941783319,1.568456698879791,0.26516843776685917,-2.696438431739807,0.17,0.09999999999999998
1775609822.1662147,-1.0582949871327427,-0.862949818620938,-1.6606276149126682,0.7425189942899203,1.5606952806130403,0.21946095137008517,-2.686886191368103,0.17,0.09999999999999998
1775609822.2661574,-1.0582949871327427,-0.862949818620938,-1.6606276149126682,0.72942508583604,1.554227438999559,0.14592741136838613,-2.6775072813034058,0.17,0.09999999999999998
1775609822.366204,-1.0582949871327427,-0.862949818620938,-1.6606276149126682,0.7133816609461674,1.5460752023335205,0.24936695196242173,-2.667627692222595,0.17,0.09999999999999998
1775609822.4661548,-1.0582949871327427,-0.862949818620938,-1.6606276149126682,0.6974824090443004,1.5377539233067357,0.22365580546651517,-2.654971480369568,0.17,0.09999999999999998
1775609822.5661137,-1.0582949871327427,-0.862949818620938,-1.6606276149126682,0.6851240993459792,1.531128961202302,0.14713744024006567,-2.6424888372421265,0.17,0.09999999999999998
1775609822.6661048,-1.0582949871327427,-0.862949818620938,-1.6606276149126682,0.6695026575210575,1.5225571158163276,0.14257198782971334,-2.6355122327804565,0.17,0.09999999999999998
1775609822.7661154,-1.0582949871327427,-0.862949818620938,-1.6606276149126682,0.6539901228838187,1.513893055870066,0.1648393217600239,-2.6291338205337524,0.17,0.09999999999999998
1775609822.866144,-1.0582949871327427,-0.862949818620938,-1.6606276149126682,0.6386676529482229,1.5051498337615568,0.2584306648479449,-2.618244767189026,0.17,0.09999999999999998
1775609822.9661543,-1.0582949871327427,-0.862949818620938,-1.6606276149126682,0.623071732822686,1.4960700010692067,0.2226351789479817,-2.611972689628601,0.17,0.09999999999999998
1775609823.0660872,-1.0582949871327427,-0.862949818620938,-1.6606276149126682,0.6108962749723225,1.4889126707852034,0.14655410174843359,-2.6076630353927612,0.17,0.09999999999999998
1775609823.1661606,-1.0582949871327427,-0.862949818620938,-1.6606276149126682,0.5958076621066023,1.4799191583783324,0.15332762156319393,-2.599061369895935,0.17,0.09999999999999998
1775609823.2661197,-1.0582949871327427,-0.862949818620938,-1.6606276149126682,0.5801296313762625,1.47028651384617,0.22039138395108407,-2.5859612226486206,0.17,0.09999999999999998
1775609823.3661091,-1.0582949871327427,-0.862949818620938,-1.6606276149126682,0.5681070031565196,1.4627317264146222,0.1469418372063958,-2.5747662782669067,0.17,0.09999999999999998
1775609823.4660823,-1.0582949871327427,-0.862949818620938,-1.6606276149126682,0.5528395731104482,1.4529681122554494,0.1439259733511336,-2.5689514875411987,0.17,0.09999999999999998
1775609823.5661378,-1.0582949871327427,-0.862949818620938,-1.6606276149126682,0.5377996119021355,1.4431324899760343,0.2199677579072151,-2.5584646463394165,0.17,0.09999999999999998
1775609823.6661215,-1.0582949871327427,-0.862949818620938,-1.6606276149126682,0.5256109656044705,1.434996093559838,0.14555011187204947,-2.5472782850265503,0.17,0.049999999999999975
1775609823.7661684,-1.0582949871327427,-0.862949818620938,-1.6606276149126682,0.5108515063868577,1.4250128501693775,0.13882495638373696,-2.544841170310974,0.17,-2.7755575615628914e-17
1775609823.8661609,-1.0582949871327427,-0.862949818620938,-1.6606276149126682,0.49591754975043717,1.4148810290758613,0.21669476792351808,-2.5451711416244507,0.17,-2.7755575615628914e-17
1775609823.9661496,-1.0816252272893485,-1.1325379158270976,-1.5250656960765092,0.48402703570395683,1.4068002771487165,0.1470228350708546,-2.5460275411605835,0.17,-2.7755575615628914e-17
1775609824.0661092,-1.0816252272893485,-1.1325379158270976,-1.5250656960765092,0.46907194093049276,1.3966996900123951,0.14554178602439574,-2.5487135648727417,0.17,-2.7755575615628914e-17
1775609824.1661868,-1.0816252272893485,-1.1325379158270976,-1.5250656960765092,0.45426153439389483,1.3867467442148858,0.1543080622615944,-2.5524905920028687,0.17,-2.7755575615628914e-17
1775609824.2661278,-1.0816252272893485,-1.1325379158270976,-1.5250656960765092,0.4395087176685136,1.376889714642068,0.2183853562545622,-2.552960991859436,0.17,-2.7755575615628914e-17
1775609824.3662498,-1.0816252272893485,-1.1325379158270976,-1.5250656960765092,0.42477124592828097,1.36710096446251,0.212218879948831,-2.5559486150741577,0.17,-2.7755575615628914e-17
1775609824.4661376,-1.0816252272893485,-1.1325379158270976,-1.5250656960765092,0.41329042540287775,1.3594998810985819,0.14169080161186776,-2.5572885274887085,0.17,-2.7755575615628914e-17
1775609824.5661323,-1.0816252272893485,-1.1325379158270976,-1.5250656960765092,0.39897293851502996,1.350039583309032,0.1352874211377843,-2.5594722032546997,0.17,-2.7755575615628914e-17
1775609824.666115,-1.0816252272893485,-1.1325379158270976,-1.5250656960765092,0.38393288752696714,1.3401578223903463,0.14942758805185877,-2.5602766275405884,0.17,-2.7755575615628914e-17
1775609824.7661574,-1.0816252272893485,-1.1325379158270976,-1.5250656960765092,0.3690099742016654,1.3303743589838497,0.2148965525770099,-2.561846613883972,0.17,-2.7755575615628914e-17
1775609824.8661494,-1.0816252272893485,-1.1325379158270976,-1.5250656960765092,0.35427750391895524,1.3207621370810945,0.2178585267034782,-2.565344452857971,0.17,-2.7755575615628914e-17
1775609824.9661078,-1.0816252272893485,-1.1325379158270976,-1.5250656960765092,0.34223114945581323,1.3129620810159897,0.1406028842030914,-2.569654107093811,0.17,-2.7755575615628914e-17
1775609825.0661378,-1.0816252272893485,-1.1325379158270976,-1.5250656960765092,0.32673496206366026,1.3030393784603984,0.17265319645965796,-2.57217800617218,0.17,-2.7755575615628914e-17
1775609825.1661043,-1.0816252272893485,-1.1325379158270976,-1.5250656960765092,0.3116557882857918,1.2934041808124497,0.22000627694510427,-2.575184464454651,0.17,-2.7755575615628914e-17
1775609825.2661095,-1.0816252272893485,-1.1325379158270976,-1.5250656960765092,0.2995208544410556,1.285695342120506,0.1379438511804544,-2.577548623085022,0.17,-2.7755575615628914e-17
1775609825.3661296,-1.0816252272893485,-1.1325379158270976,-1.5250656960765092,0.28417471686637813,1.276055897235418,0.1595653541076556,-2.58209764957428,0.17,-2.7755575615628914e-17
1775609825.4661212,-1.0816252272893485,-1.1325379158270976,-1.5250656960765092,0.2689479209328762,1.2665597228375463,0.21882440253564203,-2.5861271619796753,0.17,-2.7755575615628914e-17
1775609825.5661023,-1.0816252272893485,-1.1325379158270976,-1.5250656960765092,0.2568525178275022,1.2590737105891798,0.14655660996606,-2.5905994176864624,0.17,-2.7755575615628914e-17
1775609825.666094,-1.0816252272893485,-1.1325379158270976,-1.5250656960765092,0.2418320400753869,1.2498695298781903,0.13460766365784063,-2.5933295488357544,0.17,-2.7755575615628914e-17
1775609825.7661061,-1.0860382804805127,-1.4276315588573016,-1.594483323799341,0.2266111229505218,1.2406050569679925,0.14997393548741686,-2.5958467721939087,0.17,-2.7755575615628914e-17
1775609825.8661177,-1.0860382804805127,-1.4276315588573016,-1.594483323799341,0.2109578702474773,1.2311260375706428,0.22152264090254795,-2.5989426374435425,0.17,-2.7755575615628914e-17
1775609825.966169,-1.0860382804805127,-1.4276315588573016,-1.594483323799341,0.19870432790360626,1.2237533870900974,0.14554052481767824,-2.601824402809143,0.17,-2.7755575615628914e-17
1775609826.066434,-1.0860382804805127,-1.4276315588573016,-1.594483323799341,0.1833357079672796,1.2145869310478314,0.15062742354963857,-2.6057032346725464,0.17,0.049999999999999975
1775609826.1661634,-1.0860382804805127,-1.4276315588573016,-1.594483323799341,0.16783566198609476,1.2054436045440573,0.21808355105840116,-2.61078941822052,0.17,0.09999999999999998
1775609826.2662442,-1.0860382804805127,-1.4276315588573016,-1.594483323799341,0.15549073783984158,1.1981749908583963,0.1478186773624733,-2.609075903892517,0.17,0.14999999999999997
1775609826.366223,-1.0860382804805127,-1.4276315588573016,-1.594483323799341,0.14034664770517158,1.1892253170810603,0.13998544059421644,-2.6034473180770874,0.17,0.24999999999999994
1775609826.4662046,-1.0860382804805127,-1.4276315588573016,-1.594483323799341,0.12509740881433346,1.180056613301939,0.13691618322855464,-2.595742344856262,0.17,0.24999999999999994
1775609826.5663047,-1.0860382804805127,-1.4276315588573016,-1.594483323799341,0.10954494374820332,1.1703179873231715,0.2195516998215514,-2.571813225746155,0.17,0.3499999999999999
1775609826.6661215,-1.0860382804805127,-1.4276315588573016,-1.594483323799341,0.09468950193132959,1.1604787392820621,0.21478020267399203,-2.5467509031295776,0.17,0.3999999999999999
1775609826.7660975,-1.0860382804805127,-1.4276315588573016,-1.594483323799341,0.08325754146899525,1.1525356415526196,0.14318565772440212,-2.5205479860305786,0.17,0.4499999999999999
1775609826.8661168,-1.0860382804805127,-1.4276315588573016,-1.594483323799341,0.06937275047223959,1.1423234038195091,0.13683531053332973,-2.485061526298523,0.17,0.4999999999999999
1775609826.9662254,-1.0860382804805127,-1.4276315588573016,-1.594483323799341,0.05551239914972919,1.13132864585301,0.1443410851300723,-2.453494906425476,0.17,0.5499999999999999
1775609827.0662632,-1.0860382804805127,-1.4276315588573016,-1.594483323799341,0.04218261730039088,1.1198126430859763,0.21362524347100076,-2.4129596948623657,0.17,0.6
1775609827.166177,-1.0860382804805127,-1.4276315588573016,-1.594483323799341,0.032414825776473644,1.1107673432074767,0.1333478041142422,-2.370492100715637,0.17,0.65
1775609827.266188,-1.0860382804805127,-1.4276315588573016,-1.594483323799341,0.020617391496155255,1.0988705672927306,0.13319091496870689,-2.3217718601226807,0.17,0.7
1775609827.366238,-1.0649673126426222,-1.7223953217890877,-1.2689893229700355,0.009128164540101508,1.0860908375604004,0.13647068851313054,-2.278407573699951,0.17,0.75
1775609827.4661686,-1.0649673126426222,-1.7223953217890877,-1.2689893229700355,-0.0012035952652648067,1.0732244923459062,0.19374169490991264,-2.22527277469635,0.17,0.7999999999999999
1775609827.5661564,-1.0649673126426222,-1.7223953217890877,-1.2689893229700355,-0.01060756686754612,1.0600989514729648,0.18764460034658706,-2.168916344642639,0.17,0.85
1775609827.666203,-1.0649673126426222,-1.7223953217890877,-1.2689893229700355,-0.01782916178318457,1.048915495093492,0.13351245372035703,-2.1204229593276978,0.17,0.8999999999999999
1775609827.7663105,-1.0447579592116905,-1.7672941628089665,-1.0407187787494152,-0.02585293992873022,1.0346420638442766,0.19277741459894865,-2.058625340461731,0.17,0.95
1775609827.866173,-1.0447579592116905,-1.7672941628089665,-1.0407187787494152,-0.03261418821777982,1.020651264503712,0.1910737935735417,-1.9947824478149412,0.17,0.9999999999999999
1775609827.9661527,-1.0447579592116905,-1.7672941628089665,-1.0407187787494152,-0.03757051397318252,1.0088432430194647,0.127469899765821,-1.9406627416610718,0.17,1.0499999999999998
1775609828.0662138,-1.0447579592116905,-1.7672941628089665,-1.0407187787494152,-0.04264525084665078,0.9939960854859028,0.1883469609715677,-1.873092174530029,0.17,1.0999999999999999
1775609828.166265,-1.0038981737990467,-1.8243555004573715,-0.8090967311350398,-0.046547114126038645,0.9794788268388952,0.17834322881681466,-1.8055192232131956,0.17,1.15
1775609828.2660975,-1.0038981737990467,-1.8243555004573715,-0.8090967311350398,-0.048966348401333286,0.9677300297334629,0.11583301773692135,-1.7328490018844602,0.17,1.2
1775609828.3661172,-1.0038981737990467,-1.8243555004573715,-0.8090967311350398,-0.05095623097156629,0.9529571649342042,0.12040734271747731,-1.6710299253463745,0.17,1.2
1775609828.4661582,-1.0038981737990467,-1.8243555004573715,-0.8090967311350398,-0.051736169951987154,0.93837648618558,0.17519426285147227,-1.5919827222824097,0.17,1.2
1775609828.5661652,-0.9559805333938791,-1.8433783243289608,-0.5218602890578877,-0.05154732095270963,0.9264085998872663,0.11999686632756511,-1.5089629888534546,0.17,1.2
1775609828.6661363,-0.9559805333938791,-1.8433783243289608,-0.5218602890578877,-0.05018924611392407,0.9115645731761668,0.11733204118328402,-1.4423828125000002,0.17,1.2
1775609828.7660718,-0.9559805333938791,-1.8433783243289608,-0.5218602890578877,-0.04761201846623722,0.8971152565813866,0.17548574564095779,-1.3621410131454468,0.17,1.2
1775609828.8661056,-0.9559805333938791,-1.8433783243289608,-0.5218602890578877,-0.044770124042711856,0.8857487101522713,0.11628981880833592,-1.2808914780616758,0.17,1.2
1775609828.9663336,-0.9216661004892633,-1.854019480026037,-0.229574606411928,-0.04010583779841506,0.8716443864158054,0.13699301052612525,-1.21699059009552,0.17,1.15
1775609829.0661747,-0.9216661004892633,-1.854019480026037,-0.229574606411928,-0.03449042026975446,0.8583851627613583,0.23132104127541672,-1.1409965753555298,0.17,1.0999999999999999
1775609829.1661005,-0.9216661004892633,-1.854019480026037,-0.229574606411928,-0.029281283362088958,0.8480031493969803,0.12160731902503694,-1.0659072399139404,0.17,1.0499999999999998
1775609829.2661123,-0.9216661004892633,-1.854019480026037,-0.229574606411928,-0.02177759658782952,0.8352403005671224,0.1255600322292704,-1.0081299543380737,0.17,0.9499999999999998
1775609829.3660548,-0.8611182080967917,-1.8401313411846656,0.060945453479060045,-0.013141707481856741,0.8228128657451481,0.18166500895157575,-0.9355227947235107,0.17,0.8999999999999999
1775609829.4662406,-0.8611182080967917,-1.8401313411846656,0.060945453479060045,-0.005395817559161129,0.8129678463277665,0.12711045413219432,-0.8660368323326111,0.17,0.8499999999999999
1775609829.566124,-0.8611182080967917,-1.8401313411846656,0.060945453479060045,0.005187631707718398,0.8011785016987015,0.12758495873711237,-0.8085918128490448,0.17,0.7999999999999999
1775609829.6661863,-0.8611182080967917,-1.8401313411846656,0.060945453479060045,0.01684608173145181,0.7898985837545978,0.19540149618032696,-0.7433785498142241,0.0,0.0
1775609829.7661345,-0.8173506768902905,-1.842255078024521,0.30005685144977845,0.02598026198046524,0.7818895627921255,0.11307054508812102,-0.6925839185714722,0.0,0.0
1775609829.8661783,-0.8173506768902905,-1.842255078024521,0.30005685144977845,0.031066171252065546,0.7777134463412809,0.02939118697630606,-0.6816741526126862,0.0,0.0
1775609829.9661062,-0.8173506768902905,-1.842255078024521,0.30005685144977845,0.031734705262537355,0.7771715685797748,0.004559279904781815,-0.6808535158634185,0.0,0.0
1775609830.0660994,-0.8173506768902905,-1.842255078024521,0.30005685144977845,0.031734705262537355,0.7771715685797748,0.0,-0.6808718740940094,0.0,0.0
1775609830.1662083,-0.8173506768902905,-1.842255078024521,0.30005685144977845,0.031734705262537355,0.7771715685797748,0.0,-0.680862456560135,0.0,0.0
1775609830.2661622,-0.8173506768902905,-1.842255078024521,0.30005685144977845,0.031734705262537355,0.7771715685797748,0.0,-0.6808618307113649,0.0,0.0
1775609830.3662162,-0.8173506768902905,-1.842255078024521,0.30005685144977845,0.031734705262537355,0.7771715685797748,0.0,-0.6808505952358246,0.0,0.0
1775609830.4661727,-0.8173506768902905,-1.842255078024521,0.30005685144977845,0.031734705262537355,0.7771715685797748,0.0,-0.6808428168296813,0.0,0.0
1775609830.566103,-0.8173506768902905,-1.842255078024521,0.30005685144977845,0.031734705262537355,0.7771715685797748,0.0,-0.6808826923370361,0.0,0.0
1775609830.6660917,-0.8173506768902905,-1.842255078024521,0.30005685144977845,0.031734705262537355,0.7771715685797748,0.0,-0.6808587014675141,0.0,0.0
1775609830.7661643,-0.8173506768902905,-1.842255078024521,0.30005685144977845,0.031734705262537355,0.7771715685797748,0.0,-0.6808590888977051,0.0,0.0
1775609830.8661685,-0.8173506768902905,-1.842255078024521,0.30005685144977845,0.031734705262537355,0.7771715685797748,0.0,-0.6808691620826721,0.0,0.0
1775609830.9661996,-0.8173506768902905,-1.842255078024521,0.30005685144977845,0.031734705262537355,0.7771715685797748,0.0,-0.6808781623840332,0.0,0.0
1775609831.0661848,-0.8173506768902905,-1.842255078024521,0.30005685144977845,0.031734705262537355,0.7771715685797748,0.0,-0.6808837652206421,0.0,0.0
1775609831.1661754,-0.8173506768902905,-1.842255078024521,0.30005685144977845,0.031734705262537355,0.7771715685797748,0.0,-0.6808547079563141,0.0,0.0
1775609831.2661524,-0.8173506768902905,-1.842255078024521,0.30005685144977845,0.031734705262537355,0.7771715685797748,0.0,-0.6808916628360748,0.0,0.0
1775609831.3661077,-0.8173506768902905,-1.842255078024521,0.30005685144977845,0.031734705262537355,0.7771715685797748,0.0,-0.6808843016624451,0.0,0.0
1775609831.4661214,-0.8173506768902905,-1.842255078024521,0.30005685144977845,0.031734705262537355,0.7771715685797748,0.0,-0.6808845102787017,0.0,0.0
1775609831.5660977,-0.8173506768902905,-1.842255078024521,0.30005685144977845,0.031734705262537355,0.7771715685797748,0.0,-0.6808858811855316,0.0,0.0
1775609831.6661215,-0.8173506768902905,-1.842255078024521,0.30005685144977845,0.031734705262537355,0.7771715685797748,0.0,-0.6808781027793884,0.0,0.0
1775609831.7661684,-0.8173506768902905,-1.842255078024521,0.30005685144977845,0.031734705262537355,0.7771715685797748,0.0,-0.6808614730834961,0.0,0.0
1775609831.8662324,-0.8173506768902905,-1.842255078024521,0.30005685144977845,0.031734705262537355,0.7771715685797748,0.0,-0.680860847234726,0.0,0.0
1775609831.9661303,-0.8173506768902905,-1.842255078024521,0.30005685144977845,0.031734705262537355,0.7771715685797748,0.0,-0.6808558702468872,0.0,0.0
1775609832.0661907,-0.8173506768902905,-1.842255078024521,0.30005685144977845,0.031734705262537355,0.7771715685797748,0.0,-0.6808592379093171,0.0,0.0
1775609832.166131,-0.8173506768902905,-1.842255078024521,0.30005685144977845,0.031734705262537355,0.7771715685797748,0.0,-0.6808430254459382,0.0,0.0
1775609832.2661119,-0.8173506768902905,-1.842255078024521,0.30005685144977845,0.031734705262537355,0.7771715685797748,0.0,-0.6808782219886779,0.0,0.0
1775609832.3660922,-0.8173506768902905,-1.842255078024521,0.30005685144977845,0.031734705262537355,0.7771715685797748,0.0,-0.6809144318103791,0.0,0.0
1775609832.4661942,-0.8173506768902905,-1.842255078024521,0.30005685144977845,0.031734705262537355,0.7771715685797748,0.0,-0.6808869242668151,0.0,0.0
1775609832.5662117,-0.8173506768902905,-1.842255078024521,0.30005685144977845,0.031734705262537355,0.7771715685797748,0.0,-0.6808896958827971,0.0,0.0
1775609832.6661658,-0.8173506768902905,-1.842255078024521,0.30005685144977845,0.031734705262537355,0.7771715685797748,0.0,-0.6808841526508331,0.0,0.0
1775609832.7661664,-0.8173506768902905,-1.842255078024521,0.30005685144977845,0.031734705262537355,0.7771715685797748,0.0,-0.6809112727642059,0.0,0.0
1775609832.8661246,-0.8173506768902905,-1.842255078024521,0.30005685144977845,0.031734705262537355,0.7771715685797748,0.0,-0.6808686256408693,0.0,0.0
1775609832.966187,-0.8173506768902905,-1.842255078024521,0.30005685144977845,0.031734705262537355,0.7771715685797748,0.0,-0.6808721125125885,0.0,0.0
1775609833.0661829,-0.8173506768902905,-1.842255078024521,0.30005685144977845,0.031734705262537355,0.7771715685797748,0.0,-0.6808491349220276,0.0,0.0
1775609833.1661139,-0.8173506768902905,-1.842255078024521,0.30005685144977845,0.031734705262537355,0.7771715685797748,0.0,-0.6808714568614961,0.0,0.0
1775609833.266122,-0.8173506768902905,-1.842255078024521,0.30005685144977845,0.031734705262537355,0.7771715685797748,0.0,-0.6808776259422302,0.0,0.0
1775609833.3662133,-0.8173506768902905,-1.842255078024521,0.30005685144977845,0.031734705262537355,0.7771715685797748,0.0,-0.6808758080005647,0.0,0.0
1775609833.4662688,-0.8173506768902905,-1.842255078024521,0.30005685144977845,0.031734705262537355,0.7771715685797748,0.0,-0.6808570623397827,0.0,0.0
1775609833.5661516,-0.8173506768902905,-1.842255078024521,0.30005685144977845,0.031734705262537355,0.7771715685797748,0.0,-0.6808639168739319,0.0,0.0
1775609833.6661541,-0.8173506768902905,-1.842255078024521,0.30005685144977845,0.031734705262537355,0.7771715685797748,0.0,-0.6808314323425293,0.0,0.0
